subject_id,trial_id,window_index,time_s,split,provenance,biceps_rms,triceps_rms,ant_deltoid_rms,post_deltoid_rms,elbow_deg,shoulder_deg,intention,elbow_future_deg,shoulder_future_deg
DEMO_001,T01,0,0.0,train,synthetic_demo,0.6324420637616097,0.2537696545888377,0.47761734348014506,0.24768429058306324,60.0,32.384031969540736,flexion,62.61321158169134,33.600310232347006
DEMO_001,T01,1,0.1,train,synthetic_demo,0.5985850793308656,0.25608450643080294,0.507289612584097,0.2550647349128868,62.61321158169134,33.600310232347006,flexion,65.19779227044398,34.77714274283433
DEMO_001,T01,2,0.2,train,synthetic_demo,0.5992865784477055,0.26099963686001026,0.47869232131280476,0.2155594089026431,65.19779227044398,34.77714274283433,flexion,67.72542485937369,35.901635877749776
DEMO_001,T01,3,0.30000000000000004,train,synthetic_demo,0.5767744496676842,0.28318042287874007,0.45698660719307416,0.18894513656211948,67.72542485937369,35.901635877749776,flexion,70.168416076895,36.96146945499189
DEMO_001,T01,4,0.4,train,synthetic_demo,0.5594888064562353,0.28697307275678924,0.4395631769682448,0.2318444043525335,70.168416076895,36.96146945499189,flexion,72.5,37.945031716103976
DEMO_001,T01,5,0.5,train,synthetic_demo,0.5800200856835204,0.32785267724355566,0.4066692114006822,0.2842372911809982,72.5,37.945031716103976,flexion,74.69463130731182,38.84154654712965
DEMO_001,T01,6,0.6000000000000001,train,synthetic_demo,0.4921461871324032,0.2701155333674285,0.37260917601647947,0.28435108916845137,74.69463130731182,38.84154654712965,flexion,76.72826515897145,39.64119154397241
DEMO_001,T01,7,0.7000000000000001,train,synthetic_demo,0.5385483299830635,0.3038114040344428,0.3626332735031506,0.2610094786027706,76.72826515897145,39.64119154397241,flexion,78.57862063693486,40.33520562871037
DEMO_001,T01,8,0.8,train,synthetic_demo,0.462166569979904,0.24798283068119742,0.389830488236254,0.26773518874720953,78.57862063693486,40.33520562871037,flexion,80.22542485937369,40.91598503779936
DEMO_001,T01,9,0.9,train,synthetic_demo,0.4555824237600443,0.24201176803614446,0.320299235674367,0.287601148614688,80.22542485937369,40.91598503779936,flexion,81.65063509461096,41.3771666304975
DEMO_001,T01,10,1.0,train,synthetic_demo,0.4347857214732634,0.28918179434650915,0.40160327413486596,0.20849484950855668,81.65063509461096,41.3771666304975,flexion,82.83863644106502,41.71369760476672
DEMO_001,T01,11,1.1,train,synthetic_demo,0.4669999779989097,0.3742731012454102,0.35694446131811375,0.26599878131523846,82.83863644106502,41.71369760476672,flexion,83.77641290737884,41.921890856829314
DEMO_001,T01,12,1.2000000000000002,train,synthetic_demo,0.31585873261734776,0.29879831354522324,0.2593376310857602,0.2362922750681586,83.77641290737884,41.921890856829314,flexion,84.45369001834514,41.99946537784843
DEMO_001,T01,13,1.3,train,synthetic_demo,0.2892730039916319,0.27392536504870146,0.2941385061015449,0.21760461068547754,84.45369001834514,41.99946537784843,hold,84.86304738420684,41.94557124513828
DEMO_001,T01,14,1.4000000000000001,train,synthetic_demo,0.22440127456458267,0.22888783726028372,0.21283713366172274,0.2095134767332537,84.86304738420684,41.94557124513828,hold,85.0,41.7607989340949
DEMO_001,T01,15,1.5,train,synthetic_demo,0.18594078874466766,0.3092556131495214,0.22596092122598355,0.29314339607381773,85.0,41.7607989340949,hold,84.86304738420684,41.44717284882418
DEMO_001,T01,16,1.6,train,synthetic_demo,0.17530219255442464,0.31959937881503614,0.1857994894158142,0.28371474049510825,84.86304738420684,41.44717284882418,hold,84.45369001834514,41.00812914234682
DEMO_001,T01,17,1.7000000000000002,train,synthetic_demo,0.29680234381703274,0.3423837631685902,0.28592601360304676,0.3473454420063734,84.45369001834514,41.00812914234682,hold,83.77641290737884,40.44847806938679
DEMO_001,T01,18,1.8,train,synthetic_demo,0.21253897916467782,0.38800762356426904,0.29176866905881926,0.34742355629008415,83.77641290737884,40.44847806938679,extension,82.83863644106502,39.77435128421395
DEMO_001,T01,19,1.9000000000000001,train,synthetic_demo,0.2713533381070548,0.43209844594793867,0.24873370467304065,0.3908605805860114,82.83863644106502,39.77435128421395,extension,81.65063509461098,38.99313466095676
DEMO_001,T01,20,2.0,train,synthetic_demo,0.23095408742353007,0.4584004485711689,0.22348464447884425,0.3871382608339452,81.65063509461098,38.99313466095676,extension,80.22542485937369,38.113387372419716
DEMO_001,T01,21,2.1,train,synthetic_demo,0.18801400554119507,0.5670040600875353,0.26730751146190646,0.3432095197347423,80.22542485937369,38.113387372419716,extension,78.57862063693486,37.14474811399498
DEMO_001,T01,22,2.2,train,synthetic_demo,0.1547095888729768,0.5370970073985712,0.25083092366947257,0.4986648382366318,78.57862063693486,37.14474811399498,extension,76.72826515897145,36.097829500098655
DEMO_001,T01,23,2.3000000000000003,train,synthetic_demo,0.20451100560116658,0.6258948914033751,0.20951793044216174,0.40457420507537617,76.72826515897145,36.097829500098655,extension,74.69463130731182,34.98410179014638
DEMO_001,T01,24,2.4000000000000004,train,synthetic_demo,0.14939050785341385,0.6474314985539569,0.27987942401314175,0.44020128721251023,74.69463130731182,34.98410179014638,extension,72.5,33.815767217990924
DEMO_001,T01,25,2.5,train,synthetic_demo,0.2667693394001622,0.6824379721715685,0.24545240304963586,0.4799004347433316,72.5,33.815767217990924,extension,70.16841607689501,32.60562630169453
DEMO_001,T01,26,2.6,train,synthetic_demo,0.23495169630992244,0.7382670621404852,0.21865844085894603,0.3883627183722085,70.16841607689501,32.60562630169453,extension,67.72542485937369,31.366937598374406
DEMO_001,T01,27,2.7,train,synthetic_demo,0.2219096158214047,0.6945098775024604,0.24577563785655476,0.5308076248174938,67.72542485937369,31.366937598374406,extension,65.19779227044398,30.11327244067641
DEMO_001,T01,28,2.8000000000000003,train,synthetic_demo,0.17929401818931084,0.7555596746086076,0.2798322041686467,0.49021531276607966,65.19779227044398,30.11327244067641,extension,62.613211581691324,28.85836624641458
DEMO_001,T01,29,2.9000000000000004,train,synthetic_demo,0.2570412669385279,0.7205298969532411,0.22287400044855896,0.5093893084371705,62.613211581691324,28.85836624641458,extension,60.0,27.615968030459264
DEMO_001,T01,30,3.0,train,synthetic_demo,0.2431039821325685,0.787838921375584,0.25415697533775095,0.5261995958331415,60.0,27.615968030459264,extension,57.38678841830866,26.39968976765299
DEMO_001,T01,31,3.1,train,synthetic_demo,0.20802067225758505,0.6994610562371619,0.17542871820127376,0.42463041815814906,57.38678841830866,26.39968976765299,extension,54.802207729556024,25.22285725716567
DEMO_001,T01,32,3.2,train,synthetic_demo,0.24654110408060498,0.6775192637445752,0.23089409128754373,0.5282369573553221,54.802207729556024,25.22285725716567,extension,52.27457514062632,24.098364122250224
DEMO_001,T01,33,3.3000000000000003,train,synthetic_demo,0.24753133935441649,0.7786029674389205,0.2120221635531505,0.35735195179205215,52.27457514062632,24.098364122250224,extension,49.831583923104986,23.038530545008104
DEMO_001,T01,34,3.4000000000000004,train,synthetic_demo,0.27096681416609797,0.6485008503609052,0.2499091639892323,0.43773252308006216,49.831583923104986,23.038530545008104,extension,47.50000000000001,22.054968283896024
DEMO_001,T01,35,3.5,train,synthetic_demo,0.18468210693479276,0.7298552096083069,0.3009536536389102,0.4340025192597748,47.50000000000001,22.054968283896024,extension,45.30536869268818,21.158453452870347
DEMO_001,T01,36,3.6,train,synthetic_demo,0.21686130827331435,0.6551238363770452,0.20837005969180056,0.38895606321720877,45.30536869268818,21.158453452870347,extension,43.27173484102855,20.35880845602759
DEMO_001,T01,37,3.7,train,synthetic_demo,0.21422082123863134,0.5872939723686863,0.2764493604851264,0.3282617803181124,43.27173484102855,20.35880845602759,extension,41.42137936306515,19.66479437128963
DEMO_001,T01,38,3.8000000000000003,train,synthetic_demo,0.20202381719693763,0.5031009985777458,0.264115487763159,0.38349881134090946,41.42137936306515,19.66479437128963,extension,39.774575140626304,19.084014962200634
DEMO_001,T01,39,3.9000000000000004,train,synthetic_demo,0.23963871407912143,0.6454307125481074,0.2796195269960036,0.30253717793708285,39.774575140626304,19.084014962200634,extension,38.34936490538904,18.6228333695025
DEMO_001,T01,40,4.0,train,synthetic_demo,0.31111738861234073,0.4693723724178319,0.27433269003106775,0.33843683792456725,38.34936490538904,18.6228333695025,extension,37.16136355893498,18.286302395233275
DEMO_001,T01,41,4.1000000000000005,train,synthetic_demo,0.18710317571077617,0.506103414012202,0.2591376202704878,0.3085054510637676,37.16136355893498,18.286302395233275,extension,36.22358709262116,18.078109143170686
DEMO_001,T01,42,4.2,train,synthetic_demo,0.19424282649843572,0.4564235303444342,0.21659401142050225,0.2017821951757741,36.22358709262116,18.078109143170686,extension,35.54630998165486,18.00053462215157
DEMO_001,T01,43,4.3,train,synthetic_demo,0.26777292566131855,0.3478521948098912,0.24824479316232578,0.3065841492584192,35.54630998165486,18.00053462215157,hold,35.13695261579316,18.05442875486172
DEMO_001,T01,44,4.4,train,synthetic_demo,0.2576706785538458,0.33580642757610873,0.30764646484221836,0.21158724854379832,35.13695261579316,18.05442875486172,hold,35.0,18.2392010659051
DEMO_001,T01,45,4.5,train,synthetic_demo,0.24425158199098423,0.3028391155862552,0.3221836752777992,0.22990534069983215,35.0,18.2392010659051,hold,35.13695261579316,18.552827151175826
DEMO_001,T01,46,4.6000000000000005,train,synthetic_demo,0.12773092370706168,0.28349690446454334,0.3247719462534328,0.2241156763211887,35.13695261579316,18.552827151175826,hold,35.54630998165486,18.991870857653183
DEMO_001,T01,47,4.7,train,synthetic_demo,0.32667161709744497,0.27329092086959755,0.3520860688763181,0.1851243685873566,35.54630998165486,18.991870857653183,hold,36.223587092621166,19.55152193061322
DEMO_001,T01,48,4.800000000000001,train,synthetic_demo,0.288016211655049,0.27696007752745716,0.37072983669643095,0.24190598395478635,36.223587092621166,19.55152193061322,flexion,37.16136355893498,20.225648715786054
DEMO_001,T01,49,4.9,train,synthetic_demo,0.3832381575032545,0.2783922911801423,0.3911209184441221,0.2425720327988581,37.16136355893498,20.225648715786054,flexion,38.34936490538904,21.006865339043237
DEMO_001,T01,50,5.0,train,synthetic_demo,0.42296161701847385,0.2965206506065359,0.3920671123972016,0.26457392044302114,38.34936490538904,21.006865339043237,flexion,39.774575140626325,21.88661262758029
DEMO_001,T01,51,5.1000000000000005,train,synthetic_demo,0.470701133961762,0.26768038679277395,0.41188516459112506,0.24996995014980045,39.774575140626325,21.88661262758029,flexion,41.421379363065135,22.855251886005014
DEMO_001,T01,52,5.2,train,synthetic_demo,0.5105710920824893,0.2263671022681077,0.44713033089613485,0.2393160960321618,41.421379363065135,22.855251886005014,flexion,43.27173484102855,23.902170499901345
DEMO_001,T01,53,5.300000000000001,train,synthetic_demo,0.4862189672037705,0.24231624168969423,0.4049344128185789,0.1984405928329188,43.27173484102855,23.902170499901345,flexion,45.30536869268816,25.01589820985361
DEMO_001,T01,54,5.4,train,synthetic_demo,0.481384953627674,0.2424112899406717,0.4515661940293547,0.2181050696136747,45.30536869268816,25.01589820985361,flexion,47.499999999999986,26.184232782009072
DEMO_001,T01,55,5.5,train,synthetic_demo,0.5705703096669391,0.25742648331054885,0.4551359253560929,0.21178414588730107,47.499999999999986,26.184232782009072,flexion,49.831583923105,27.394373698305476
DEMO_001,T01,56,5.6000000000000005,train,synthetic_demo,0.5365907031906911,0.25712543313943764,0.48007522606365505,0.293853587182236,49.831583923105,27.394373698305476,flexion,52.27457514062633,28.633062401625605
DEMO_001,T01,57,5.7,train,synthetic_demo,0.6446010161781742,0.3157178865238004,0.5646211957682395,0.19445266633643174,52.27457514062633,28.633062401625605,flexion,54.802207729556045,29.886727559323603
DEMO_001,T01,58,5.800000000000001,train,synthetic_demo,0.6250855044754209,0.29062817403896357,0.5101102450341977,0.311483543432463,54.802207729556045,29.886727559323603,flexion,57.38678841830866,31.141633753585417
DEMO_001,T02,0,0.0,train,synthetic_demo,0.5708891911321421,0.28849912314555215,0.4858884258616616,0.19048042901042098,60.0,32.384031969540736,flexion,62.61321158169134,33.600310232347006
DEMO_001,T02,1,0.1,train,synthetic_demo,0.6036123421512986,0.27659159006645495,0.5148446808545912,0.23328127327589515,62.61321158169134,33.600310232347006,flexion,65.19779227044398,34.77714274283433
DEMO_001,T02,2,0.2,train,synthetic_demo,0.5921084529624335,0.2642085902054543,0.4791146689282459,0.19634039002017661,65.19779227044398,34.77714274283433,flexion,67.72542485937369,35.901635877749776
DEMO_001,T02,3,0.30000000000000004,train,synthetic_demo,0.6200715033838007,0.3406527361053997,0.4900505189333252,0.18636313540335495,67.72542485937369,35.901635877749776,flexion,70.168416076895,36.96146945499189
DEMO_001,T02,4,0.4,train,synthetic_demo,0.5795013596843545,0.20219433084950714,0.38367065870436823,0.2601238484008676,70.168416076895,36.96146945499189,flexion,72.5,37.945031716103976
DEMO_001,T02,5,0.5,train,synthetic_demo,0.5602735216202713,0.2399424598429481,0.3585701670855813,0.19263743146138101,72.5,37.945031716103976,flexion,74.69463130731182,38.84154654712965
DEMO_001,T02,6,0.6000000000000001,train,synthetic_demo,0.5408734976126014,0.26510759715538157,0.4376822124054247,0.29036887489457475,74.69463130731182,38.84154654712965,flexion,76.72826515897145,39.64119154397241
DEMO_001,T02,7,0.7000000000000001,train,synthetic_demo,0.49748704681752937,0.2804051670330584,0.3888039882522192,0.21967116547710336,76.72826515897145,39.64119154397241,flexion,78.57862063693486,40.33520562871037
DEMO_001,T02,8,0.8,train,synthetic_demo,0.4717643604248494,0.2976176789537115,0.3361070265101094,0.27698639111032264,78.57862063693486,40.33520562871037,flexion,80.22542485937369,40.91598503779936
DEMO_001,T02,9,0.9,train,synthetic_demo,0.5001327682592811,0.2652419671042436,0.3581249526079483,0.18763707696636706,80.22542485937369,40.91598503779936,flexion,81.65063509461096,41.3771666304975
DEMO_001,T02,10,1.0,train,synthetic_demo,0.4966163238642429,0.2982523160389487,0.33121084435859915,0.23906036882927628,81.65063509461096,41.3771666304975,flexion,82.83863644106502,41.71369760476672
DEMO_001,T02,11,1.1,train,synthetic_demo,0.39320297045423225,0.24119805884190232,0.3102141638591815,0.20472486000070614,82.83863644106502,41.71369760476672,flexion,83.77641290737884,41.921890856829314
DEMO_001,T02,12,1.2000000000000002,train,synthetic_demo,0.35649868678642094,0.24025385211224318,0.30617499780951823,0.23283713238922388,83.77641290737884,41.921890856829314,flexion,84.45369001834514,41.99946537784843
DEMO_001,T02,13,1.3,train,synthetic_demo,0.3088442780418644,0.3676224004276922,0.2772039458644641,0.24642306732232486,84.45369001834514,41.99946537784843,hold,84.86304738420684,41.94557124513828
DEMO_001,T02,14,1.4000000000000001,train,synthetic_demo,0.26044400839327303,0.22762064243985541,0.2846745799654355,0.31568395254564807,84.86304738420684,41.94557124513828,hold,85.0,41.7607989340949
DEMO_001,T02,15,1.5,train,synthetic_demo,0.22014591059648714,0.3226776200517014,0.24279711816427232,0.22208772579917985,85.0,41.7607989340949,hold,84.86304738420684,41.44717284882418
DEMO_001,T02,16,1.6,train,synthetic_demo,0.19503014125598103,0.2766668769774223,0.23711793928714917,0.33011552528670973,84.86304738420684,41.44717284882418,hold,84.45369001834514,41.00812914234682
DEMO_001,T02,17,1.7000000000000002,train,synthetic_demo,0.18537940636253447,0.35997912348582967,0.25370416341683777,0.30576255915784717,84.45369001834514,41.00812914234682,hold,83.77641290737884,40.44847806938679
DEMO_001,T02,18,1.8,train,synthetic_demo,0.18606731306931784,0.4138827606925434,0.2772597777108574,0.33251899478298114,83.77641290737884,40.44847806938679,extension,82.83863644106502,39.77435128421395
DEMO_001,T02,19,1.9000000000000001,train,synthetic_demo,0.19159477418464427,0.4523223451073946,0.2568750414866386,0.35556252126271815,82.83863644106502,39.77435128421395,extension,81.65063509461098,38.99313466095676
DEMO_001,T02,20,2.0,train,synthetic_demo,0.2061983093263986,0.49348910226389964,0.20872413431075482,0.3877837694819362,81.65063509461098,38.99313466095676,extension,80.22542485937369,38.113387372419716
DEMO_001,T02,21,2.1,train,synthetic_demo,0.19829180826819476,0.5987163019858174,0.2286205548835914,0.42770636070502766,80.22542485937369,38.113387372419716,extension,78.57862063693486,37.14474811399498
DEMO_001,T02,22,2.2,train,synthetic_demo,0.23117664081188077,0.5428205978620426,0.20301360105925556,0.4119118026275418,78.57862063693486,37.14474811399498,extension,76.72826515897145,36.097829500098655
DEMO_001,T02,23,2.3000000000000003,train,synthetic_demo,0.24108357546682416,0.5970587462322811,0.2237614357458969,0.3397057467417165,76.72826515897145,36.097829500098655,extension,74.69463130731182,34.98410179014638
DEMO_001,T02,24,2.4000000000000004,train,synthetic_demo,0.20400412014042033,0.659360308146508,0.2622908930235059,0.4677080176234725,74.69463130731182,34.98410179014638,extension,72.5,33.815767217990924
DEMO_001,T02,25,2.5,train,synthetic_demo,0.20641892443672868,0.6675625283024862,0.2758565090068362,0.4570466675413255,72.5,33.815767217990924,extension,70.16841607689501,32.60562630169453
DEMO_001,T02,26,2.6,train,synthetic_demo,0.13728696476162944,0.7337941780035517,0.20900802396372586,0.5165795496068926,70.16841607689501,32.60562630169453,extension,67.72542485937369,31.366937598374406
DEMO_001,T02,27,2.7,train,synthetic_demo,0.2771886252657095,0.7426038965762718,0.27837088965126944,0.5375800785347173,67.72542485937369,31.366937598374406,extension,65.19779227044398,30.11327244067641
DEMO_001,T02,28,2.8000000000000003,train,synthetic_demo,0.17931913066798594,0.7376765821528604,0.25509415484982056,0.4402407061470822,65.19779227044398,30.11327244067641,extension,62.613211581691324,28.85836624641458
DEMO_001,T02,29,2.9000000000000004,train,synthetic_demo,0.28830691738879094,0.7162483082606906,0.22113321944647246,0.48239490918996925,62.613211581691324,28.85836624641458,extension,60.0,27.615968030459264
DEMO_001,T02,30,3.0,train,synthetic_demo,0.2539825973087647,0.7181390577436487,0.225741984898999,0.4870187055428607,60.0,27.615968030459264,extension,57.38678841830866,26.39968976765299
DEMO_001,T02,31,3.1,train,synthetic_demo,0.16799697388483723,0.7095320801530746,0.21738861045209,0.4479777638446002,57.38678841830866,26.39968976765299,extension,54.802207729556024,25.22285725716567
DEMO_001,T02,32,3.2,train,synthetic_demo,0.2129141573696158,0.7933390627837328,0.27848447243084035,0.455290456378455,54.802207729556024,25.22285725716567,extension,52.27457514062632,24.098364122250224
DEMO_001,T02,33,3.3000000000000003,train,synthetic_demo,0.21002891518953598,0.7465208022342564,0.2617208376228448,0.4746433892715032,52.27457514062632,24.098364122250224,extension,49.831583923104986,23.038530545008104
DEMO_001,T02,34,3.4000000000000004,train,synthetic_demo,0.2662276091216334,0.6628073673848774,0.1678769165555729,0.4293711726744107,49.831583923104986,23.038530545008104,extension,47.50000000000001,22.054968283896024
DEMO_001,T02,35,3.5,train,synthetic_demo,0.22067462931191514,0.6855503123871491,0.22576800834245545,0.4065602633721951,47.50000000000001,22.054968283896024,extension,45.30536869268818,21.158453452870347
DEMO_001,T02,36,3.6,train,synthetic_demo,0.23744926578532766,0.6698630933280499,0.29331109961514834,0.3215035152426087,45.30536869268818,21.158453452870347,extension,43.27173484102855,20.35880845602759
DEMO_001,T02,37,3.7,train,synthetic_demo,0.1601904343637235,0.6682900641185913,0.26801378892940325,0.4059588498171064,43.27173484102855,20.35880845602759,extension,41.42137936306515,19.66479437128963
DEMO_001,T02,38,3.8000000000000003,train,synthetic_demo,0.20792427430403804,0.5653562833320841,0.2537199709251858,0.3246150569838874,41.42137936306515,19.66479437128963,extension,39.774575140626304,19.084014962200634
DEMO_001,T02,39,3.9000000000000004,train,synthetic_demo,0.16433782231960692,0.5044277344322888,0.25080525652356467,0.35780854718707505,39.774575140626304,19.084014962200634,extension,38.34936490538904,18.6228333695025
DEMO_001,T02,40,4.0,train,synthetic_demo,0.27568755864258765,0.5145972499880495,0.2632649353547283,0.3715123035629183,38.34936490538904,18.6228333695025,extension,37.16136355893498,18.286302395233275
DEMO_001,T02,41,4.1000000000000005,train,synthetic_demo,0.19071054147989366,0.4236910139833082,0.22789923214855695,0.2851541981632825,37.16136355893498,18.286302395233275,extension,36.22358709262116,18.078109143170686
DEMO_001,T02,42,4.2,train,synthetic_demo,0.2887067334246799,0.3986219458625046,0.2924758091266847,0.24750964349755103,36.22358709262116,18.078109143170686,extension,35.54630998165486,18.00053462215157
DEMO_001,T02,43,4.3,train,synthetic_demo,0.235093047675625,0.38663379486576416,0.26538017901051236,0.2655742852932115,35.54630998165486,18.00053462215157,hold,35.13695261579316,18.05442875486172
DEMO_001,T02,44,4.4,train,synthetic_demo,0.1937771010330589,0.36462676644440084,0.3045342129466679,0.21248429878875078,35.13695261579316,18.05442875486172,hold,35.0,18.2392010659051
DEMO_001,T02,45,4.5,train,synthetic_demo,0.23559519186722072,0.22643068927480617,0.2990654082187303,0.19606202903727254,35.0,18.2392010659051,hold,35.13695261579316,18.552827151175826
DEMO_001,T02,46,4.6000000000000005,train,synthetic_demo,0.2840332382565894,0.3677443012219129,0.37223067117460024,0.26262733247530373,35.13695261579316,18.552827151175826,hold,35.54630998165486,18.991870857653183
DEMO_001,T02,47,4.7,train,synthetic_demo,0.2678376622063016,0.27730034700966677,0.3864070812555643,0.23395664658237936,35.54630998165486,18.991870857653183,hold,36.223587092621166,19.55152193061322
DEMO_001,T02,48,4.800000000000001,train,synthetic_demo,0.3436172504575139,0.20468932278280613,0.33812812076785126,0.17235770954897123,36.223587092621166,19.55152193061322,flexion,37.16136355893498,20.225648715786054
DEMO_001,T02,49,4.9,train,synthetic_demo,0.444425373768931,0.280533441095048,0.41522280440459536,0.2299556002393904,37.16136355893498,20.225648715786054,flexion,38.34936490538904,21.006865339043237
DEMO_001,T02,50,5.0,train,synthetic_demo,0.3628743299744739,0.2701502957554662,0.3878041110009714,0.20310613100094374,38.34936490538904,21.006865339043237,flexion,39.774575140626325,21.88661262758029
DEMO_001,T02,51,5.1000000000000005,train,synthetic_demo,0.45036709904251626,0.2678349575978726,0.4221968347780648,0.2099506453544075,39.774575140626325,21.88661262758029,flexion,41.421379363065135,22.855251886005014
DEMO_001,T02,52,5.2,train,synthetic_demo,0.4458266623279115,0.2642125369170234,0.48774221972991866,0.18089919849050862,41.421379363065135,22.855251886005014,flexion,43.27173484102855,23.902170499901345
DEMO_001,T02,53,5.300000000000001,train,synthetic_demo,0.4863596553278198,0.25830877654218437,0.4536687293612116,0.216303332862249,43.27173484102855,23.902170499901345,flexion,45.30536869268816,25.01589820985361
DEMO_001,T02,54,5.4,train,synthetic_demo,0.6026943634744648,0.2779842857725285,0.43667729312953,0.17117547141837047,45.30536869268816,25.01589820985361,flexion,47.499999999999986,26.184232782009072
DEMO_001,T02,55,5.5,train,synthetic_demo,0.5515305581068339,0.31577272305477044,0.48739471969152404,0.15599036848334685,47.499999999999986,26.184232782009072,flexion,49.831583923105,27.394373698305476
DEMO_001,T02,56,5.6000000000000005,train,synthetic_demo,0.5280005433197993,0.26829341011858016,0.5249334989403825,0.24198765905081354,49.831583923105,27.394373698305476,flexion,52.27457514062633,28.633062401625605
DEMO_001,T02,57,5.7,train,synthetic_demo,0.596130974799768,0.30154618863914984,0.5358165780804307,0.213371484320483,52.27457514062633,28.633062401625605,flexion,54.802207729556045,29.886727559323603
DEMO_001,T02,58,5.800000000000001,train,synthetic_demo,0.6168626584717857,0.2304829040430385,0.45576274518503923,0.257641975287183,54.802207729556045,29.886727559323603,flexion,57.38678841830866,31.141633753585417
DEMO_001,T03,0,0.0,train,synthetic_demo,0.5698367262403963,0.2773198836193059,0.4841455834457362,0.28906216115160693,60.0,32.384031969540736,flexion,62.61321158169134,33.600310232347006
DEMO_001,T03,1,0.1,train,synthetic_demo,0.5819568616544828,0.22514059444989393,0.499594978668588,0.2070966257217062,62.61321158169134,33.600310232347006,flexion,65.19779227044398,34.77714274283433
DEMO_001,T03,2,0.2,train,synthetic_demo,0.5562306370499763,0.29584382805528836,0.4881237730967876,0.1281502660541709,65.19779227044398,34.77714274283433,flexion,67.72542485937369,35.901635877749776
DEMO_001,T03,3,0.30000000000000004,train,synthetic_demo,0.5586712379307132,0.2252100220358826,0.4841056614899269,0.28858975540380816,67.72542485937369,35.901635877749776,flexion,70.168416076895,36.96146945499189
DEMO_001,T03,4,0.4,train,synthetic_demo,0.6482275969021409,0.28870572805033123,0.40933266212713754,0.19745552348359108,70.168416076895,36.96146945499189,flexion,72.5,37.945031716103976
DEMO_001,T03,5,0.5,train,synthetic_demo,0.524210054690198,0.2811205244387489,0.4759205565456026,0.16992859126581442,72.5,37.945031716103976,flexion,74.69463130731182,38.84154654712965
DEMO_001,T03,6,0.6000000000000001,train,synthetic_demo,0.5565202061747138,0.29646627517720314,0.42460164080171325,0.3503181861528283,74.69463130731182,38.84154654712965,flexion,76.72826515897145,39.64119154397241
DEMO_001,T03,7,0.7000000000000001,train,synthetic_demo,0.5280947349663685,0.2651285307333963,0.4149951879212486,0.21800386614040437,76.72826515897145,39.64119154397241,flexion,78.57862063693486,40.33520562871037
DEMO_001,T03,8,0.8,train,synthetic_demo,0.44185776315081904,0.2787676284464767,0.4124785927174407,0.22882724370206162,78.57862063693486,40.33520562871037,flexion,80.22542485937369,40.91598503779936
DEMO_001,T03,9,0.9,train,synthetic_demo,0.4808279140515529,0.2508392368746253,0.40630150445630436,0.2445676899346582,80.22542485937369,40.91598503779936,flexion,81.65063509461096,41.3771666304975
DEMO_001,T03,10,1.0,train,synthetic_demo,0.43269859985852827,0.290807113428145,0.2778584571129019,0.23067559266145105,81.65063509461096,41.3771666304975,flexion,82.83863644106502,41.71369760476672
DEMO_001,T03,11,1.1,train,synthetic_demo,0.44183741436435797,0.2652685565264014,0.3493912384521088,0.2679932320967592,82.83863644106502,41.71369760476672,flexion,83.77641290737884,41.921890856829314
DEMO_001,T03,12,1.2000000000000002,train,synthetic_demo,0.27512198482403544,0.28874929005918815,0.23674177467738294,0.24619313634756812,83.77641290737884,41.921890856829314,flexion,84.45369001834514,41.99946537784843
DEMO_001,T03,13,1.3,train,synthetic_demo,0.2848921179540373,0.26475297769481454,0.2465750493408246,0.24554343347826982,84.45369001834514,41.99946537784843,hold,84.86304738420684,41.94557124513828
DEMO_001,T03,14,1.4000000000000001,train,synthetic_demo,0.2431994445332772,0.2167072277108767,0.21137843422481575,0.2916704785209776,84.86304738420684,41.94557124513828,hold,85.0,41.7607989340949
DEMO_001,T03,15,1.5,train,synthetic_demo,0.27825076201517823,0.2721313284036242,0.27620724828416937,0.3183345128443434,85.0,41.7607989340949,hold,84.86304738420684,41.44717284882418
DEMO_001,T03,16,1.6,train,synthetic_demo,0.170089652505766,0.24811881205993042,0.2449328659700049,0.24194029564318087,84.86304738420684,41.44717284882418,hold,84.45369001834514,41.00812914234682
DEMO_001,T03,17,1.7000000000000002,train,synthetic_demo,0.2083564943456272,0.31104987135903306,0.22488555812506772,0.3051270072826328,84.45369001834514,41.00812914234682,hold,83.77641290737884,40.44847806938679
DEMO_001,T03,18,1.8,train,synthetic_demo,0.23609339214415428,0.38817783976236175,0.20655547694795973,0.3553401540627626,83.77641290737884,40.44847806938679,extension,82.83863644106502,39.77435128421395
DEMO_001,T03,19,1.9000000000000001,train,synthetic_demo,0.3217449203488979,0.47451334189021677,0.17865442171898752,0.3777640987996714,82.83863644106502,39.77435128421395,extension,81.65063509461098,38.99313466095676
DEMO_001,T03,20,2.0,train,synthetic_demo,0.3078818852933663,0.5075034643335392,0.29155014653204936,0.43285156760125904,81.65063509461098,38.99313466095676,extension,80.22542485937369,38.113387372419716
DEMO_001,T03,21,2.1,train,synthetic_demo,0.2594865990868817,0.5800754974549713,0.25661957732650253,0.4052564016598896,80.22542485937369,38.113387372419716,extension,78.57862063693486,37.14474811399498
DEMO_001,T03,22,2.2,train,synthetic_demo,0.20814425974386686,0.5861612208215395,0.2616730341903112,0.3828552623666689,78.57862063693486,37.14474811399498,extension,76.72826515897145,36.097829500098655
DEMO_001,T03,23,2.3000000000000003,train,synthetic_demo,0.20807745562544602,0.6157024536455626,0.25050191052782156,0.4303744667797772,76.72826515897145,36.097829500098655,extension,74.69463130731182,34.98410179014638
DEMO_001,T03,24,2.4000000000000004,train,synthetic_demo,0.24611756504072324,0.6447838824935649,0.23358647508675667,0.40939615553886316,74.69463130731182,34.98410179014638,extension,72.5,33.815767217990924
DEMO_001,T03,25,2.5,train,synthetic_demo,0.19068451129592215,0.683549486901747,0.25089799029299475,0.3904418361384404,72.5,33.815767217990924,extension,70.16841607689501,32.60562630169453
DEMO_001,T03,26,2.6,train,synthetic_demo,0.25024410145481,0.6735025404941125,0.21515950176609816,0.5074593146921456,70.16841607689501,32.60562630169453,extension,67.72542485937369,31.366937598374406
DEMO_001,T03,27,2.7,train,synthetic_demo,0.25861076834467195,0.6910191789132942,0.2342802145682084,0.42971528796592645,67.72542485937369,31.366937598374406,extension,65.19779227044398,30.11327244067641
DEMO_001,T03,28,2.8000000000000003,train,synthetic_demo,0.24639142262835484,0.7604554844084084,0.23136839300358747,0.5227985011072412,65.19779227044398,30.11327244067641,extension,62.613211581691324,28.85836624641458
DEMO_001,T03,29,2.9000000000000004,train,synthetic_demo,0.2500438880409651,0.7322427190068487,0.27198230826266856,0.41511138158873045,62.613211581691324,28.85836624641458,extension,60.0,27.615968030459264
DEMO_001,T03,30,3.0,train,synthetic_demo,0.20869565533957654,0.7479836668405015,0.24636202832307785,0.5411230980314891,60.0,27.615968030459264,extension,57.38678841830866,26.39968976765299
DEMO_001,T03,31,3.1,train,synthetic_demo,0.2287621331195236,0.7493987110215145,0.20024710215736544,0.4566173995900969,57.38678841830866,26.39968976765299,extension,54.802207729556024,25.22285725716567
DEMO_001,T03,32,3.2,train,synthetic_demo,0.19047021300715708,0.8109985794993906,0.23217982836405132,0.4586735366668302,54.802207729556024,25.22285725716567,extension,52.27457514062632,24.098364122250224
DEMO_001,T03,33,3.3000000000000003,train,synthetic_demo,0.260446765187662,0.7389018039454204,0.19733097068835181,0.4657993032458033,52.27457514062632,24.098364122250224,extension,49.831583923104986,23.038530545008104
DEMO_001,T03,34,3.4000000000000004,train,synthetic_demo,0.24275442166072755,0.6917361790140628,0.26297717801040377,0.4337998464033525,49.831583923104986,23.038530545008104,extension,47.50000000000001,22.054968283896024
DEMO_001,T03,35,3.5,train,synthetic_demo,0.1694052396882547,0.6557905976023131,0.24745190634297132,0.3941765338433955,47.50000000000001,22.054968283896024,extension,45.30536869268818,21.158453452870347
DEMO_001,T03,36,3.6,train,synthetic_demo,0.2367600755649401,0.6834924687018311,0.2562965375583292,0.38427955977225625,45.30536869268818,21.158453452870347,extension,43.27173484102855,20.35880845602759
DEMO_001,T03,37,3.7,train,synthetic_demo,0.26559293934730155,0.621935557797328,0.2591001817333711,0.35146805061811937,43.27173484102855,20.35880845602759,extension,41.42137936306515,19.66479437128963
DEMO_001,T03,38,3.8000000000000003,train,synthetic_demo,0.21027579876995411,0.616885331237705,0.2727573320564741,0.35096020385463306,41.42137936306515,19.66479437128963,extension,39.774575140626304,19.084014962200634
DEMO_001,T03,39,3.9000000000000004,train,synthetic_demo,0.21818202677043405,0.5502617973978711,0.21378529247171715,0.3290205191005095,39.774575140626304,19.084014962200634,extension,38.34936490538904,18.6228333695025
DEMO_001,T03,40,4.0,train,synthetic_demo,0.19998875069899347,0.45308169397463,0.25205288626247463,0.30739446378558805,38.34936490538904,18.6228333695025,extension,37.16136355893498,18.286302395233275
DEMO_001,T03,41,4.1000000000000005,train,synthetic_demo,0.1666602692302568,0.42944095457558557,0.24367870719909362,0.18733518128613397,37.16136355893498,18.286302395233275,extension,36.22358709262116,18.078109143170686
DEMO_001,T03,42,4.2,train,synthetic_demo,0.22433359965082483,0.42016668411061725,0.26943828338063724,0.24321803913663595,36.22358709262116,18.078109143170686,extension,35.54630998165486,18.00053462215157
DEMO_001,T03,43,4.3,train,synthetic_demo,0.1680973918136462,0.38477776884108805,0.19860260763301055,0.25822079711971324,35.54630998165486,18.00053462215157,hold,35.13695261579316,18.05442875486172
DEMO_001,T03,44,4.4,train,synthetic_demo,0.19424382635252266,0.27823554946652995,0.2805012804768755,0.27632860950118765,35.13695261579316,18.05442875486172,hold,35.0,18.2392010659051
DEMO_001,T03,45,4.5,train,synthetic_demo,0.21240058008716928,0.2553904402959657,0.23664585324851853,0.26614233542347965,35.0,18.2392010659051,hold,35.13695261579316,18.552827151175826
DEMO_001,T03,46,4.6000000000000005,train,synthetic_demo,0.26144052132364554,0.25448236609553626,0.36654452474048516,0.18219005361457918,35.13695261579316,18.552827151175826,hold,35.54630998165486,18.991870857653183
DEMO_001,T03,47,4.7,train,synthetic_demo,0.2817766929709614,0.2641610733604729,0.33460343980249924,0.1517701786678396,35.54630998165486,18.991870857653183,hold,36.223587092621166,19.55152193061322
DEMO_001,T03,48,4.800000000000001,train,synthetic_demo,0.35131925864231445,0.26292381673269943,0.40344462016026295,0.3084453854133079,36.223587092621166,19.55152193061322,flexion,37.16136355893498,20.225648715786054
DEMO_001,T03,49,4.9,train,synthetic_demo,0.3708426787819946,0.27744785973389874,0.39871571746813955,0.24299260136596798,37.16136355893498,20.225648715786054,flexion,38.34936490538904,21.006865339043237
DEMO_001,T03,50,5.0,train,synthetic_demo,0.40915681837536483,0.2775215023665326,0.4495669516822293,0.20733278743904854,38.34936490538904,21.006865339043237,flexion,39.774575140626325,21.88661262758029
DEMO_001,T03,51,5.1000000000000005,train,synthetic_demo,0.5149602171991197,0.28171172493321306,0.4391183252569125,0.1583305309668915,39.774575140626325,21.88661262758029,flexion,41.421379363065135,22.855251886005014
DEMO_001,T03,52,5.2,train,synthetic_demo,0.4799601158672225,0.22983493146178652,0.46505845610621377,0.2704949965569596,41.421379363065135,22.855251886005014,flexion,43.27173484102855,23.902170499901345
DEMO_001,T03,53,5.300000000000001,train,synthetic_demo,0.5496068431620644,0.2581672061146383,0.4566136981989224,0.2523493221066301,43.27173484102855,23.902170499901345,flexion,45.30536869268816,25.01589820985361
DEMO_001,T03,54,5.4,train,synthetic_demo,0.4617642984092656,0.2488096384301659,0.4521684027656945,0.25527860180657963,45.30536869268816,25.01589820985361,flexion,47.499999999999986,26.184232782009072
DEMO_001,T03,55,5.5,train,synthetic_demo,0.5415476654958756,0.29002760781997117,0.4738986569216323,0.2669849731892191,47.499999999999986,26.184232782009072,flexion,49.831583923105,27.394373698305476
DEMO_001,T03,56,5.6000000000000005,train,synthetic_demo,0.6538353093956404,0.3185218978142243,0.5207160486355592,0.27711547477147175,49.831583923105,27.394373698305476,flexion,52.27457514062633,28.633062401625605
DEMO_001,T03,57,5.7,train,synthetic_demo,0.578097858676871,0.23701935006567584,0.46223993584327694,0.24390140087357992,52.27457514062633,28.633062401625605,flexion,54.802207729556045,29.886727559323603
DEMO_001,T03,58,5.800000000000001,train,synthetic_demo,0.6531000987702609,0.23846300619985714,0.5098460288121262,0.19339781270433085,54.802207729556045,29.886727559323603,flexion,57.38678841830866,31.141633753585417
DEMO_002,T01,0,0.0,train,synthetic_demo,0.8098383311677921,0.2632898064097459,0.5473937414126606,0.3274374318463437,60.0,32.384031969540736,flexion,62.61321158169134,33.600310232347006
DEMO_002,T01,1,0.1,train,synthetic_demo,0.7812782743203539,0.20480441475057898,0.5152670686131957,0.3162855645667933,62.61321158169134,33.600310232347006,flexion,65.19779227044398,34.77714274283433
DEMO_002,T01,2,0.2,train,synthetic_demo,0.8233604305148335,0.3007888559949039,0.5780709917291563,0.25301618152312977,65.19779227044398,34.77714274283433,flexion,67.72542485937369,35.901635877749776
DEMO_002,T01,3,0.30000000000000004,train,synthetic_demo,0.8150385696984046,0.29540569862552873,0.5389244619964588,0.1892883698676906,67.72542485937369,35.901635877749776,flexion,70.168416076895,36.96146945499189
DEMO_002,T01,4,0.4,train,synthetic_demo,0.782337146938827,0.29621729811931513,0.5665834561195257,0.2959897587131838,70.168416076895,36.96146945499189,flexion,72.5,37.945031716103976
DEMO_002,T01,5,0.5,train,synthetic_demo,0.6927391593106453,0.25995014704279523,0.4960571336840227,0.3001757550595252,72.5,37.945031716103976,flexion,74.69463130731182,38.84154654712965
DEMO_002,T01,6,0.6000000000000001,train,synthetic_demo,0.6754636401534917,0.2506832947207513,0.5147284332354123,0.28104923998957154,74.69463130731182,38.84154654712965,flexion,76.72826515897145,39.64119154397241
DEMO_002,T01,7,0.7000000000000001,train,synthetic_demo,0.6615822231397769,0.26939662681601523,0.48837735219743245,0.3284439246436921,76.72826515897145,39.64119154397241,flexion,78.57862063693486,40.33520562871037
DEMO_002,T01,8,0.8,train,synthetic_demo,0.5903818822669407,0.2853834359841591,0.38313019383608465,0.3543050322735173,78.57862063693486,40.33520562871037,flexion,80.22542485937369,40.91598503779936
DEMO_002,T01,9,0.9,train,synthetic_demo,0.6000650559103599,0.27825618574557187,0.37802797668609095,0.30844875440468944,80.22542485937369,40.91598503779936,flexion,81.65063509461096,41.3771666304975
DEMO_002,T01,10,1.0,train,synthetic_demo,0.5310577629872348,0.34205685932262087,0.3306063061345007,0.24618993740641643,81.65063509461096,41.3771666304975,flexion,82.83863644106502,41.71369760476672
DEMO_002,T01,11,1.1,train,synthetic_demo,0.5413534182045016,0.27316451008799675,0.38494209678519997,0.3201983037356853,82.83863644106502,41.71369760476672,flexion,83.77641290737884,41.921890856829314
DEMO_002,T01,12,1.2000000000000002,train,synthetic_demo,0.3944926349871996,0.2667311100385858,0.30854079628237935,0.28168738846241353,83.77641290737884,41.921890856829314,flexion,84.45369001834514,41.99946537784843
DEMO_002,T01,13,1.3,train,synthetic_demo,0.40093495598387485,0.26662643596081786,0.27506651093783596,0.3244548270981605,84.45369001834514,41.99946537784843,hold,84.86304738420684,41.94557124513828
DEMO_002,T01,14,1.4000000000000001,train,synthetic_demo,0.3841301074094986,0.26041220858837955,0.2673200041429126,0.31249797113147953,84.86304738420684,41.94557124513828,hold,85.0,41.7607989340949
DEMO_002,T01,15,1.5,train,synthetic_demo,0.23679134608158708,0.32089346449962997,0.29520367999239194,0.36514686094329035,85.0,41.7607989340949,hold,84.86304738420684,41.44717284882418
DEMO_002,T01,16,1.6,train,synthetic_demo,0.28017641206724114,0.37272496693930607,0.30915856293731003,0.41683217815564966,84.86304738420684,41.44717284882418,hold,84.45369001834514,41.00812914234682
DEMO_002,T01,17,1.7000000000000002,train,synthetic_demo,0.27808332209314723,0.40809714793876645,0.26183155940685543,0.39330993611915427,84.45369001834514,41.00812914234682,hold,83.77641290737884,40.44847806938679
DEMO_002,T01,18,1.8,train,synthetic_demo,0.31838777747315306,0.45017446173727327,0.27005983194112754,0.45284434945920016,83.77641290737884,40.44847806938679,extension,82.83863644106502,39.77435128421395
DEMO_002,T01,19,1.9000000000000001,train,synthetic_demo,0.30732879630045096,0.4725625675233931,0.25276958232494623,0.48222243026329725,82.83863644106502,39.77435128421395,extension,81.65063509461098,38.99313466095676
DEMO_002,T01,20,2.0,train,synthetic_demo,0.3024484639206486,0.5399855786695703,0.317294001114827,0.47754329542178875,81.65063509461098,38.99313466095676,extension,80.22542485937369,38.113387372419716
DEMO_002,T01,21,2.1,train,synthetic_demo,0.21643846847847092,0.5649828213456785,0.2238227298666267,0.5427298703612276,80.22542485937369,38.113387372419716,extension,78.57862063693486,37.14474811399498
DEMO_002,T01,22,2.2,train,synthetic_demo,0.3017186522070989,0.6391726202325596,0.1943234457173946,0.4702148440499154,78.57862063693486,37.14474811399498,extension,76.72826515897145,36.097829500098655
DEMO_002,T01,23,2.3000000000000003,train,synthetic_demo,0.27876024887445155,0.6110880531802629,0.30840186341867565,0.5350526721820058,76.72826515897145,36.097829500098655,extension,74.69463130731182,34.98410179014638
DEMO_002,T01,24,2.4000000000000004,train,synthetic_demo,0.27902729608359067,0.7053316573028299,0.24218382215593362,0.5161521926186124,74.69463130731182,34.98410179014638,extension,72.5,33.815767217990924
DEMO_002,T01,25,2.5,train,synthetic_demo,0.21758337357287477,0.7379323477416999,0.28965810132375197,0.5554688034390364,72.5,33.815767217990924,extension,70.16841607689501,32.60562630169453
DEMO_002,T01,26,2.6,train,synthetic_demo,0.2741476550015626,0.7288474531639507,0.2842130493264915,0.48610164786428167,70.16841607689501,32.60562630169453,extension,67.72542485937369,31.366937598374406
DEMO_002,T01,27,2.7,train,synthetic_demo,0.24538059060674536,0.758156078852061,0.2576419874434256,0.5845488342610807,67.72542485937369,31.366937598374406,extension,65.19779227044398,30.11327244067641
DEMO_002,T01,28,2.8000000000000003,train,synthetic_demo,0.27730201555022793,0.8006891127629135,0.3190411152185626,0.6268163937004723,65.19779227044398,30.11327244067641,extension,62.613211581691324,28.85836624641458
DEMO_002,T01,29,2.9000000000000004,train,synthetic_demo,0.30670249686661333,0.8474390979319603,0.335976512009925,0.5904577591011794,62.613211581691324,28.85836624641458,extension,60.0,27.615968030459264
DEMO_002,T01,30,3.0,train,synthetic_demo,0.23509563225793317,0.8417632983436254,0.2406169678549704,0.6382018116660892,60.0,27.615968030459264,extension,57.38678841830866,26.39968976765299
DEMO_002,T01,31,3.1,train,synthetic_demo,0.34441281426967574,0.7856001227320042,0.23694666379405077,0.5413702435472842,57.38678841830866,26.39968976765299,extension,54.802207729556024,25.22285725716567
DEMO_002,T01,32,3.2,train,synthetic_demo,0.28175838213741383,0.8400919893025433,0.23219906531846898,0.5857513880838343,54.802207729556024,25.22285725716567,extension,52.27457514062632,24.098364122250224
DEMO_002,T01,33,3.3000000000000003,train,synthetic_demo,0.21159823170558656,0.8236800350507683,0.2732703352796508,0.5483788223811442,52.27457514062632,24.098364122250224,extension,49.831583923104986,23.038530545008104
DEMO_002,T01,34,3.4000000000000004,train,synthetic_demo,0.28032180824024505,0.7945015201861008,0.2884349952580911,0.5842076645320102,49.831583923104986,23.038530545008104,extension,47.50000000000001,22.054968283896024
DEMO_002,T01,35,3.5,train,synthetic_demo,0.22186742128608672,0.7054332021816674,0.22832816458826471,0.5314117819926445,47.50000000000001,22.054968283896024,extension,45.30536869268818,21.158453452870347
DEMO_002,T01,36,3.6,train,synthetic_demo,0.22497098617841205,0.7926368429891144,0.27865273897735593,0.5278392085051243,45.30536869268818,21.158453452870347,extension,43.27173484102855,20.35880845602759
DEMO_002,T01,37,3.7,train,synthetic_demo,0.25021465498853757,0.6802666956894416,0.29728774297729316,0.4369901889768639,43.27173484102855,20.35880845602759,extension,41.42137936306515,19.66479437128963
DEMO_002,T01,38,3.8000000000000003,train,synthetic_demo,0.2760645902925197,0.6895261061786707,0.3197628588371303,0.4567273327057239,41.42137936306515,19.66479437128963,extension,39.774575140626304,19.084014962200634
DEMO_002,T01,39,3.9000000000000004,train,synthetic_demo,0.35303394181661807,0.5247360528674799,0.28563222088472845,0.39625602011676964,39.774575140626304,19.084014962200634,extension,38.34936490538904,18.6228333695025
DEMO_002,T01,40,4.0,train,synthetic_demo,0.33386696317871234,0.5861666963726704,0.3163694779777416,0.3605365989342721,38.34936490538904,18.6228333695025,extension,37.16136355893498,18.286302395233275
DEMO_002,T01,41,4.1000000000000005,train,synthetic_demo,0.3036910232032452,0.5367712548581978,0.32084520361672936,0.31981842694396706,37.16136355893498,18.286302395233275,extension,36.22358709262116,18.078109143170686
DEMO_002,T01,42,4.2,train,synthetic_demo,0.26012287941041035,0.45687586839909844,0.3242592665748211,0.3440791228266217,36.22358709262116,18.078109143170686,extension,35.54630998165486,18.00053462215157
DEMO_002,T01,43,4.3,train,synthetic_demo,0.33218936149336487,0.3275327413788588,0.2659317960357911,0.3095940933552444,35.54630998165486,18.00053462215157,hold,35.13695261579316,18.05442875486172
DEMO_002,T01,44,4.4,train,synthetic_demo,0.29347167008299385,0.2760672128099747,0.3401740264277742,0.3014895420645955,35.13695261579316,18.05442875486172,hold,35.0,18.2392010659051
DEMO_002,T01,45,4.5,train,synthetic_demo,0.2677082991430347,0.3299851579220629,0.2696360127918704,0.2715065391890555,35.0,18.2392010659051,hold,35.13695261579316,18.552827151175826
DEMO_002,T01,46,4.6000000000000005,train,synthetic_demo,0.36841931056379307,0.30122347654648807,0.35021381894192577,0.2840206819884508,35.13695261579316,18.552827151175826,hold,35.54630998165486,18.991870857653183
DEMO_002,T01,47,4.7,train,synthetic_demo,0.3821602202379212,0.318417189053151,0.37443933952073083,0.3131302060903753,35.54630998165486,18.991870857653183,hold,36.223587092621166,19.55152193061322
DEMO_002,T01,48,4.800000000000001,train,synthetic_demo,0.36897826848578463,0.3310934408189066,0.49635522660008,0.3068904293648207,36.223587092621166,19.55152193061322,flexion,37.16136355893498,20.225648715786054
DEMO_002,T01,49,4.9,train,synthetic_demo,0.48895816535268993,0.26933615046437687,0.45971931173836317,0.26664676188638525,37.16136355893498,20.225648715786054,flexion,38.34936490538904,21.006865339043237
DEMO_002,T01,50,5.0,train,synthetic_demo,0.5110131341648423,0.21355210702742414,0.466294666944692,0.2792239467918757,38.34936490538904,21.006865339043237,flexion,39.774575140626325,21.88661262758029
DEMO_002,T01,51,5.1000000000000005,train,synthetic_demo,0.5762915018159117,0.2879829171077287,0.45359719244407015,0.29596015589110497,39.774575140626325,21.88661262758029,flexion,41.421379363065135,22.855251886005014
DEMO_002,T01,52,5.2,train,synthetic_demo,0.588342137204448,0.28402511102413924,0.48688616200785234,0.22961249545904674,41.421379363065135,22.855251886005014,flexion,43.27173484102855,23.902170499901345
DEMO_002,T01,53,5.300000000000001,train,synthetic_demo,0.6215613330646251,0.2673265562346382,0.4929809404227146,0.29847480965160744,43.27173484102855,23.902170499901345,flexion,45.30536869268816,25.01589820985361
DEMO_002,T01,54,5.4,train,synthetic_demo,0.6834836864444633,0.2862730835931229,0.5116880025146323,0.19874811906426804,45.30536869268816,25.01589820985361,flexion,47.499999999999986,26.184232782009072
DEMO_002,T01,55,5.5,train,synthetic_demo,0.7224860099702264,0.25858780603396364,0.5309874552663206,0.2625901061255383,47.499999999999986,26.184232782009072,flexion,49.831583923105,27.394373698305476
DEMO_002,T01,56,5.6000000000000005,train,synthetic_demo,0.774048903521309,0.2864567794625037,0.5690960200214864,0.316751563936027,49.831583923105,27.394373698305476,flexion,52.27457514062633,28.633062401625605
DEMO_002,T01,57,5.7,train,synthetic_demo,0.7504458679778597,0.3165983193663271,0.5570909846781539,0.25237464951976013,52.27457514062633,28.633062401625605,flexion,54.802207729556045,29.886727559323603
DEMO_002,T01,58,5.800000000000001,train,synthetic_demo,0.7800699702269169,0.291356183329033,0.5953129472258183,0.2772030181378957,54.802207729556045,29.886727559323603,flexion,57.38678841830866,31.141633753585417
DEMO_002,T02,0,0.0,train,synthetic_demo,0.81583059494322,0.23712706017168295,0.5620540455687542,0.3377943945813004,60.0,32.384031969540736,flexion,62.61321158169134,33.600310232347006
DEMO_002,T02,1,0.1,train,synthetic_demo,0.7831150104404876,0.33733300105919084,0.5845266265071595,0.2874308736865944,62.61321158169134,33.600310232347006,flexion,65.19779227044398,34.77714274283433
DEMO_002,T02,2,0.2,train,synthetic_demo,0.7829614667587069,0.29440710533524267,0.5436827481755496,0.23489181095643644,65.19779227044398,34.77714274283433,flexion,67.72542485937369,35.901635877749776
DEMO_002,T02,3,0.30000000000000004,train,synthetic_demo,0.7652062304429328,0.22949985908768283,0.5031859590973323,0.28172366319581743,67.72542485937369,35.901635877749776,flexion,70.168416076895,36.96146945499189
DEMO_002,T02,4,0.4,train,synthetic_demo,0.6874901911232151,0.24383996271043634,0.48585907354515323,0.3650149287115846,70.168416076895,36.96146945499189,flexion,72.5,37.945031716103976
DEMO_002,T02,5,0.5,train,synthetic_demo,0.6782690823060149,0.2924230895222413,0.45058652075779526,0.2762763559738913,72.5,37.945031716103976,flexion,74.69463130731182,38.84154654712965
DEMO_002,T02,6,0.6000000000000001,train,synthetic_demo,0.7321395999767666,0.29893037315016274,0.4765699427617056,0.3065094056277757,74.69463130731182,38.84154654712965,flexion,76.72826515897145,39.64119154397241
DEMO_002,T02,7,0.7000000000000001,train,synthetic_demo,0.6841227935518546,0.21240891198774986,0.4529458866145901,0.28642487570739283,76.72826515897145,39.64119154397241,flexion,78.57862063693486,40.33520562871037
DEMO_002,T02,8,0.8,train,synthetic_demo,0.6400502036521847,0.3173369492271646,0.42995227793947344,0.31356690884612254,78.57862063693486,40.33520562871037,flexion,80.22542485937369,40.91598503779936
DEMO_002,T02,9,0.9,train,synthetic_demo,0.5435493263860278,0.3037369967498983,0.38601597466651655,0.28637558949363795,80.22542485937369,40.91598503779936,flexion,81.65063509461096,41.3771666304975
DEMO_002,T02,10,1.0,train,synthetic_demo,0.5851735356310289,0.27096027452441085,0.33969213017368277,0.24342797269828295,81.65063509461096,41.3771666304975,flexion,82.83863644106502,41.71369760476672
DEMO_002,T02,11,1.1,train,synthetic_demo,0.48164047308414454,0.32553777602588196,0.2768740153048604,0.2981954805130218,82.83863644106502,41.71369760476672,flexion,83.77641290737884,41.921890856829314
DEMO_002,T02,12,1.2000000000000002,train,synthetic_demo,0.35337919475047563,0.2639047002041277,0.3221269333379261,0.2705532560119124,83.77641290737884,41.921890856829314,flexion,84.45369001834514,41.99946537784843
DEMO_002,T02,13,1.3,train,synthetic_demo,0.3482629938137021,0.27517556966538403,0.312657821730983,0.34162057537679436,84.45369001834514,41.99946537784843,hold,84.86304738420684,41.94557124513828
DEMO_002,T02,14,1.4000000000000001,train,synthetic_demo,0.3904053567103955,0.31194385623457466,0.28805932436938814,0.35143986252382586,84.86304738420684,41.94557124513828,hold,85.0,41.7607989340949
DEMO_002,T02,15,1.5,train,synthetic_demo,0.24356319986299124,0.2541416647013551,0.3206435096474715,0.37686788545264294,85.0,41.7607989340949,hold,84.86304738420684,41.44717284882418
DEMO_002,T02,16,1.6,train,synthetic_demo,0.3146640969091442,0.35002721160340894,0.24656422863344912,0.338427610442249,84.86304738420684,41.44717284882418,hold,84.45369001834514,41.00812914234682
DEMO_002,T02,17,1.7000000000000002,train,synthetic_demo,0.3168678629128358,0.43376796965191705,0.2362224893114817,0.3787297499434595,84.45369001834514,41.00812914234682,hold,83.77641290737884,40.44847806938679
DEMO_002,T02,18,1.8,train,synthetic_demo,0.28043496083740577,0.4789059551092127,0.2635202044304412,0.4019041095278934,83.77641290737884,40.44847806938679,extension,82.83863644106502,39.77435128421395
DEMO_002,T02,19,1.9000000000000001,train,synthetic_demo,0.3186308839493829,0.5198672883556944,0.25114010201222453,0.43421454424371436,82.83863644106502,39.77435128421395,extension,81.65063509461098,38.99313466095676
DEMO_002,T02,20,2.0,train,synthetic_demo,0.3228853852742165,0.5024905199614036,0.2651883951832829,0.4967381844575836,81.65063509461098,38.99313466095676,extension,80.22542485937369,38.113387372419716
DEMO_002,T02,21,2.1,train,synthetic_demo,0.2897897377508925,0.6253686041018391,0.2155535734030152,0.5032498933040551,80.22542485937369,38.113387372419716,extension,78.57862063693486,37.14474811399498
DEMO_002,T02,22,2.2,train,synthetic_demo,0.29457689046236163,0.6466937370435072,0.2956310351211601,0.48107819163108284,78.57862063693486,37.14474811399498,extension,76.72826515897145,36.097829500098655
DEMO_002,T02,23,2.3000000000000003,train,synthetic_demo,0.3346162936800788,0.6892868232729479,0.2950611012955499,0.5184657170139949,76.72826515897145,36.097829500098655,extension,74.69463130731182,34.98410179014638
DEMO_002,T02,24,2.4000000000000004,train,synthetic_demo,0.2903624734449885,0.7541171449075695,0.27490776753168183,0.5595001239870447,74.69463130731182,34.98410179014638,extension,72.5,33.815767217990924
DEMO_002,T02,25,2.5,train,synthetic_demo,0.2951212854262433,0.679953609178631,0.2693994607108426,0.5880404651899027,72.5,33.815767217990924,extension,70.16841607689501,32.60562630169453
DEMO_002,T02,26,2.6,train,synthetic_demo,0.26693712877028425,0.7602746392399147,0.27429288612707503,0.516602931705027,70.16841607689501,32.60562630169453,extension,67.72542485937369,31.366937598374406
DEMO_002,T02,27,2.7,train,synthetic_demo,0.3121869936655038,0.73380905735701,0.2902324275199857,0.5722460679372519,67.72542485937369,31.366937598374406,extension,65.19779227044398,30.11327244067641
DEMO_002,T02,28,2.8000000000000003,train,synthetic_demo,0.27209688628609585,0.797585056137355,0.3018178337709255,0.6072638751160279,65.19779227044398,30.11327244067641,extension,62.613211581691324,28.85836624641458
DEMO_002,T02,29,2.9000000000000004,train,synthetic_demo,0.2689742740967151,0.7979818131358364,0.24535903153668454,0.5263405878220474,62.613211581691324,28.85836624641458,extension,60.0,27.615968030459264
DEMO_002,T02,30,3.0,train,synthetic_demo,0.31731909955774956,0.7681746674942018,0.24970353747476767,0.5863160574657684,60.0,27.615968030459264,extension,57.38678841830866,26.39968976765299
DEMO_002,T02,31,3.1,train,synthetic_demo,0.23686702963353626,0.8205413926714065,0.24590792146412999,0.5256981878878788,57.38678841830866,26.39968976765299,extension,54.802207729556024,25.22285725716567
DEMO_002,T02,32,3.2,train,synthetic_demo,0.26371286431551966,0.7654608039191413,0.28370101578861656,0.6045195707877971,54.802207729556024,25.22285725716567,extension,52.27457514062632,24.098364122250224
DEMO_002,T02,33,3.3000000000000003,train,synthetic_demo,0.3076282405735368,0.7974734820883783,0.2539030735714642,0.5329481674669366,52.27457514062632,24.098364122250224,extension,49.831583923104986,23.038530545008104
DEMO_002,T02,34,3.4000000000000004,train,synthetic_demo,0.28726908506159976,0.7590948631521945,0.2797999990325976,0.4823673112577959,49.831583923104986,23.038530545008104,extension,47.50000000000001,22.054968283896024
DEMO_002,T02,35,3.5,train,synthetic_demo,0.3449157444084102,0.6891333931089371,0.268965265877475,0.5338170901569872,47.50000000000001,22.054968283896024,extension,45.30536869268818,21.158453452870347
DEMO_002,T02,36,3.6,train,synthetic_demo,0.25646212462620127,0.742793165470743,0.22449087746715735,0.45744985521295395,45.30536869268818,21.158453452870347,extension,43.27173484102855,20.35880845602759
DEMO_002,T02,37,3.7,train,synthetic_demo,0.20009875038914868,0.7078747113094283,0.23190226449727924,0.43567090086782134,43.27173484102855,20.35880845602759,extension,41.42137936306515,19.66479437128963
DEMO_002,T02,38,3.8000000000000003,train,synthetic_demo,0.30895761637219327,0.6451062484114954,0.3106819342162439,0.4570805955591878,41.42137936306515,19.66479437128963,extension,39.774575140626304,19.084014962200634
DEMO_002,T02,39,3.9000000000000004,train,synthetic_demo,0.31315305497082047,0.5739185730745896,0.2703153360502194,0.433316146469751,39.774575140626304,19.084014962200634,extension,38.34936490538904,18.6228333695025
DEMO_002,T02,40,4.0,train,synthetic_demo,0.3082137074165921,0.5782527802063954,0.2464591830119566,0.3408782053480656,38.34936490538904,18.6228333695025,extension,37.16136355893498,18.286302395233275
DEMO_002,T02,41,4.1000000000000005,train,synthetic_demo,0.23792941599897108,0.48020377235693634,0.26970202475255906,0.30827875954443706,37.16136355893498,18.286302395233275,extension,36.22358709262116,18.078109143170686
DEMO_002,T02,42,4.2,train,synthetic_demo,0.2753913983281973,0.4681836046720344,0.30783994272093107,0.2996028051045139,36.22358709262116,18.078109143170686,extension,35.54630998165486,18.00053462215157
DEMO_002,T02,43,4.3,train,synthetic_demo,0.3016971864356285,0.3489822600071075,0.250119871576507,0.29364479518666153,35.54630998165486,18.00053462215157,hold,35.13695261579316,18.05442875486172
DEMO_002,T02,44,4.4,train,synthetic_demo,0.259217836504422,0.3127885247311921,0.3088092542112592,0.2524864420772557,35.13695261579316,18.05442875486172,hold,35.0,18.2392010659051
DEMO_002,T02,45,4.5,train,synthetic_demo,0.28568407132363827,0.28207680037341515,0.3457170438943914,0.3135639453234142,35.0,18.2392010659051,hold,35.13695261579316,18.552827151175826
DEMO_002,T02,46,4.6000000000000005,train,synthetic_demo,0.3398789440980761,0.2684001674791725,0.39106606872548466,0.293994318020073,35.13695261579316,18.552827151175826,hold,35.54630998165486,18.991870857653183
DEMO_002,T02,47,4.7,train,synthetic_demo,0.3572255125412105,0.2917872805020875,0.36133263638079277,0.1987034828293594,35.54630998165486,18.991870857653183,hold,36.223587092621166,19.55152193061322
DEMO_002,T02,48,4.800000000000001,train,synthetic_demo,0.40613610292621516,0.27247138431971396,0.39254087262135806,0.23323100189017665,36.223587092621166,19.55152193061322,flexion,37.16136355893498,20.225648715786054
DEMO_002,T02,49,4.9,train,synthetic_demo,0.4774101005304342,0.30066135074084255,0.3929912609229923,0.2960423772708107,37.16136355893498,20.225648715786054,flexion,38.34936490538904,21.006865339043237
DEMO_002,T02,50,5.0,train,synthetic_demo,0.4663918517830312,0.3033953126599899,0.43562717354003694,0.2401432162569921,38.34936490538904,21.006865339043237,flexion,39.774575140626325,21.88661262758029
DEMO_002,T02,51,5.1000000000000005,train,synthetic_demo,0.6209717474039835,0.301945096378115,0.5091968909264855,0.29783351530608076,39.774575140626325,21.88661262758029,flexion,41.421379363065135,22.855251886005014
DEMO_002,T02,52,5.2,train,synthetic_demo,0.6358499850480872,0.2722014328627152,0.5090513969226851,0.284016202197441,41.421379363065135,22.855251886005014,flexion,43.27173484102855,23.902170499901345
DEMO_002,T02,53,5.300000000000001,train,synthetic_demo,0.639178892665949,0.2789853677005903,0.46562376061565713,0.28600032250003987,43.27173484102855,23.902170499901345,flexion,45.30536869268816,25.01589820985361
DEMO_002,T02,54,5.4,train,synthetic_demo,0.710514573646868,0.289896691690164,0.5432847233201404,0.27604303250271717,45.30536869268816,25.01589820985361,flexion,47.499999999999986,26.184232782009072
DEMO_002,T02,55,5.5,train,synthetic_demo,0.7254292978405785,0.2865224699766403,0.6012970737326677,0.2415357563255473,47.499999999999986,26.184232782009072,flexion,49.831583923105,27.394373698305476
DEMO_002,T02,56,5.6000000000000005,train,synthetic_demo,0.8189044641671761,0.26016732837702805,0.5301118648203452,0.296574187487839,49.831583923105,27.394373698305476,flexion,52.27457514062633,28.633062401625605
DEMO_002,T02,57,5.7,train,synthetic_demo,0.7879590737796859,0.28464541157849604,0.5543379303666943,0.3353633642644913,52.27457514062633,28.633062401625605,flexion,54.802207729556045,29.886727559323603
DEMO_002,T02,58,5.800000000000001,train,synthetic_demo,0.8720627234362662,0.2999095542491915,0.5726852226162025,0.283598257215795,54.802207729556045,29.886727559323603,flexion,57.38678841830866,31.141633753585417
DEMO_002,T03,0,0.0,train,synthetic_demo,0.7007396384015305,0.364501032518016,0.580133448276599,0.3189481188728889,60.0,32.384031969540736,flexion,62.61321158169134,33.600310232347006
DEMO_002,T03,1,0.1,train,synthetic_demo,0.7579826633587625,0.2293539269787497,0.5277414485333385,0.2912768943246581,62.61321158169134,33.600310232347006,flexion,65.19779227044398,34.77714274283433
DEMO_002,T03,2,0.2,train,synthetic_demo,0.8069345450364599,0.28627094922089436,0.5703011234610025,0.2992635188824739,65.19779227044398,34.77714274283433,flexion,67.72542485937369,35.901635877749776
DEMO_002,T03,3,0.30000000000000004,train,synthetic_demo,0.7788415826490283,0.32617104239011235,0.48999148376182583,0.3005906577773864,67.72542485937369,35.901635877749776,flexion,70.168416076895,36.96146945499189
DEMO_002,T03,4,0.4,train,synthetic_demo,0.7297351332868774,0.26255342166418577,0.5500349636350871,0.32512045520405364,70.168416076895,36.96146945499189,flexion,72.5,37.945031716103976
DEMO_002,T03,5,0.5,train,synthetic_demo,0.7432546417059439,0.33129183816648644,0.49278526277938844,0.33419007726070876,72.5,37.945031716103976,flexion,74.69463130731182,38.84154654712965
DEMO_002,T03,6,0.6000000000000001,train,synthetic_demo,0.6663298044535394,0.2809901910155598,0.472932419698446,0.25258879718631666,74.69463130731182,38.84154654712965,flexion,76.72826515897145,39.64119154397241
DEMO_002,T03,7,0.7000000000000001,train,synthetic_demo,0.6387700973155954,0.24317864748288906,0.4609614959926095,0.27147085354197686,76.72826515897145,39.64119154397241,flexion,78.57862063693486,40.33520562871037
DEMO_002,T03,8,0.8,train,synthetic_demo,0.6335682018615388,0.3043233095111345,0.4080836606319352,0.28835242459609683,78.57862063693486,40.33520562871037,flexion,80.22542485937369,40.91598503779936
DEMO_002,T03,9,0.9,train,synthetic_demo,0.5874590961940425,0.3009301580261138,0.434394228919061,0.24961113028896287,80.22542485937369,40.91598503779936,flexion,81.65063509461096,41.3771666304975
DEMO_002,T03,10,1.0,train,synthetic_demo,0.5409566073761573,0.24483664438565647,0.41121894963849714,0.22440029401588235,81.65063509461096,41.3771666304975,flexion,82.83863644106502,41.71369760476672
DEMO_002,T03,11,1.1,train,synthetic_demo,0.4959253772869999,0.27187417420338333,0.3136091619831912,0.3122216679638955,82.83863644106502,41.71369760476672,flexion,83.77641290737884,41.921890856829314
DEMO_002,T03,12,1.2000000000000002,train,synthetic_demo,0.4585242115034475,0.25322255471256394,0.32094953819304683,0.2974766926044331,83.77641290737884,41.921890856829314,flexion,84.45369001834514,41.99946537784843
DEMO_002,T03,13,1.3,train,synthetic_demo,0.3627614225824756,0.23592462628915845,0.30344750434806084,0.3114812703680527,84.45369001834514,41.99946537784843,hold,84.86304738420684,41.94557124513828
DEMO_002,T03,14,1.4000000000000001,train,synthetic_demo,0.3534245175906419,0.26794589346927133,0.31525973515694056,0.43360898352540594,84.86304738420684,41.94557124513828,hold,85.0,41.7607989340949
DEMO_002,T03,15,1.5,train,synthetic_demo,0.28753985009423033,0.30430958463394736,0.24514557719599697,0.3169018987659783,85.0,41.7607989340949,hold,84.86304738420684,41.44717284882418
DEMO_002,T03,16,1.6,train,synthetic_demo,0.3424940140939249,0.4185265857127964,0.2646259037000737,0.35126523333245346,84.86304738420684,41.44717284882418,hold,84.45369001834514,41.00812914234682
DEMO_002,T03,17,1.7000000000000002,train,synthetic_demo,0.24982727039271344,0.3723771037448589,0.27483186434331847,0.3589615763701695,84.45369001834514,41.00812914234682,hold,83.77641290737884,40.44847806938679
DEMO_002,T03,18,1.8,train,synthetic_demo,0.25694931480521765,0.478499838374626,0.26698070083451364,0.4019213286861029,83.77641290737884,40.44847806938679,extension,82.83863644106502,39.77435128421395
DEMO_002,T03,19,1.9000000000000001,train,synthetic_demo,0.24054716353652272,0.5332411814963978,0.23622339646952753,0.4494349957458426,82.83863644106502,39.77435128421395,extension,81.65063509461098,38.99313466095676
DEMO_002,T03,20,2.0,train,synthetic_demo,0.31584663593159823,0.5631177958599357,0.2826182381713106,0.48852582370654096,81.65063509461098,38.99313466095676,extension,80.22542485937369,38.113387372419716
DEMO_002,T03,21,2.1,train,synthetic_demo,0.24817337292610886,0.5648795868082778,0.256359248189492,0.399922617067347,80.22542485937369,38.113387372419716,extension,78.57862063693486,37.14474811399498
DEMO_002,T03,22,2.2,train,synthetic_demo,0.2666408598209287,0.6286286280796225,0.26963180527274133,0.514719115124189,78.57862063693486,37.14474811399498,extension,76.72826515897145,36.097829500098655
DEMO_002,T03,23,2.3000000000000003,train,synthetic_demo,0.2882260995955629,0.6798782478132523,0.329401429793589,0.5411961025334323,76.72826515897145,36.097829500098655,extension,74.69463130731182,34.98410179014638
DEMO_002,T03,24,2.4000000000000004,train,synthetic_demo,0.3108966486180894,0.6840791450956245,0.28403546029000304,0.5600677499548803,74.69463130731182,34.98410179014638,extension,72.5,33.815767217990924
DEMO_002,T03,25,2.5,train,synthetic_demo,0.27344289975091113,0.6749842035680926,0.22600905925734166,0.5768704563010186,72.5,33.815767217990924,extension,70.16841607689501,32.60562630169453
DEMO_002,T03,26,2.6,train,synthetic_demo,0.27971511767505897,0.7506795376458885,0.24933585822979137,0.5726065391428241,70.16841607689501,32.60562630169453,extension,67.72542485937369,31.366937598374406
DEMO_002,T03,27,2.7,train,synthetic_demo,0.30159546548933713,0.843692395619874,0.2727288494977163,0.5686596567359194,67.72542485937369,31.366937598374406,extension,65.19779227044398,30.11327244067641
DEMO_002,T03,28,2.8000000000000003,train,synthetic_demo,0.2914302770747759,0.8338422685799468,0.35393741053722555,0.5964253284103207,65.19779227044398,30.11327244067641,extension,62.613211581691324,28.85836624641458
DEMO_002,T03,29,2.9000000000000004,train,synthetic_demo,0.23202848874770254,0.8028420936995772,0.23410101550249585,0.5421955960052629,62.613211581691324,28.85836624641458,extension,60.0,27.615968030459264
DEMO_002,T03,30,3.0,train,synthetic_demo,0.3455436655083424,0.7928532434780704,0.2489565174266204,0.6194152862641793,60.0,27.615968030459264,extension,57.38678841830866,26.39968976765299
DEMO_002,T03,31,3.1,train,synthetic_demo,0.2853519176444162,0.7628380976284902,0.27623501617944063,0.5155020155934531,57.38678841830866,26.39968976765299,extension,54.802207729556024,25.22285725716567
DEMO_002,T03,32,3.2,train,synthetic_demo,0.252836775902182,0.8006236356311407,0.18532257781876438,0.5787775613356692,54.802207729556024,25.22285725716567,extension,52.27457514062632,24.098364122250224
DEMO_002,T03,33,3.3000000000000003,train,synthetic_demo,0.2918754821479289,0.8095732112333492,0.2608366169563304,0.5552186592443691,52.27457514062632,24.098364122250224,extension,49.831583923104986,23.038530545008104
DEMO_002,T03,34,3.4000000000000004,train,synthetic_demo,0.24866799939446177,0.7286652025913982,0.278228686709582,0.5252940706284792,49.831583923104986,23.038530545008104,extension,47.50000000000001,22.054968283896024
DEMO_002,T03,35,3.5,train,synthetic_demo,0.2829451760721686,0.7835654125201882,0.2651443143927329,0.5212764744369348,47.50000000000001,22.054968283896024,extension,45.30536869268818,21.158453452870347
DEMO_002,T03,36,3.6,train,synthetic_demo,0.2953562186773395,0.712385036099684,0.2891667409288454,0.4238464613356561,45.30536869268818,21.158453452870347,extension,43.27173484102855,20.35880845602759
DEMO_002,T03,37,3.7,train,synthetic_demo,0.2639918288221668,0.7112747620573591,0.2645181724738277,0.485446329111584,43.27173484102855,20.35880845602759,extension,41.42137936306515,19.66479437128963
DEMO_002,T03,38,3.8000000000000003,train,synthetic_demo,0.29986711307260006,0.5279600137029664,0.228976291061718,0.4125379037489581,41.42137936306515,19.66479437128963,extension,39.774575140626304,19.084014962200634
DEMO_002,T03,39,3.9000000000000004,train,synthetic_demo,0.25956752069527256,0.5764764248516168,0.2596623697647469,0.38043246258533703,39.774575140626304,19.084014962200634,extension,38.34936490538904,18.6228333695025
DEMO_002,T03,40,4.0,train,synthetic_demo,0.2600436482215328,0.4783006157997256,0.34250658422873514,0.4292609058557618,38.34936490538904,18.6228333695025,extension,37.16136355893498,18.286302395233275
DEMO_002,T03,41,4.1000000000000005,train,synthetic_demo,0.3138510846774697,0.49521916233947444,0.24274134196510413,0.43662440772131594,37.16136355893498,18.286302395233275,extension,36.22358709262116,18.078109143170686
DEMO_002,T03,42,4.2,train,synthetic_demo,0.25020080030980246,0.49745961641822056,0.2853530945836372,0.2895646201914287,36.22358709262116,18.078109143170686,extension,35.54630998165486,18.00053462215157
DEMO_002,T03,43,4.3,train,synthetic_demo,0.2545392783851624,0.38021490039413763,0.25262859533404053,0.24167875709808403,35.54630998165486,18.00053462215157,hold,35.13695261579316,18.05442875486172
DEMO_002,T03,44,4.4,train,synthetic_demo,0.29791218350289095,0.3091468171805541,0.3273524167521129,0.28216533012932776,35.13695261579316,18.05442875486172,hold,35.0,18.2392010659051
DEMO_002,T03,45,4.5,train,synthetic_demo,0.2880223112790499,0.2911165824805098,0.3155850219157444,0.2849787007907572,35.0,18.2392010659051,hold,35.13695261579316,18.552827151175826
DEMO_002,T03,46,4.6000000000000005,train,synthetic_demo,0.3425183187897326,0.3678905855506381,0.3120447341126036,0.26374981958934085,35.13695261579316,18.552827151175826,hold,35.54630998165486,18.991870857653183
DEMO_002,T03,47,4.7,train,synthetic_demo,0.3756852428089063,0.24286304491363037,0.3372063316261502,0.23376025612256138,35.54630998165486,18.991870857653183,hold,36.223587092621166,19.55152193061322
DEMO_002,T03,48,4.800000000000001,train,synthetic_demo,0.43837784113149253,0.26762051406678605,0.41501972183651853,0.23759093094316266,36.223587092621166,19.55152193061322,flexion,37.16136355893498,20.225648715786054
DEMO_002,T03,49,4.9,train,synthetic_demo,0.45890443768504924,0.3180479634233439,0.4595631024345221,0.2328321777380979,37.16136355893498,20.225648715786054,flexion,38.34936490538904,21.006865339043237
DEMO_002,T03,50,5.0,train,synthetic_demo,0.5665381107564758,0.26676450580405586,0.41688353795493405,0.31265834637612727,38.34936490538904,21.006865339043237,flexion,39.774575140626325,21.88661262758029
DEMO_002,T03,51,5.1000000000000005,train,synthetic_demo,0.6137572485941969,0.1985556567423784,0.5062033483764183,0.26938985268713544,39.774575140626325,21.88661262758029,flexion,41.421379363065135,22.855251886005014
DEMO_002,T03,52,5.2,train,synthetic_demo,0.6051302167723168,0.2722253226055314,0.5312786691130583,0.3303501912910292,41.421379363065135,22.855251886005014,flexion,43.27173484102855,23.902170499901345
DEMO_002,T03,53,5.300000000000001,train,synthetic_demo,0.672441440052191,0.3118694119601833,0.5835018498182508,0.28495246553254294,43.27173484102855,23.902170499901345,flexion,45.30536869268816,25.01589820985361
DEMO_002,T03,54,5.4,train,synthetic_demo,0.6583884272226151,0.30253780293313726,0.546750831399852,0.2800710397564447,45.30536869268816,25.01589820985361,flexion,47.499999999999986,26.184232782009072
DEMO_002,T03,55,5.5,train,synthetic_demo,0.7163134069110042,0.35932449994502774,0.5238585537418041,0.2544989180446514,47.499999999999986,26.184232782009072,flexion,49.831583923105,27.394373698305476
DEMO_002,T03,56,5.6000000000000005,train,synthetic_demo,0.6536373433179202,0.3130647292698871,0.5852130491508957,0.2449662823252802,49.831583923105,27.394373698305476,flexion,52.27457514062633,28.633062401625605
DEMO_002,T03,57,5.7,train,synthetic_demo,0.7871305949106768,0.2727741837378543,0.547999836859845,0.26550396928684383,52.27457514062633,28.633062401625605,flexion,54.802207729556045,29.886727559323603
DEMO_002,T03,58,5.800000000000001,train,synthetic_demo,0.7804596106700158,0.31507294986139134,0.5298794874227589,0.2625630209089327,54.802207729556045,29.886727559323603,flexion,57.38678841830866,31.141633753585417
DEMO_003,T01,0,0.0,train,synthetic_demo,0.731825615654303,0.3094790458680301,0.564693330542706,0.11228895753642404,60.0,32.384031969540736,flexion,62.61321158169134,33.600310232347006
DEMO_003,T01,1,0.1,train,synthetic_demo,0.7083532953384063,0.23011019999767543,0.5217954998373501,0.2617637425091644,62.61321158169134,33.600310232347006,flexion,65.19779227044398,34.77714274283433
DEMO_003,T01,2,0.2,train,synthetic_demo,0.7192677562029303,0.2441552201068801,0.5239137349297442,0.22698796599177243,65.19779227044398,34.77714274283433,flexion,67.72542485937369,35.901635877749776
DEMO_003,T01,3,0.30000000000000004,train,synthetic_demo,0.6671650705649568,0.2744317928560118,0.48385133804150715,0.21838318855107872,67.72542485937369,35.901635877749776,flexion,70.168416076895,36.96146945499189
DEMO_003,T01,4,0.4,train,synthetic_demo,0.678986198056202,0.2542332773735456,0.4365578301940508,0.26282231208084084,70.168416076895,36.96146945499189,flexion,72.5,37.945031716103976
DEMO_003,T01,5,0.5,train,synthetic_demo,0.6099472836224517,0.29675653261887136,0.45934662636419765,0.17386851902333483,72.5,37.945031716103976,flexion,74.69463130731182,38.84154654712965
DEMO_003,T01,6,0.6000000000000001,train,synthetic_demo,0.6423990005282183,0.271248860102359,0.49561254318240894,0.22771263080620036,74.69463130731182,38.84154654712965,flexion,76.72826515897145,39.64119154397241
DEMO_003,T01,7,0.7000000000000001,train,synthetic_demo,0.5616647003724602,0.2926668689335234,0.473118037272951,0.24343093472785365,76.72826515897145,39.64119154397241,flexion,78.57862063693486,40.33520562871037
DEMO_003,T01,8,0.8,train,synthetic_demo,0.5372204415645562,0.28288017377675373,0.3889435406863759,0.22750966850101895,78.57862063693486,40.33520562871037,flexion,80.22542485937369,40.91598503779936
DEMO_003,T01,9,0.9,train,synthetic_demo,0.513761485391169,0.2361555760639798,0.3835722143623126,0.1963446531746921,80.22542485937369,40.91598503779936,flexion,81.65063509461096,41.3771666304975
DEMO_003,T01,10,1.0,train,synthetic_demo,0.45047963454305356,0.2576840051986516,0.3115105082018197,0.20388395936293902,81.65063509461096,41.3771666304975,flexion,82.83863644106502,41.71369760476672
DEMO_003,T01,11,1.1,train,synthetic_demo,0.4145546589164002,0.31487256232863803,0.3366727364662226,0.22979432577804665,82.83863644106502,41.71369760476672,flexion,83.77641290737884,41.921890856829314
DEMO_003,T01,12,1.2000000000000002,train,synthetic_demo,0.3440382160038217,0.2961547848175454,0.3367239711936397,0.22654849366802382,83.77641290737884,41.921890856829314,flexion,84.45369001834514,41.99946537784843
DEMO_003,T01,13,1.3,train,synthetic_demo,0.3308663237193215,0.25223876311725,0.34035636300540567,0.19408501323601063,84.45369001834514,41.99946537784843,hold,84.86304738420684,41.94557124513828
DEMO_003,T01,14,1.4000000000000001,train,synthetic_demo,0.2527845680296513,0.27601067720658157,0.29123109027657723,0.19550750334806188,84.86304738420684,41.94557124513828,hold,85.0,41.7607989340949
DEMO_003,T01,15,1.5,train,synthetic_demo,0.26210018317196826,0.3148609156020288,0.278467576305447,0.2767448004831929,85.0,41.7607989340949,hold,84.86304738420684,41.44717284882418
DEMO_003,T01,16,1.6,train,synthetic_demo,0.24389953693768046,0.3209692666980306,0.33534805111974736,0.2841010686158369,84.86304738420684,41.44717284882418,hold,84.45369001834514,41.00812914234682
DEMO_003,T01,17,1.7000000000000002,train,synthetic_demo,0.25191513107176744,0.3277454861705647,0.23212966114655115,0.22392163580551425,84.45369001834514,41.00812914234682,hold,83.77641290737884,40.44847806938679
DEMO_003,T01,18,1.8,train,synthetic_demo,0.2466226290837587,0.44116861481146735,0.29461494336738214,0.33700069498763335,83.77641290737884,40.44847806938679,extension,82.83863644106502,39.77435128421395
DEMO_003,T01,19,1.9000000000000001,train,synthetic_demo,0.19489708805948686,0.4453576487401897,0.24825164432302746,0.3347081674224417,82.83863644106502,39.77435128421395,extension,81.65063509461098,38.99313466095676
DEMO_003,T01,20,2.0,train,synthetic_demo,0.25813699205279866,0.5038200462571082,0.2556662215959481,0.3485983965854914,81.65063509461098,38.99313466095676,extension,80.22542485937369,38.113387372419716
DEMO_003,T01,21,2.1,train,synthetic_demo,0.2504126093764974,0.6204005599135091,0.2518057187560097,0.34564478392297104,80.22542485937369,38.113387372419716,extension,78.57862063693486,37.14474811399498
DEMO_003,T01,22,2.2,train,synthetic_demo,0.21345486993044913,0.6667397700947679,0.31585444078918284,0.3809032984704587,78.57862063693486,37.14474811399498,extension,76.72826515897145,36.097829500098655
DEMO_003,T01,23,2.3000000000000003,train,synthetic_demo,0.28201516460468345,0.7127067108055894,0.3309877120010627,0.4350196119031907,76.72826515897145,36.097829500098655,extension,74.69463130731182,34.98410179014638
DEMO_003,T01,24,2.4000000000000004,train,synthetic_demo,0.22339481254181612,0.6709820565202472,0.32541926777603947,0.37120320304644866,74.69463130731182,34.98410179014638,extension,72.5,33.815767217990924
DEMO_003,T01,25,2.5,train,synthetic_demo,0.18707854103315177,0.7123685209320244,0.3163803343050988,0.3776796657701579,72.5,33.815767217990924,extension,70.16841607689501,32.60562630169453
DEMO_003,T01,26,2.6,train,synthetic_demo,0.27537862848403644,0.7633106758326372,0.23400080344537974,0.41540505276782624,70.16841607689501,32.60562630169453,extension,67.72542485937369,31.366937598374406
DEMO_003,T01,27,2.7,train,synthetic_demo,0.24917589260449977,0.7528026984760275,0.2310175569343849,0.45905254769493764,67.72542485937369,31.366937598374406,extension,65.19779227044398,30.11327244067641
DEMO_003,T01,28,2.8000000000000003,train,synthetic_demo,0.21699987849998217,0.7146711199757111,0.3100532044866251,0.38890736023495054,65.19779227044398,30.11327244067641,extension,62.613211581691324,28.85836624641458
DEMO_003,T01,29,2.9000000000000004,train,synthetic_demo,0.29021709010397967,0.7905590108356828,0.28040923987193705,0.4240649071601413,62.613211581691324,28.85836624641458,extension,60.0,27.615968030459264
DEMO_003,T01,30,3.0,train,synthetic_demo,0.25289603922048437,0.800950273601726,0.31873859271775395,0.36890533908274015,60.0,27.615968030459264,extension,57.38678841830866,26.39968976765299
DEMO_003,T01,31,3.1,train,synthetic_demo,0.26825728013795336,0.8042760935897716,0.22490723020193115,0.4339588536107452,57.38678841830866,26.39968976765299,extension,54.802207729556024,25.22285725716567
DEMO_003,T01,32,3.2,train,synthetic_demo,0.2757318350683047,0.8396109018038913,0.265772654987771,0.34945970765041545,54.802207729556024,25.22285725716567,extension,52.27457514062632,24.098364122250224
DEMO_003,T01,33,3.3000000000000003,train,synthetic_demo,0.35619407411304205,0.7364737953957835,0.2532997179064972,0.3978096579562814,52.27457514062632,24.098364122250224,extension,49.831583923104986,23.038530545008104
DEMO_003,T01,34,3.4000000000000004,train,synthetic_demo,0.23377967290591256,0.7672159017347704,0.23467499967118305,0.3076853968497776,49.831583923104986,23.038530545008104,extension,47.50000000000001,22.054968283896024
DEMO_003,T01,35,3.5,train,synthetic_demo,0.2297656700737282,0.7520204332319324,0.2798745737011156,0.3957000022194381,47.50000000000001,22.054968283896024,extension,45.30536869268818,21.158453452870347
DEMO_003,T01,36,3.6,train,synthetic_demo,0.2397340721912037,0.7058340058177162,0.24928575203573705,0.2879951419500622,45.30536869268818,21.158453452870347,extension,43.27173484102855,20.35880845602759
DEMO_003,T01,37,3.7,train,synthetic_demo,0.20649512726382813,0.6377085175209568,0.34968920519451696,0.27777609240543466,43.27173484102855,20.35880845602759,extension,41.42137936306515,19.66479437128963
DEMO_003,T01,38,3.8000000000000003,train,synthetic_demo,0.2180922463378847,0.6754608346538432,0.2577437269958699,0.32566643051963706,41.42137936306515,19.66479437128963,extension,39.774575140626304,19.084014962200634
DEMO_003,T01,39,3.9000000000000004,train,synthetic_demo,0.16925216719699454,0.551903380778039,0.29889386494612113,0.22689336775272956,39.774575140626304,19.084014962200634,extension,38.34936490538904,18.6228333695025
DEMO_003,T01,40,4.0,train,synthetic_demo,0.2551372884252759,0.5420574097171367,0.2612970085093094,0.25694812185476545,38.34936490538904,18.6228333695025,extension,37.16136355893498,18.286302395233275
DEMO_003,T01,41,4.1000000000000005,train,synthetic_demo,0.27348357574985666,0.491184649183619,0.3153173516210958,0.273403582056309,37.16136355893498,18.286302395233275,extension,36.22358709262116,18.078109143170686
DEMO_003,T01,42,4.2,train,synthetic_demo,0.30259530790033684,0.42809254993860757,0.2868078028767567,0.18831053079294502,36.22358709262116,18.078109143170686,extension,35.54630998165486,18.00053462215157
DEMO_003,T01,43,4.3,train,synthetic_demo,0.2704172816943981,0.36619400531797663,0.3024203620631873,0.19430062604589482,35.54630998165486,18.00053462215157,hold,35.13695261579316,18.05442875486172
DEMO_003,T01,44,4.4,train,synthetic_demo,0.24277153629383413,0.3460991105672987,0.2816398606698763,0.17872227683935352,35.13695261579316,18.05442875486172,hold,35.0,18.2392010659051
DEMO_003,T01,45,4.5,train,synthetic_demo,0.22693927929498758,0.2655334490754711,0.3583346020801009,0.18841549024610255,35.0,18.2392010659051,hold,35.13695261579316,18.552827151175826
DEMO_003,T01,46,4.6000000000000005,train,synthetic_demo,0.27535182026602384,0.3130134682540242,0.3890907894017342,0.19636775044418125,35.13695261579316,18.552827151175826,hold,35.54630998165486,18.991870857653183
DEMO_003,T01,47,4.7,train,synthetic_demo,0.42771231067405346,0.24761782751960396,0.4486019463802364,0.21083434029985407,35.54630998165486,18.991870857653183,hold,36.223587092621166,19.55152193061322
DEMO_003,T01,48,4.800000000000001,train,synthetic_demo,0.42198737806532416,0.27363122380808363,0.45951093364742995,0.16728102210259138,36.223587092621166,19.55152193061322,flexion,37.16136355893498,20.225648715786054
DEMO_003,T01,49,4.9,train,synthetic_demo,0.45849573451309594,0.2932054783265597,0.4750179000194246,0.1848293853445724,37.16136355893498,20.225648715786054,flexion,38.34936490538904,21.006865339043237
DEMO_003,T01,50,5.0,train,synthetic_demo,0.4871790590091948,0.2567637919986299,0.45403350349951166,0.19311127964552766,38.34936490538904,21.006865339043237,flexion,39.774575140626325,21.88661262758029
DEMO_003,T01,51,5.1000000000000005,train,synthetic_demo,0.4905859728278883,0.2670141450898429,0.44482152682632037,0.19741364643811954,39.774575140626325,21.88661262758029,flexion,41.421379363065135,22.855251886005014
DEMO_003,T01,52,5.2,train,synthetic_demo,0.5988986475482707,0.3834486921100668,0.47706753490000514,0.1753463205538525,41.421379363065135,22.855251886005014,flexion,43.27173484102855,23.902170499901345
DEMO_003,T01,53,5.300000000000001,train,synthetic_demo,0.5931464393598685,0.3017294214330943,0.47749009736546844,0.1213432089902482,43.27173484102855,23.902170499901345,flexion,45.30536869268816,25.01589820985361
DEMO_003,T01,54,5.4,train,synthetic_demo,0.6200790520494518,0.3309954434921971,0.5859794102566874,0.2016567673915442,45.30536869268816,25.01589820985361,flexion,47.499999999999986,26.184232782009072
DEMO_003,T01,55,5.5,train,synthetic_demo,0.6852272731049637,0.27843335950031806,0.49831202904566063,0.19729689900202327,47.499999999999986,26.184232782009072,flexion,49.831583923105,27.394373698305476
DEMO_003,T01,56,5.6000000000000005,train,synthetic_demo,0.694098095511475,0.2889177031167578,0.535240935967561,0.2038768835858768,49.831583923105,27.394373698305476,flexion,52.27457514062633,28.633062401625605
DEMO_003,T01,57,5.7,train,synthetic_demo,0.6865038536789605,0.289235180762719,0.5705382999111958,0.2152215812465298,52.27457514062633,28.633062401625605,flexion,54.802207729556045,29.886727559323603
DEMO_003,T01,58,5.800000000000001,train,synthetic_demo,0.7242646465239923,0.289047359607147,0.5564679976914844,0.21458255769567772,54.802207729556045,29.886727559323603,flexion,57.38678841830866,31.141633753585417
DEMO_003,T02,0,0.0,train,synthetic_demo,0.6976518770688921,0.3059484587899538,0.5304118737209413,0.2256317520295832,60.0,32.384031969540736,flexion,62.61321158169134,33.600310232347006
DEMO_003,T02,1,0.1,train,synthetic_demo,0.6645798762491373,0.2908099499117889,0.5690595090638051,0.17460340088049725,62.61321158169134,33.600310232347006,flexion,65.19779227044398,34.77714274283433
DEMO_003,T02,2,0.2,train,synthetic_demo,0.6482653781871264,0.27243307904487885,0.5189204527890879,0.1908086608367925,65.19779227044398,34.77714274283433,flexion,67.72542485937369,35.901635877749776
DEMO_003,T02,3,0.30000000000000004,train,synthetic_demo,0.6364056480708042,0.32239194633283685,0.5160645504564635,0.21753527306067,67.72542485937369,35.901635877749776,flexion,70.168416076895,36.96146945499189
DEMO_003,T02,4,0.4,train,synthetic_demo,0.6011357067117171,0.2639290846113786,0.5655422097837159,0.17139154682286065,70.168416076895,36.96146945499189,flexion,72.5,37.945031716103976
DEMO_003,T02,5,0.5,train,synthetic_demo,0.6466858059621194,0.35757888224567386,0.49134206874464315,0.2547243565330232,72.5,37.945031716103976,flexion,74.69463130731182,38.84154654712965
DEMO_003,T02,6,0.6000000000000001,train,synthetic_demo,0.5798164195029575,0.2677068821870831,0.4686851706473534,0.18312130071235405,74.69463130731182,38.84154654712965,flexion,76.72826515897145,39.64119154397241
DEMO_003,T02,7,0.7000000000000001,train,synthetic_demo,0.5936144495248081,0.2222784518729477,0.41095583125025176,0.24779649146476265,76.72826515897145,39.64119154397241,flexion,78.57862063693486,40.33520562871037
DEMO_003,T02,8,0.8,train,synthetic_demo,0.5526161623830065,0.3014221896794795,0.4823626597412828,0.14087979908844306,78.57862063693486,40.33520562871037,flexion,80.22542485937369,40.91598503779936
DEMO_003,T02,9,0.9,train,synthetic_demo,0.4074738347942488,0.34628491632157754,0.3493998261220849,0.2046502988945969,80.22542485937369,40.91598503779936,flexion,81.65063509461096,41.3771666304975
DEMO_003,T02,10,1.0,train,synthetic_demo,0.4155189415271678,0.19467317346559154,0.3670475970036083,0.21790102455560886,81.65063509461096,41.3771666304975,flexion,82.83863644106502,41.71369760476672
DEMO_003,T02,11,1.1,train,synthetic_demo,0.4015707200002095,0.1950385631958932,0.3519694315403296,0.26790257858042804,82.83863644106502,41.71369760476672,flexion,83.77641290737884,41.921890856829314
DEMO_003,T02,12,1.2000000000000002,train,synthetic_demo,0.32595866240077503,0.3105211643712134,0.32181373792811924,0.13661068389728093,83.77641290737884,41.921890856829314,flexion,84.45369001834514,41.99946537784843
DEMO_003,T02,13,1.3,train,synthetic_demo,0.3764962396005743,0.29021925430342627,0.27783378128221997,0.24610044927600574,84.45369001834514,41.99946537784843,hold,84.86304738420684,41.94557124513828
DEMO_003,T02,14,1.4000000000000001,train,synthetic_demo,0.2960195862034073,0.32860618817886683,0.3718967432319267,0.22834233006498827,84.86304738420684,41.94557124513828,hold,85.0,41.7607989340949
DEMO_003,T02,15,1.5,train,synthetic_demo,0.2636683258686767,0.26410216707906886,0.3342734464330789,0.19910383892333552,85.0,41.7607989340949,hold,84.86304738420684,41.44717284882418
DEMO_003,T02,16,1.6,train,synthetic_demo,0.23069474410285512,0.3360383010138216,0.27463262160759494,0.23802387070288655,84.86304738420684,41.44717284882418,hold,84.45369001834514,41.00812914234682
DEMO_003,T02,17,1.7000000000000002,train,synthetic_demo,0.2796221272734117,0.3803540275715983,0.20569905634801688,0.32344027136752507,84.45369001834514,41.00812914234682,hold,83.77641290737884,40.44847806938679
DEMO_003,T02,18,1.8,train,synthetic_demo,0.30949157809675726,0.4234971543720283,0.32855204519808107,0.28311592501896604,83.77641290737884,40.44847806938679,extension,82.83863644106502,39.77435128421395
DEMO_003,T02,19,1.9000000000000001,train,synthetic_demo,0.21413371078033677,0.4608432423123991,0.3383320905135708,0.36752084543073965,82.83863644106502,39.77435128421395,extension,81.65063509461098,38.99313466095676
DEMO_003,T02,20,2.0,train,synthetic_demo,0.2732538580986703,0.505492451359026,0.30901366722181306,0.2982234813894399,81.65063509461098,38.99313466095676,extension,80.22542485937369,38.113387372419716
DEMO_003,T02,21,2.1,train,synthetic_demo,0.27080844084749034,0.5667917754344547,0.2610945166562434,0.3330501018877605,80.22542485937369,38.113387372419716,extension,78.57862063693486,37.14474811399498
DEMO_003,T02,22,2.2,train,synthetic_demo,0.17636281524471226,0.5661239372349111,0.2757754757909317,0.32721843254530214,78.57862063693486,37.14474811399498,extension,76.72826515897145,36.097829500098655
DEMO_003,T02,23,2.3000000000000003,train,synthetic_demo,0.2776956803366308,0.7066133853355775,0.2264370306824403,0.32376357166426856,76.72826515897145,36.097829500098655,extension,74.69463130731182,34.98410179014638
DEMO_003,T02,24,2.4000000000000004,train,synthetic_demo,0.24297091114024133,0.7673016873701577,0.25338236329251385,0.40360310880611705,74.69463130731182,34.98410179014638,extension,72.5,33.815767217990924
DEMO_003,T02,25,2.5,train,synthetic_demo,0.1908653032099227,0.6963503886267605,0.2975390446358018,0.3851043312071868,72.5,33.815767217990924,extension,70.16841607689501,32.60562630169453
DEMO_003,T02,26,2.6,train,synthetic_demo,0.2658379408479136,0.7565416292306575,0.27986944959405424,0.39782801030143056,70.16841607689501,32.60562630169453,extension,67.72542485937369,31.366937598374406
DEMO_003,T02,27,2.7,train,synthetic_demo,0.2961732304580761,0.7689659652516784,0.3103342993210264,0.39308933083723335,67.72542485937369,31.366937598374406,extension,65.19779227044398,30.11327244067641
DEMO_003,T02,28,2.8000000000000003,train,synthetic_demo,0.2512135074545755,0.747404764457977,0.20658535923945223,0.3886513177370296,65.19779227044398,30.11327244067641,extension,62.613211581691324,28.85836624641458
DEMO_003,T02,29,2.9000000000000004,train,synthetic_demo,0.251184302994838,0.7763825456210792,0.29876283761991057,0.37438845630561945,62.613211581691324,28.85836624641458,extension,60.0,27.615968030459264
DEMO_003,T02,30,3.0,train,synthetic_demo,0.1987888834457453,0.7441098476916672,0.30248796449021964,0.3700547826775143,60.0,27.615968030459264,extension,57.38678841830866,26.39968976765299
DEMO_003,T02,31,3.1,train,synthetic_demo,0.24754975631229287,0.7431346378270741,0.24881763540349655,0.39251103716136704,57.38678841830866,26.39968976765299,extension,54.802207729556024,25.22285725716567
DEMO_003,T02,32,3.2,train,synthetic_demo,0.2845537677771365,0.7463086969100591,0.22788838117573834,0.38499732035850004,54.802207729556024,25.22285725716567,extension,52.27457514062632,24.098364122250224
DEMO_003,T02,33,3.3000000000000003,train,synthetic_demo,0.25178102215458054,0.7542789214883107,0.32107676016939496,0.3156252331295082,52.27457514062632,24.098364122250224,extension,49.831583923104986,23.038530545008104
DEMO_003,T02,34,3.4000000000000004,train,synthetic_demo,0.21739538304104583,0.7501068012103992,0.2475921328913329,0.3760437040895283,49.831583923104986,23.038530545008104,extension,47.50000000000001,22.054968283896024
DEMO_003,T02,35,3.5,train,synthetic_demo,0.24628688177564975,0.7169259344891575,0.362595478967302,0.3163731294409266,47.50000000000001,22.054968283896024,extension,45.30536869268818,21.158453452870347
DEMO_003,T02,36,3.6,train,synthetic_demo,0.23690188490933203,0.7135531727732551,0.2518627724947485,0.340987809644488,45.30536869268818,21.158453452870347,extension,43.27173484102855,20.35880845602759
DEMO_003,T02,37,3.7,train,synthetic_demo,0.2760052609822211,0.6702497715424705,0.3042004016895189,0.3067908870702515,43.27173484102855,20.35880845602759,extension,41.42137936306515,19.66479437128963
DEMO_003,T02,38,3.8000000000000003,train,synthetic_demo,0.23695748138246794,0.6920762497615606,0.29482327659413954,0.3361627657948021,41.42137936306515,19.66479437128963,extension,39.774575140626304,19.084014962200634
DEMO_003,T02,39,3.9000000000000004,train,synthetic_demo,0.2233080661889815,0.5754994862474269,0.31906087673011696,0.28684409161364616,39.774575140626304,19.084014962200634,extension,38.34936490538904,18.6228333695025
DEMO_003,T02,40,4.0,train,synthetic_demo,0.20273786446204986,0.5067414338857265,0.2760063033388966,0.3189264737034125,38.34936490538904,18.6228333695025,extension,37.16136355893498,18.286302395233275
DEMO_003,T02,41,4.1000000000000005,train,synthetic_demo,0.26499715473014607,0.46382697326399025,0.27786776722772194,0.24597342490707497,37.16136355893498,18.286302395233275,extension,36.22358709262116,18.078109143170686
DEMO_003,T02,42,4.2,train,synthetic_demo,0.18786082397707626,0.4394202530329935,0.26633305714554356,0.21764321096921987,36.22358709262116,18.078109143170686,extension,35.54630998165486,18.00053462215157
DEMO_003,T02,43,4.3,train,synthetic_demo,0.2151812216355695,0.4019559515925804,0.2641833459621295,0.174770551420634,35.54630998165486,18.00053462215157,hold,35.13695261579316,18.05442875486172
DEMO_003,T02,44,4.4,train,synthetic_demo,0.31142616663446837,0.32279140794062394,0.2576117872055075,0.2426823108170993,35.13695261579316,18.05442875486172,hold,35.0,18.2392010659051
DEMO_003,T02,45,4.5,train,synthetic_demo,0.29599466216857623,0.24854935382625523,0.319325402324225,0.19363472605844687,35.0,18.2392010659051,hold,35.13695261579316,18.552827151175826
DEMO_003,T02,46,4.6000000000000005,train,synthetic_demo,0.2792335622955414,0.23374672199318575,0.32505698496943464,0.2746450688667173,35.13695261579316,18.552827151175826,hold,35.54630998165486,18.991870857653183
DEMO_003,T02,47,4.7,train,synthetic_demo,0.31818419036793993,0.2634822856617105,0.41736968651264633,0.1828511415441988,35.54630998165486,18.991870857653183,hold,36.223587092621166,19.55152193061322
DEMO_003,T02,48,4.800000000000001,train,synthetic_demo,0.36125526587611373,0.24534857373237012,0.43515069477077,0.20669642110799682,36.223587092621166,19.55152193061322,flexion,37.16136355893498,20.225648715786054
DEMO_003,T02,49,4.9,train,synthetic_demo,0.4676265937129097,0.2669922716514038,0.4868726882201202,0.20485322599519742,37.16136355893498,20.225648715786054,flexion,38.34936490538904,21.006865339043237
DEMO_003,T02,50,5.0,train,synthetic_demo,0.451623319065319,0.2979451369351348,0.47651153873354707,0.20922782344167912,38.34936490538904,21.006865339043237,flexion,39.774575140626325,21.88661262758029
DEMO_003,T02,51,5.1000000000000005,train,synthetic_demo,0.48316433712395984,0.27846109828439974,0.478528143902488,0.22522129823071313,39.774575140626325,21.88661262758029,flexion,41.421379363065135,22.855251886005014
DEMO_003,T02,52,5.2,train,synthetic_demo,0.590984240555501,0.31110960240237645,0.5302925914349387,0.23829036575834825,41.421379363065135,22.855251886005014,flexion,43.27173484102855,23.902170499901345
DEMO_003,T02,53,5.300000000000001,train,synthetic_demo,0.6223956799005527,0.26845272069124254,0.4796729763607663,0.20531368574229955,43.27173484102855,23.902170499901345,flexion,45.30536869268816,25.01589820985361
DEMO_003,T02,54,5.4,train,synthetic_demo,0.6616506595581992,0.23823042540397565,0.5005795937194744,0.20190477602050338,45.30536869268816,25.01589820985361,flexion,47.499999999999986,26.184232782009072
DEMO_003,T02,55,5.5,train,synthetic_demo,0.6150231487148682,0.31691807253064935,0.5477068532712106,0.2292640952480388,47.499999999999986,26.184232782009072,flexion,49.831583923105,27.394373698305476
DEMO_003,T02,56,5.6000000000000005,train,synthetic_demo,0.6662322866357652,0.2964165599978493,0.5116722128820897,0.17723060015711548,49.831583923105,27.394373698305476,flexion,52.27457514062633,28.633062401625605
DEMO_003,T02,57,5.7,train,synthetic_demo,0.603845032410686,0.25526839070644936,0.5386131375829195,0.21184968207107338,52.27457514062633,28.633062401625605,flexion,54.802207729556045,29.886727559323603
DEMO_003,T02,58,5.800000000000001,train,synthetic_demo,0.6444672141800106,0.3444248935310998,0.6023159684142917,0.164286829964348,54.802207729556045,29.886727559323603,flexion,57.38678841830866,31.141633753585417
DEMO_003,T03,0,0.0,train,synthetic_demo,0.6844372360138901,0.301994032612188,0.5678049928338648,0.22569013842681465,60.0,32.384031969540736,flexion,62.61321158169134,33.600310232347006
DEMO_003,T03,1,0.1,train,synthetic_demo,0.647134659367339,0.30543441750749895,0.5710153474200009,0.23326377899717213,62.61321158169134,33.600310232347006,flexion,65.19779227044398,34.77714274283433
DEMO_003,T03,2,0.2,train,synthetic_demo,0.713855443119707,0.23786227024351492,0.4511949941497398,0.21291360982692334,65.19779227044398,34.77714274283433,flexion,67.72542485937369,35.901635877749776
DEMO_003,T03,3,0.30000000000000004,train,synthetic_demo,0.7287685262679808,0.25557092427245387,0.49623410093888093,0.20627003045125974,67.72542485937369,35.901635877749776,flexion,70.168416076895,36.96146945499189
DEMO_003,T03,4,0.4,train,synthetic_demo,0.6939966911154737,0.3082877144711842,0.4664851996515675,0.18503327506746756,70.168416076895,36.96146945499189,flexion,72.5,37.945031716103976
DEMO_003,T03,5,0.5,train,synthetic_demo,0.6151995121235444,0.30273897357469076,0.5160719202728663,0.1694439553544386,72.5,37.945031716103976,flexion,74.69463130731182,38.84154654712965
DEMO_003,T03,6,0.6000000000000001,train,synthetic_demo,0.5811014539545343,0.2928132370899855,0.46147859228782934,0.17346262055279202,74.69463130731182,38.84154654712965,flexion,76.72826515897145,39.64119154397241
DEMO_003,T03,7,0.7000000000000001,train,synthetic_demo,0.5641767027817635,0.3039069882221732,0.4341490399567163,0.1962091059206145,76.72826515897145,39.64119154397241,flexion,78.57862063693486,40.33520562871037
DEMO_003,T03,8,0.8,train,synthetic_demo,0.5197596932391266,0.3036512801318373,0.40385079150958647,0.20967661694491696,78.57862063693486,40.33520562871037,flexion,80.22542485937369,40.91598503779936
DEMO_003,T03,9,0.9,train,synthetic_demo,0.516407596626245,0.26927317795497635,0.3667115438028688,0.19779114118954147,80.22542485937369,40.91598503779936,flexion,81.65063509461096,41.3771666304975
DEMO_003,T03,10,1.0,train,synthetic_demo,0.4603909521414449,0.3183480600553399,0.33894179589965323,0.22704506661528678,81.65063509461096,41.3771666304975,flexion,82.83863644106502,41.71369760476672
DEMO_003,T03,11,1.1,train,synthetic_demo,0.4717050991372106,0.30602669823712275,0.36646393334367455,0.19190019953333573,82.83863644106502,41.71369760476672,flexion,83.77641290737884,41.921890856829314
DEMO_003,T03,12,1.2000000000000002,train,synthetic_demo,0.40173659491920516,0.29938279920153865,0.2554378934131559,0.18975457484946964,83.77641290737884,41.921890856829314,flexion,84.45369001834514,41.99946537784843
DEMO_003,T03,13,1.3,train,synthetic_demo,0.2986982419458451,0.21847111972131422,0.2819370303348031,0.21675046345837362,84.45369001834514,41.99946537784843,hold,84.86304738420684,41.94557124513828
DEMO_003,T03,14,1.4000000000000001,train,synthetic_demo,0.27166161351294577,0.30200912133065366,0.30029124491680104,0.2242632944920106,84.86304738420684,41.94557124513828,hold,85.0,41.7607989340949
DEMO_003,T03,15,1.5,train,synthetic_demo,0.23102616848490537,0.30771702556252967,0.34228214603816026,0.1703799830167843,85.0,41.7607989340949,hold,84.86304738420684,41.44717284882418
DEMO_003,T03,16,1.6,train,synthetic_demo,0.274091513216232,0.2975126904493792,0.3103593186393656,0.2975617743044676,84.86304738420684,41.44717284882418,hold,84.45369001834514,41.00812914234682
DEMO_003,T03,17,1.7000000000000002,train,synthetic_demo,0.23456920832229725,0.3759678012445909,0.280268474796318,0.28697293084461756,84.45369001834514,41.00812914234682,hold,83.77641290737884,40.44847806938679
DEMO_003,T03,18,1.8,train,synthetic_demo,0.24181485691693508,0.4828702102433558,0.2261255056527016,0.2841831818610964,83.77641290737884,40.44847806938679,extension,82.83863644106502,39.77435128421395
DEMO_003,T03,19,1.9000000000000001,train,synthetic_demo,0.2716918046093801,0.4830439898345678,0.27232281228741906,0.3090827793910688,82.83863644106502,39.77435128421395,extension,81.65063509461098,38.99313466095676
DEMO_003,T03,20,2.0,train,synthetic_demo,0.282213894849363,0.5651987593392308,0.2346161895480263,0.29639776908509324,81.65063509461098,38.99313466095676,extension,80.22542485937369,38.113387372419716
DEMO_003,T03,21,2.1,train,synthetic_demo,0.23440089184446364,0.5810536126873107,0.31275819389316517,0.3472493134132581,80.22542485937369,38.113387372419716,extension,78.57862063693486,37.14474811399498
DEMO_003,T03,22,2.2,train,synthetic_demo,0.29517779271412153,0.6928533614530619,0.2506546019910515,0.3708403042865549,78.57862063693486,37.14474811399498,extension,76.72826515897145,36.097829500098655
DEMO_003,T03,23,2.3000000000000003,train,synthetic_demo,0.2850683140387261,0.6737876530469779,0.2932248053170961,0.3607065431483057,76.72826515897145,36.097829500098655,extension,74.69463130731182,34.98410179014638
DEMO_003,T03,24,2.4000000000000004,train,synthetic_demo,0.22980563484334116,0.7066449761675921,0.31613187418832817,0.34981730651742127,74.69463130731182,34.98410179014638,extension,72.5,33.815767217990924
DEMO_003,T03,25,2.5,train,synthetic_demo,0.24422238803091353,0.7918158553185932,0.27453971659612975,0.40030567193658184,72.5,33.815767217990924,extension,70.16841607689501,32.60562630169453
DEMO_003,T03,26,2.6,train,synthetic_demo,0.2772987386670156,0.7732735867361501,0.27595870659399147,0.3925594128120056,70.16841607689501,32.60562630169453,extension,67.72542485937369,31.366937598374406
DEMO_003,T03,27,2.7,train,synthetic_demo,0.30274321022570694,0.7394301582718321,0.23410153408674889,0.4427135323073814,67.72542485937369,31.366937598374406,extension,65.19779227044398,30.11327244067641
DEMO_003,T03,28,2.8000000000000003,train,synthetic_demo,0.2936083291127856,0.752703638957858,0.31247342502205255,0.41807044520443454,65.19779227044398,30.11327244067641,extension,62.613211581691324,28.85836624641458
DEMO_003,T03,29,2.9000000000000004,train,synthetic_demo,0.24589457596162426,0.7991412655803505,0.3468151844218703,0.4309921018067495,62.613211581691324,28.85836624641458,extension,60.0,27.615968030459264
DEMO_003,T03,30,3.0,train,synthetic_demo,0.2708897342800199,0.81679699945592,0.2616525431971391,0.3909647845735085,60.0,27.615968030459264,extension,57.38678841830866,26.39968976765299
DEMO_003,T03,31,3.1,train,synthetic_demo,0.24539294333615325,0.765068276472677,0.3010996259049142,0.4371109520129306,57.38678841830866,26.39968976765299,extension,54.802207729556024,25.22285725716567
DEMO_003,T03,32,3.2,train,synthetic_demo,0.24716487875933663,0.7588359218730848,0.25497002613797304,0.44531808195785555,54.802207729556024,25.22285725716567,extension,52.27457514062632,24.098364122250224
DEMO_003,T03,33,3.3000000000000003,train,synthetic_demo,0.22998426431495583,0.730863701802538,0.23055064683239138,0.36346374197456444,52.27457514062632,24.098364122250224,extension,49.831583923104986,23.038530545008104
DEMO_003,T03,34,3.4000000000000004,train,synthetic_demo,0.29303491261502274,0.7981722262165072,0.30331771947992264,0.3428011458088538,49.831583923104986,23.038530545008104,extension,47.50000000000001,22.054968283896024
DEMO_003,T03,35,3.5,train,synthetic_demo,0.2794441954865221,0.7233535303782539,0.30411606253174783,0.4319553262189149,47.50000000000001,22.054968283896024,extension,45.30536869268818,21.158453452870347
DEMO_003,T03,36,3.6,train,synthetic_demo,0.24287599157799722,0.6534714789150017,0.34981035525214155,0.3355184464137199,45.30536869268818,21.158453452870347,extension,43.27173484102855,20.35880845602759
DEMO_003,T03,37,3.7,train,synthetic_demo,0.24470607213419607,0.6103000070690483,0.30945582822770584,0.3619838625440669,43.27173484102855,20.35880845602759,extension,41.42137936306515,19.66479437128963
DEMO_003,T03,38,3.8000000000000003,train,synthetic_demo,0.26027949293692026,0.6683697342193358,0.2697262280271321,0.3549788697518214,41.42137936306515,19.66479437128963,extension,39.774575140626304,19.084014962200634
DEMO_003,T03,39,3.9000000000000004,train,synthetic_demo,0.27876365124299035,0.6504275206509694,0.2253234299464743,0.24535205052455095,39.774575140626304,19.084014962200634,extension,38.34936490538904,18.6228333695025
DEMO_003,T03,40,4.0,train,synthetic_demo,0.2829001619595894,0.5569895276493037,0.2518772110415467,0.2729723439594211,38.34936490538904,18.6228333695025,extension,37.16136355893498,18.286302395233275
DEMO_003,T03,41,4.1000000000000005,train,synthetic_demo,0.28456415391476697,0.5362035204204986,0.29362963235386813,0.2528942421552107,37.16136355893498,18.286302395233275,extension,36.22358709262116,18.078109143170686
DEMO_003,T03,42,4.2,train,synthetic_demo,0.2688170076830562,0.44483330467558635,0.35139719418561144,0.2138492722423645,36.22358709262116,18.078109143170686,extension,35.54630998165486,18.00053462215157
DEMO_003,T03,43,4.3,train,synthetic_demo,0.25295104671623514,0.3880012961437307,0.3387876141131488,0.18896750547756933,35.54630998165486,18.00053462215157,hold,35.13695261579316,18.05442875486172
DEMO_003,T03,44,4.4,train,synthetic_demo,0.28326483730767815,0.3396294909381364,0.29521269309433745,0.1325006614609291,35.13695261579316,18.05442875486172,hold,35.0,18.2392010659051
DEMO_003,T03,45,4.5,train,synthetic_demo,0.25002501853033127,0.3466215641861011,0.3156494872943718,0.10296765993321995,35.0,18.2392010659051,hold,35.13695261579316,18.552827151175826
DEMO_003,T03,46,4.6000000000000005,train,synthetic_demo,0.30904493410905604,0.2455523334270089,0.305717106292085,0.18641766132942422,35.13695261579316,18.552827151175826,hold,35.54630998165486,18.991870857653183
DEMO_003,T03,47,4.7,train,synthetic_demo,0.2974615908204515,0.32348546596846905,0.4022076281925442,0.22572753332932663,35.54630998165486,18.991870857653183,hold,36.223587092621166,19.55152193061322
DEMO_003,T03,48,4.800000000000001,train,synthetic_demo,0.3668626650295556,0.2825604369571532,0.40097538327974647,0.21258710275465031,36.223587092621166,19.55152193061322,flexion,37.16136355893498,20.225648715786054
DEMO_003,T03,49,4.9,train,synthetic_demo,0.35355349670304026,0.28377446862268857,0.4803427510996139,0.261999352061886,37.16136355893498,20.225648715786054,flexion,38.34936490538904,21.006865339043237
DEMO_003,T03,50,5.0,train,synthetic_demo,0.5021269252427455,0.2897801572870807,0.4074342893823667,0.20758840709267334,38.34936490538904,21.006865339043237,flexion,39.774575140626325,21.88661262758029
DEMO_003,T03,51,5.1000000000000005,train,synthetic_demo,0.4434969678923947,0.253164902530987,0.4805979550728512,0.19250270708221917,39.774575140626325,21.88661262758029,flexion,41.421379363065135,22.855251886005014
DEMO_003,T03,52,5.2,train,synthetic_demo,0.5794866860958621,0.2745782979914728,0.4623756128683165,0.18496576715111784,41.421379363065135,22.855251886005014,flexion,43.27173484102855,23.902170499901345
DEMO_003,T03,53,5.300000000000001,train,synthetic_demo,0.5549787945921505,0.3222635229624476,0.4711901749303125,0.18471918582280836,43.27173484102855,23.902170499901345,flexion,45.30536869268816,25.01589820985361
DEMO_003,T03,54,5.4,train,synthetic_demo,0.6430200829648952,0.2542044489166542,0.5496143898892184,0.20287547022384755,45.30536869268816,25.01589820985361,flexion,47.499999999999986,26.184232782009072
DEMO_003,T03,55,5.5,train,synthetic_demo,0.624546664051939,0.22270235168143174,0.5480785411936672,0.18365686642573123,47.499999999999986,26.184232782009072,flexion,49.831583923105,27.394373698305476
DEMO_003,T03,56,5.6000000000000005,train,synthetic_demo,0.6676772846161906,0.23324689328381193,0.5732762148310873,0.22497103356926243,49.831583923105,27.394373698305476,flexion,52.27457514062633,28.633062401625605
DEMO_003,T03,57,5.7,train,synthetic_demo,0.7237589926433814,0.2673719412057391,0.5354762025674142,0.23358535353992735,52.27457514062633,28.633062401625605,flexion,54.802207729556045,29.886727559323603
DEMO_003,T03,58,5.800000000000001,train,synthetic_demo,0.6501855666736264,0.25429422131893675,0.5509101323075127,0.16225842452351835,54.802207729556045,29.886727559323603,flexion,57.38678841830866,31.141633753585417
DEMO_004,T01,0,0.0,train,synthetic_demo,0.8300187021925011,0.16848736506930093,0.44805745655809626,0.16722593678508016,60.0,32.384031969540736,flexion,62.61321158169134,33.600310232347006
DEMO_004,T01,1,0.1,train,synthetic_demo,0.7878850733276144,0.14966689524065366,0.3960668230514601,0.18591826944552062,62.61321158169134,33.600310232347006,flexion,65.19779227044398,34.77714274283433
DEMO_004,T01,2,0.2,train,synthetic_demo,0.7884296857955413,0.2679249487457795,0.4230692504156241,0.21999983181137348,65.19779227044398,34.77714274283433,flexion,67.72542485937369,35.901635877749776
DEMO_004,T01,3,0.30000000000000004,train,synthetic_demo,0.7997804264883918,0.2614142234635901,0.37619057529478905,0.23408606921031633,67.72542485937369,35.901635877749776,flexion,70.168416076895,36.96146945499189
DEMO_004,T01,4,0.4,train,synthetic_demo,0.7446163913457032,0.20113171785873712,0.41452284753912677,0.16057154425696116,70.168416076895,36.96146945499189,flexion,72.5,37.945031716103976
DEMO_004,T01,5,0.5,train,synthetic_demo,0.735957628453549,0.2061853453466128,0.4006030525596236,0.19998839223700163,72.5,37.945031716103976,flexion,74.69463130731182,38.84154654712965
DEMO_004,T01,6,0.6000000000000001,train,synthetic_demo,0.8181312121739857,0.2718553377937313,0.28981849935184284,0.21195712329738958,74.69463130731182,38.84154654712965,flexion,76.72826515897145,39.64119154397241
DEMO_004,T01,7,0.7000000000000001,train,synthetic_demo,0.7040898353909208,0.21795818918553309,0.3978981483958537,0.10770556953836251,76.72826515897145,39.64119154397241,flexion,78.57862063693486,40.33520562871037
DEMO_004,T01,8,0.8,train,synthetic_demo,0.6080700425741955,0.25996939646473527,0.37265378503649077,0.2878222723052354,78.57862063693486,40.33520562871037,flexion,80.22542485937369,40.91598503779936
DEMO_004,T01,9,0.9,train,synthetic_demo,0.6607130689236073,0.1610556725127981,0.3460360502214648,0.1979335640843427,80.22542485937369,40.91598503779936,flexion,81.65063509461096,41.3771666304975
DEMO_004,T01,10,1.0,train,synthetic_demo,0.5638172192358324,0.20794778161672298,0.2721683273857162,0.190209827580384,81.65063509461096,41.3771666304975,flexion,82.83863644106502,41.71369760476672
DEMO_004,T01,11,1.1,train,synthetic_demo,0.5344650107932436,0.18693529906175108,0.27397643693006446,0.2248110278261749,82.83863644106502,41.71369760476672,flexion,83.77641290737884,41.921890856829314
DEMO_004,T01,12,1.2000000000000002,train,synthetic_demo,0.4371559664688933,0.1959982454159847,0.284118893193535,0.14833420096661853,83.77641290737884,41.921890856829314,flexion,84.45369001834514,41.99946537784843
DEMO_004,T01,13,1.3,train,synthetic_demo,0.37897273657281993,0.15913799672472956,0.22855998780921202,0.3024654978790591,84.45369001834514,41.99946537784843,hold,84.86304738420684,41.94557124513828
DEMO_004,T01,14,1.4000000000000001,train,synthetic_demo,0.3050019563160736,0.24892169499692365,0.26861074692951986,0.15277628637243046,84.86304738420684,41.94557124513828,hold,85.0,41.7607989340949
DEMO_004,T01,15,1.5,train,synthetic_demo,0.24592537846180385,0.2052458805298546,0.18433321771573677,0.2588552434872588,85.0,41.7607989340949,hold,84.86304738420684,41.44717284882418
DEMO_004,T01,16,1.6,train,synthetic_demo,0.3407182525769967,0.26940078101746284,0.2120102348040521,0.29004236803019656,84.86304738420684,41.44717284882418,hold,84.45369001834514,41.00812914234682
DEMO_004,T01,17,1.7000000000000002,train,synthetic_demo,0.3052141298809023,0.2387189220971067,0.19782541024048667,0.306940951373887,84.45369001834514,41.00812914234682,hold,83.77641290737884,40.44847806938679
DEMO_004,T01,18,1.8,train,synthetic_demo,0.29050362905354377,0.3318487079698611,0.25005038161366694,0.22537333899245676,83.77641290737884,40.44847806938679,extension,82.83863644106502,39.77435128421395
DEMO_004,T01,19,1.9000000000000001,train,synthetic_demo,0.3447602042664092,0.2900248639371379,0.21930529373147128,0.33375616073439657,82.83863644106502,39.77435128421395,extension,81.65063509461098,38.99313466095676
DEMO_004,T01,20,2.0,train,synthetic_demo,0.2877795999755838,0.397944343053911,0.1991944748884823,0.31983982014109824,81.65063509461098,38.99313466095676,extension,80.22542485937369,38.113387372419716
DEMO_004,T01,21,2.1,train,synthetic_demo,0.28920584628101265,0.42991900889624934,0.19474065412664726,0.37203696236743183,80.22542485937369,38.113387372419716,extension,78.57862063693486,37.14474811399498
DEMO_004,T01,22,2.2,train,synthetic_demo,0.26247687035495576,0.4333232400312251,0.2102303657569829,0.3901660670932425,78.57862063693486,37.14474811399498,extension,76.72826515897145,36.097829500098655
DEMO_004,T01,23,2.3000000000000003,train,synthetic_demo,0.28171315603372715,0.4949011998588597,0.274965973541034,0.3697733778054594,76.72826515897145,36.097829500098655,extension,74.69463130731182,34.98410179014638
DEMO_004,T01,24,2.4000000000000004,train,synthetic_demo,0.3380693684604121,0.45925826750980675,0.24112311382302679,0.3896976166660028,74.69463130731182,34.98410179014638,extension,72.5,33.815767217990924
DEMO_004,T01,25,2.5,train,synthetic_demo,0.3662742907127724,0.508823623999538,0.1892841766655724,0.4412567740925937,72.5,33.815767217990924,extension,70.16841607689501,32.60562630169453
DEMO_004,T01,26,2.6,train,synthetic_demo,0.30680058834262963,0.5468565055011002,0.13383282932865392,0.42396910319650893,70.16841607689501,32.60562630169453,extension,67.72542485937369,31.366937598374406
DEMO_004,T01,27,2.7,train,synthetic_demo,0.2885367130241858,0.5609534563065971,0.190935670092913,0.4592665609203359,67.72542485937369,31.366937598374406,extension,65.19779227044398,30.11327244067641
DEMO_004,T01,28,2.8000000000000003,train,synthetic_demo,0.291629646004338,0.5592468403964902,0.16348664214042524,0.407801174909436,65.19779227044398,30.11327244067641,extension,62.613211581691324,28.85836624641458
DEMO_004,T01,29,2.9000000000000004,train,synthetic_demo,0.2536544338197906,0.6215777481445729,0.22654162330128277,0.3924641130719223,62.613211581691324,28.85836624641458,extension,60.0,27.615968030459264
DEMO_004,T01,30,3.0,train,synthetic_demo,0.2854237703503831,0.6264273409490041,0.2226755171014496,0.4099307570246664,60.0,27.615968030459264,extension,57.38678841830866,26.39968976765299
DEMO_004,T01,31,3.1,train,synthetic_demo,0.3567567665068328,0.5865663130531965,0.2494236128724544,0.3926320708604523,57.38678841830866,26.39968976765299,extension,54.802207729556024,25.22285725716567
DEMO_004,T01,32,3.2,train,synthetic_demo,0.27842123382882167,0.5970397806404605,0.21607562652745393,0.40988710058919464,54.802207729556024,25.22285725716567,extension,52.27457514062632,24.098364122250224
DEMO_004,T01,33,3.3000000000000003,train,synthetic_demo,0.2894709421422232,0.5574569893616699,0.2130680345568947,0.3416007862597165,52.27457514062632,24.098364122250224,extension,49.831583923104986,23.038530545008104
DEMO_004,T01,34,3.4000000000000004,train,synthetic_demo,0.33737909183884196,0.5225656615751659,0.1758518782544135,0.37876558083351364,49.831583923104986,23.038530545008104,extension,47.50000000000001,22.054968283896024
DEMO_004,T01,35,3.5,train,synthetic_demo,0.26876130599029957,0.5700565073498737,0.24014712045794956,0.3418743633498039,47.50000000000001,22.054968283896024,extension,45.30536869268818,21.158453452870347
DEMO_004,T01,36,3.6,train,synthetic_demo,0.2607608351275372,0.5273005568965401,0.1933702066737583,0.29923006206446656,45.30536869268818,21.158453452870347,extension,43.27173484102855,20.35880845602759
DEMO_004,T01,37,3.7,train,synthetic_demo,0.23358870027337236,0.5050847168637894,0.1630873849874963,0.2890914686856481,43.27173484102855,20.35880845602759,extension,41.42137936306515,19.66479437128963
DEMO_004,T01,38,3.8000000000000003,train,synthetic_demo,0.3158273341755076,0.4810101706533092,0.17671396374746554,0.2908052481328902,41.42137936306515,19.66479437128963,extension,39.774575140626304,19.084014962200634
DEMO_004,T01,39,3.9000000000000004,train,synthetic_demo,0.3257454289545163,0.4300155546555538,0.2014206157783331,0.2969795844521423,39.774575140626304,19.084014962200634,extension,38.34936490538904,18.6228333695025
DEMO_004,T01,40,4.0,train,synthetic_demo,0.3062291004030359,0.3515586726845203,0.18203722653755577,0.31160988576601945,38.34936490538904,18.6228333695025,extension,37.16136355893498,18.286302395233275
DEMO_004,T01,41,4.1000000000000005,train,synthetic_demo,0.3530326168030822,0.38723828284125333,0.2110790135173394,0.22795336510577485,37.16136355893498,18.286302395233275,extension,36.22358709262116,18.078109143170686
DEMO_004,T01,42,4.2,train,synthetic_demo,0.2937524249689802,0.35617825959047855,0.26181608917996674,0.23002908207780223,36.22358709262116,18.078109143170686,extension,35.54630998165486,18.00053462215157
DEMO_004,T01,43,4.3,train,synthetic_demo,0.30580981490886755,0.23144979816523248,0.2130393662058055,0.25981782321905933,35.54630998165486,18.00053462215157,hold,35.13695261579316,18.05442875486172
DEMO_004,T01,44,4.4,train,synthetic_demo,0.28689307947895915,0.2596388877422217,0.27003097679847443,0.2353704699212656,35.13695261579316,18.05442875486172,hold,35.0,18.2392010659051
DEMO_004,T01,45,4.5,train,synthetic_demo,0.29524326238785104,0.18526654087638675,0.18563136573947475,0.1661775410499608,35.0,18.2392010659051,hold,35.13695261579316,18.552827151175826
DEMO_004,T01,46,4.6000000000000005,train,synthetic_demo,0.33610938392380807,0.22993193769312165,0.2906323109316226,0.24673725403056163,35.13695261579316,18.552827151175826,hold,35.54630998165486,18.991870857653183
DEMO_004,T01,47,4.7,train,synthetic_demo,0.35881661067761245,0.14273651380339192,0.3259487304983093,0.268969446508242,35.54630998165486,18.991870857653183,hold,36.223587092621166,19.55152193061322
DEMO_004,T01,48,4.800000000000001,train,synthetic_demo,0.4616272139661127,0.18576467723182846,0.35642835116787075,0.2559503311106182,36.223587092621166,19.55152193061322,flexion,37.16136355893498,20.225648715786054
DEMO_004,T01,49,4.9,train,synthetic_demo,0.46385018077500334,0.19294823082100462,0.3800594522225865,0.21540329481907358,37.16136355893498,20.225648715786054,flexion,38.34936490538904,21.006865339043237
DEMO_004,T01,50,5.0,train,synthetic_demo,0.5276535663593688,0.1945664435735968,0.33195445002440244,0.1558289567067473,38.34936490538904,21.006865339043237,flexion,39.774575140626325,21.88661262758029
DEMO_004,T01,51,5.1000000000000005,train,synthetic_demo,0.6127242877578364,0.1597591558061088,0.3749396454749665,0.17408732026227122,39.774575140626325,21.88661262758029,flexion,41.421379363065135,22.855251886005014
DEMO_004,T01,52,5.2,train,synthetic_demo,0.6596096931609355,0.19227561882667915,0.384416368454164,0.1526412602517961,41.421379363065135,22.855251886005014,flexion,43.27173484102855,23.902170499901345
DEMO_004,T01,53,5.300000000000001,train,synthetic_demo,0.6913492451802559,0.1891232842380437,0.3779311979239153,0.22068366019608998,43.27173484102855,23.902170499901345,flexion,45.30536869268816,25.01589820985361
DEMO_004,T01,54,5.4,train,synthetic_demo,0.7492251283063275,0.2628232085840213,0.4228700045752823,0.21406081533197413,45.30536869268816,25.01589820985361,flexion,47.499999999999986,26.184232782009072
DEMO_004,T01,55,5.5,train,synthetic_demo,0.7149592066837414,0.18069582338128387,0.46522128934114926,0.19055833919391352,47.499999999999986,26.184232782009072,flexion,49.831583923105,27.394373698305476
DEMO_004,T01,56,5.6000000000000005,train,synthetic_demo,0.8360828226778507,0.16149245230107448,0.425949796574911,0.20014126045467207,49.831583923105,27.394373698305476,flexion,52.27457514062633,28.633062401625605
DEMO_004,T01,57,5.7,train,synthetic_demo,0.7699832298596332,0.19447822169858509,0.4288909736981403,0.21300608112225405,52.27457514062633,28.633062401625605,flexion,54.802207729556045,29.886727559323603
DEMO_004,T01,58,5.800000000000001,train,synthetic_demo,0.804864560397026,0.24148536398353337,0.5240737779986039,0.23324657473397484,54.802207729556045,29.886727559323603,flexion,57.38678841830866,31.141633753585417
DEMO_004,T02,0,0.0,train,synthetic_demo,0.8367287332076876,0.15403955592583496,0.45703089186599316,0.18124467926783988,60.0,32.384031969540736,flexion,62.61321158169134,33.600310232347006
DEMO_004,T02,1,0.1,train,synthetic_demo,0.8296382363102102,0.22407767574235282,0.36171569053468894,0.17999777168291342,62.61321158169134,33.600310232347006,flexion,65.19779227044398,34.77714274283433
DEMO_004,T02,2,0.2,train,synthetic_demo,0.8211030945521484,0.2227135930431407,0.44765329063601966,0.19585261819482236,65.19779227044398,34.77714274283433,flexion,67.72542485937369,35.901635877749776
DEMO_004,T02,3,0.30000000000000004,train,synthetic_demo,0.7910710525946529,0.26844839377072377,0.4164673224194525,0.23661136305780398,67.72542485937369,35.901635877749776,flexion,70.168416076895,36.96146945499189
DEMO_004,T02,4,0.4,train,synthetic_demo,0.7653283572918341,0.15332444024933167,0.4135212755968702,0.22692300231930196,70.168416076895,36.96146945499189,flexion,72.5,37.945031716103976
DEMO_004,T02,5,0.5,train,synthetic_demo,0.7824933926623937,0.1745117216385685,0.3582129559988315,0.1322048819915051,72.5,37.945031716103976,flexion,74.69463130731182,38.84154654712965
DEMO_004,T02,6,0.6000000000000001,train,synthetic_demo,0.7390585360271689,0.23445248289099085,0.34338001755707165,0.19240297599528183,74.69463130731182,38.84154654712965,flexion,76.72826515897145,39.64119154397241
DEMO_004,T02,7,0.7000000000000001,train,synthetic_demo,0.6771747774377205,0.2616474282576086,0.38097262260458287,0.24773201367267197,76.72826515897145,39.64119154397241,flexion,78.57862063693486,40.33520562871037
DEMO_004,T02,8,0.8,train,synthetic_demo,0.6405285549124478,0.190423016230399,0.36866657190576835,0.14980143955144637,78.57862063693486,40.33520562871037,flexion,80.22542485937369,40.91598503779936
DEMO_004,T02,9,0.9,train,synthetic_demo,0.6207335512404167,0.16050144556647133,0.3372902500864569,0.22559970836390508,80.22542485937369,40.91598503779936,flexion,81.65063509461096,41.3771666304975
DEMO_004,T02,10,1.0,train,synthetic_demo,0.5253948705896553,0.21362316628506295,0.24879963041871905,0.17108756648012363,81.65063509461096,41.3771666304975,flexion,82.83863644106502,41.71369760476672
DEMO_004,T02,11,1.1,train,synthetic_demo,0.4934880127709733,0.17925676241506816,0.3009224557136386,0.280762264513307,82.83863644106502,41.71369760476672,flexion,83.77641290737884,41.921890856829314
DEMO_004,T02,12,1.2000000000000002,train,synthetic_demo,0.45584438471086886,0.20570271559220443,0.26977766344117354,0.1964683540046489,83.77641290737884,41.921890856829314,flexion,84.45369001834514,41.99946537784843
DEMO_004,T02,13,1.3,train,synthetic_demo,0.4180716218122801,0.139895428522571,0.19636567956029316,0.15351159001753262,84.45369001834514,41.99946537784843,hold,84.86304738420684,41.94557124513828
DEMO_004,T02,14,1.4000000000000001,train,synthetic_demo,0.2807330898454985,0.23884858246194035,0.20789784037254697,0.28205803598126006,84.86304738420684,41.94557124513828,hold,85.0,41.7607989340949
DEMO_004,T02,15,1.5,train,synthetic_demo,0.34512342684818864,0.20329891993857938,0.20383682667090489,0.22220122423146188,85.0,41.7607989340949,hold,84.86304738420684,41.44717284882418
DEMO_004,T02,16,1.6,train,synthetic_demo,0.20698087815492006,0.22553827040064878,0.20878236823423615,0.2460885995772422,84.86304738420684,41.44717284882418,hold,84.45369001834514,41.00812914234682
DEMO_004,T02,17,1.7000000000000002,train,synthetic_demo,0.2583557940112189,0.2794678411543877,0.20536474410460748,0.29472445135957354,84.45369001834514,41.00812914234682,hold,83.77641290737884,40.44847806938679
DEMO_004,T02,18,1.8,train,synthetic_demo,0.25773892864839476,0.38572295980446336,0.23717689919323742,0.30372815160257616,83.77641290737884,40.44847806938679,extension,82.83863644106502,39.77435128421395
DEMO_004,T02,19,1.9000000000000001,train,synthetic_demo,0.26482450023140003,0.32222727736535783,0.24577143162165796,0.31334702655127,82.83863644106502,39.77435128421395,extension,81.65063509461098,38.99313466095676
DEMO_004,T02,20,2.0,train,synthetic_demo,0.2939051301318232,0.405091744656383,0.19916596781241244,0.3536347957101404,81.65063509461098,38.99313466095676,extension,80.22542485937369,38.113387372419716
DEMO_004,T02,21,2.1,train,synthetic_demo,0.22713060128062115,0.38947949180878494,0.15057998039253873,0.3458507352115061,80.22542485937369,38.113387372419716,extension,78.57862063693486,37.14474811399498
DEMO_004,T02,22,2.2,train,synthetic_demo,0.2772209192454141,0.5145971673019514,0.19057070461195388,0.3788806114300468,78.57862063693486,37.14474811399498,extension,76.72826515897145,36.097829500098655
DEMO_004,T02,23,2.3000000000000003,train,synthetic_demo,0.3064132707923987,0.5291909443251073,0.23365464272123052,0.4116699131534712,76.72826515897145,36.097829500098655,extension,74.69463130731182,34.98410179014638
DEMO_004,T02,24,2.4000000000000004,train,synthetic_demo,0.3542970970952257,0.4462578898060295,0.19742734999704092,0.3824058727312603,74.69463130731182,34.98410179014638,extension,72.5,33.815767217990924
DEMO_004,T02,25,2.5,train,synthetic_demo,0.2892506998833529,0.5036141287837291,0.2548408128745635,0.38185053147579556,72.5,33.815767217990924,extension,70.16841607689501,32.60562630169453
DEMO_004,T02,26,2.6,train,synthetic_demo,0.2687336958577814,0.5593888737749694,0.19158181790784773,0.3725740831718712,70.16841607689501,32.60562630169453,extension,67.72542485937369,31.366937598374406
DEMO_004,T02,27,2.7,train,synthetic_demo,0.24580903994840997,0.5523307418101022,0.25275292728041276,0.4403683594767,67.72542485937369,31.366937598374406,extension,65.19779227044398,30.11327244067641
DEMO_004,T02,28,2.8000000000000003,train,synthetic_demo,0.3068450346985715,0.5710041224201988,0.19768028761330228,0.41054354813294275,65.19779227044398,30.11327244067641,extension,62.613211581691324,28.85836624641458
DEMO_004,T02,29,2.9000000000000004,train,synthetic_demo,0.24835244040417817,0.5784135297392173,0.2520148061987056,0.35622024133850905,62.613211581691324,28.85836624641458,extension,60.0,27.615968030459264
DEMO_004,T02,30,3.0,train,synthetic_demo,0.3371731986644766,0.4995081550546208,0.1899708200645044,0.3720293907179525,60.0,27.615968030459264,extension,57.38678841830866,26.39968976765299
DEMO_004,T02,31,3.1,train,synthetic_demo,0.26593313569382204,0.5603938326987085,0.2607496133948235,0.36898090590957217,57.38678841830866,26.39968976765299,extension,54.802207729556024,25.22285725716567
DEMO_004,T02,32,3.2,train,synthetic_demo,0.2586354550989923,0.5407124149368014,0.19756662446762543,0.37400044169070384,54.802207729556024,25.22285725716567,extension,52.27457514062632,24.098364122250224
DEMO_004,T02,33,3.3000000000000003,train,synthetic_demo,0.24422473134811837,0.565315457743242,0.21205868270457884,0.4212741390716462,52.27457514062632,24.098364122250224,extension,49.831583923104986,23.038530545008104
DEMO_004,T02,34,3.4000000000000004,train,synthetic_demo,0.3338485681145307,0.4880114363692093,0.2717005921733354,0.3928138267057562,49.831583923104986,23.038530545008104,extension,47.50000000000001,22.054968283896024
DEMO_004,T02,35,3.5,train,synthetic_demo,0.33502498320096713,0.5217065924685508,0.23937206351575024,0.38112556560656313,47.50000000000001,22.054968283896024,extension,45.30536869268818,21.158453452870347
DEMO_004,T02,36,3.6,train,synthetic_demo,0.3377627350800554,0.4825263296511452,0.19578640532959238,0.33750688704883836,45.30536869268818,21.158453452870347,extension,43.27173484102855,20.35880845602759
DEMO_004,T02,37,3.7,train,synthetic_demo,0.3382511644504287,0.5329993886564606,0.1780766572606274,0.348583440205219,43.27173484102855,20.35880845602759,extension,41.42137936306515,19.66479437128963
DEMO_004,T02,38,3.8000000000000003,train,synthetic_demo,0.2902122017582253,0.44434761429165937,0.2362369590555521,0.37708588778638225,41.42137936306515,19.66479437128963,extension,39.774575140626304,19.084014962200634
DEMO_004,T02,39,3.9000000000000004,train,synthetic_demo,0.3122572448085024,0.4067636916612199,0.1958233586737778,0.31081479553252145,39.774575140626304,19.084014962200634,extension,38.34936490538904,18.6228333695025
DEMO_004,T02,40,4.0,train,synthetic_demo,0.3011478841743295,0.43022422477761224,0.26713114403411714,0.28214405478732246,38.34936490538904,18.6228333695025,extension,37.16136355893498,18.286302395233275
DEMO_004,T02,41,4.1000000000000005,train,synthetic_demo,0.3137008898031477,0.4149046318641956,0.2639761017457492,0.22109917496413387,37.16136355893498,18.286302395233275,extension,36.22358709262116,18.078109143170686
DEMO_004,T02,42,4.2,train,synthetic_demo,0.24259062098205075,0.272538844962947,0.15719251068409196,0.2448179388444011,36.22358709262116,18.078109143170686,extension,35.54630998165486,18.00053462215157
DEMO_004,T02,43,4.3,train,synthetic_demo,0.24876864821720662,0.3066355908636675,0.18984796560542325,0.24285710911943686,35.54630998165486,18.00053462215157,hold,35.13695261579316,18.05442875486172
DEMO_004,T02,44,4.4,train,synthetic_demo,0.31462842968607313,0.2498403685741874,0.25506774121396075,0.16214943504844842,35.13695261579316,18.05442875486172,hold,35.0,18.2392010659051
DEMO_004,T02,45,4.5,train,synthetic_demo,0.2058596837296394,0.18570452281993913,0.27671751473233863,0.16079100409550867,35.0,18.2392010659051,hold,35.13695261579316,18.552827151175826
DEMO_004,T02,46,4.6000000000000005,train,synthetic_demo,0.3694547836524771,0.2254725197006152,0.2872489866614837,0.2154207447777746,35.13695261579316,18.552827151175826,hold,35.54630998165486,18.991870857653183
DEMO_004,T02,47,4.7,train,synthetic_demo,0.39769948590018567,0.20938967562505795,0.25991299536363716,0.24306467257362258,35.54630998165486,18.991870857653183,hold,36.223587092621166,19.55152193061322
DEMO_004,T02,48,4.800000000000001,train,synthetic_demo,0.466133345390992,0.22309567455109516,0.29850224738459435,0.15391615289701047,36.223587092621166,19.55152193061322,flexion,37.16136355893498,20.225648715786054
DEMO_004,T02,49,4.9,train,synthetic_demo,0.5486819049261655,0.1525041610175126,0.3323781580101766,0.2020536406717887,37.16136355893498,20.225648715786054,flexion,38.34936490538904,21.006865339043237
DEMO_004,T02,50,5.0,train,synthetic_demo,0.5633705642400663,0.21556200779221515,0.36129826297096923,0.15581037695223368,38.34936490538904,21.006865339043237,flexion,39.774575140626325,21.88661262758029
DEMO_004,T02,51,5.1000000000000005,train,synthetic_demo,0.5912584270879209,0.20095483905269051,0.3971298227472154,0.21431132026814265,39.774575140626325,21.88661262758029,flexion,41.421379363065135,22.855251886005014
DEMO_004,T02,52,5.2,train,synthetic_demo,0.6835727100926786,0.23357257826206074,0.3482368735359134,0.20834308594523476,41.421379363065135,22.855251886005014,flexion,43.27173484102855,23.902170499901345
DEMO_004,T02,53,5.300000000000001,train,synthetic_demo,0.698330457309659,0.18640258047310188,0.4584999972501752,0.1867548112451356,43.27173484102855,23.902170499901345,flexion,45.30536869268816,25.01589820985361
DEMO_004,T02,54,5.4,train,synthetic_demo,0.6723901912590093,0.14202692202425116,0.3998961699918641,0.1898783204349351,45.30536869268816,25.01589820985361,flexion,47.499999999999986,26.184232782009072
DEMO_004,T02,55,5.5,train,synthetic_demo,0.7346222692371969,0.1269153618415575,0.4253067319454272,0.24664125193949069,47.499999999999986,26.184232782009072,flexion,49.831583923105,27.394373698305476
DEMO_004,T02,56,5.6000000000000005,train,synthetic_demo,0.7506055938342414,0.22584592018996424,0.4096972524661939,0.1779158390421936,49.831583923105,27.394373698305476,flexion,52.27457514062633,28.633062401625605
DEMO_004,T02,57,5.7,train,synthetic_demo,0.840466221225584,0.2305241469817333,0.46669149813219135,0.28902166575929866,52.27457514062633,28.633062401625605,flexion,54.802207729556045,29.886727559323603
DEMO_004,T02,58,5.800000000000001,train,synthetic_demo,0.8082870246285477,0.2051177209905178,0.4425909225825848,0.25806878601935135,54.802207729556045,29.886727559323603,flexion,57.38678841830866,31.141633753585417
DEMO_004,T03,0,0.0,train,synthetic_demo,0.8378544307654563,0.22242130609815206,0.45266653353799596,0.2011527768392292,60.0,32.384031969540736,flexion,62.61321158169134,33.600310232347006
DEMO_004,T03,1,0.1,train,synthetic_demo,0.8388179615793413,0.22854779893354113,0.3964025439122478,0.16381158893183057,62.61321158169134,33.600310232347006,flexion,65.19779227044398,34.77714274283433
DEMO_004,T03,2,0.2,train,synthetic_demo,0.8168921625893079,0.19166627776904308,0.36931415274288093,0.2349357889223893,65.19779227044398,34.77714274283433,flexion,67.72542485937369,35.901635877749776
DEMO_004,T03,3,0.30000000000000004,train,synthetic_demo,0.809079364496755,0.25480108759423165,0.4076220068331369,0.210476544462015,67.72542485937369,35.901635877749776,flexion,70.168416076895,36.96146945499189
DEMO_004,T03,4,0.4,train,synthetic_demo,0.7240101109579563,0.25535857881541135,0.4187731186522042,0.2391020050502305,70.168416076895,36.96146945499189,flexion,72.5,37.945031716103976
DEMO_004,T03,5,0.5,train,synthetic_demo,0.7406805520927007,0.20383284619626418,0.394322731342396,0.18116312750805807,72.5,37.945031716103976,flexion,74.69463130731182,38.84154654712965
DEMO_004,T03,6,0.6000000000000001,train,synthetic_demo,0.6920511248917411,0.2757144277221869,0.3786674954238676,0.18340057712241298,74.69463130731182,38.84154654712965,flexion,76.72826515897145,39.64119154397241
DEMO_004,T03,7,0.7000000000000001,train,synthetic_demo,0.6345606520557141,0.16444245870988977,0.3603732166002903,0.1738942148412953,76.72826515897145,39.64119154397241,flexion,78.57862063693486,40.33520562871037
DEMO_004,T03,8,0.8,train,synthetic_demo,0.6073307532981588,0.19819271759594723,0.3422536775023643,0.2523104108736545,78.57862063693486,40.33520562871037,flexion,80.22542485937369,40.91598503779936
DEMO_004,T03,9,0.9,train,synthetic_demo,0.5735586633127967,0.18105415329389613,0.3222124095955293,0.19029589506441513,80.22542485937369,40.91598503779936,flexion,81.65063509461096,41.3771666304975
DEMO_004,T03,10,1.0,train,synthetic_demo,0.5852909099855713,0.18905901964571367,0.24135614271904796,0.1822920227568734,81.65063509461096,41.3771666304975,flexion,82.83863644106502,41.71369760476672
DEMO_004,T03,11,1.1,train,synthetic_demo,0.4523234620912833,0.1867705304803718,0.2826183676898056,0.2089926646736202,82.83863644106502,41.71369760476672,flexion,83.77641290737884,41.921890856829314
DEMO_004,T03,12,1.2000000000000002,train,synthetic_demo,0.45105845461775895,0.1605348066202345,0.21652546335424422,0.19355136990470387,83.77641290737884,41.921890856829314,flexion,84.45369001834514,41.99946537784843
DEMO_004,T03,13,1.3,train,synthetic_demo,0.4104517942112127,0.29373661962192976,0.19619852310196384,0.24003759157351182,84.45369001834514,41.99946537784843,hold,84.86304738420684,41.94557124513828
DEMO_004,T03,14,1.4000000000000001,train,synthetic_demo,0.30680856375946913,0.16888171438388797,0.14900287168608217,0.1993092663942558,84.86304738420684,41.94557124513828,hold,85.0,41.7607989340949
DEMO_004,T03,15,1.5,train,synthetic_demo,0.32851138344343106,0.20422374731844423,0.26059228942832147,0.23061632098763096,85.0,41.7607989340949,hold,84.86304738420684,41.44717284882418
DEMO_004,T03,16,1.6,train,synthetic_demo,0.3291778137909527,0.22423639344938892,0.24887055094419658,0.326310597538165,84.86304738420684,41.44717284882418,hold,84.45369001834514,41.00812914234682
DEMO_004,T03,17,1.7000000000000002,train,synthetic_demo,0.2838174900889455,0.23473393259317576,0.2821149200844841,0.25901919999323153,84.45369001834514,41.00812914234682,hold,83.77641290737884,40.44847806938679
DEMO_004,T03,18,1.8,train,synthetic_demo,0.272008804368997,0.3085930749480303,0.24981394606352603,0.3330732021163923,83.77641290737884,40.44847806938679,extension,82.83863644106502,39.77435128421395
DEMO_004,T03,19,1.9000000000000001,train,synthetic_demo,0.31474208541565135,0.34613034039041773,0.21105883197449793,0.3561089629943763,82.83863644106502,39.77435128421395,extension,81.65063509461098,38.99313466095676
DEMO_004,T03,20,2.0,train,synthetic_demo,0.35018564669035845,0.34669031827193836,0.26182168115203647,0.3783485331737771,81.65063509461098,38.99313466095676,extension,80.22542485937369,38.113387372419716
DEMO_004,T03,21,2.1,train,synthetic_demo,0.31525139158224347,0.39882749651061844,0.2217653363768895,0.37405468832058886,80.22542485937369,38.113387372419716,extension,78.57862063693486,37.14474811399498
DEMO_004,T03,22,2.2,train,synthetic_demo,0.27002954184946,0.4950251471469958,0.20212833550865955,0.4284150198142006,78.57862063693486,37.14474811399498,extension,76.72826515897145,36.097829500098655
DEMO_004,T03,23,2.3000000000000003,train,synthetic_demo,0.24030360342706625,0.43329896437836457,0.15241008462647454,0.4116397193341038,76.72826515897145,36.097829500098655,extension,74.69463130731182,34.98410179014638
DEMO_004,T03,24,2.4000000000000004,train,synthetic_demo,0.26106718612845337,0.4770193675103661,0.2506485023160012,0.45750851735795023,74.69463130731182,34.98410179014638,extension,72.5,33.815767217990924
DEMO_004,T03,25,2.5,train,synthetic_demo,0.26630703341335205,0.5746623272627388,0.23758788421232413,0.40414652154058067,72.5,33.815767217990924,extension,70.16841607689501,32.60562630169453
DEMO_004,T03,26,2.6,train,synthetic_demo,0.25069442762383165,0.4949874635800061,0.2207685751894037,0.4150136371171065,70.16841607689501,32.60562630169453,extension,67.72542485937369,31.366937598374406
DEMO_004,T03,27,2.7,train,synthetic_demo,0.2683197089691899,0.5235137906911573,0.1723951717442715,0.42637863701698614,67.72542485937369,31.366937598374406,extension,65.19779227044398,30.11327244067641
DEMO_004,T03,28,2.8000000000000003,train,synthetic_demo,0.31617580044966015,0.5935038234564022,0.2400443230519471,0.39624834013376153,65.19779227044398,30.11327244067641,extension,62.613211581691324,28.85836624641458
DEMO_004,T03,29,2.9000000000000004,train,synthetic_demo,0.34858245223413603,0.5390570657600607,0.2384839067984267,0.400285887992233,62.613211581691324,28.85836624641458,extension,60.0,27.615968030459264
DEMO_004,T03,30,3.0,train,synthetic_demo,0.25341859454992355,0.5537495497912782,0.23766733740327647,0.44927483796253,60.0,27.615968030459264,extension,57.38678841830866,26.39968976765299
DEMO_004,T03,31,3.1,train,synthetic_demo,0.3038894135581486,0.4716815630389487,0.24432774988075368,0.3313369745360445,57.38678841830866,26.39968976765299,extension,54.802207729556024,25.22285725716567
DEMO_004,T03,32,3.2,train,synthetic_demo,0.36009360005109187,0.5759649781667446,0.22376430718104004,0.43338321586625334,54.802207729556024,25.22285725716567,extension,52.27457514062632,24.098364122250224
DEMO_004,T03,33,3.3000000000000003,train,synthetic_demo,0.28271085685282893,0.5493254733396197,0.20525832361616986,0.39303492847847593,52.27457514062632,24.098364122250224,extension,49.831583923104986,23.038530545008104
DEMO_004,T03,34,3.4000000000000004,train,synthetic_demo,0.2955518479934131,0.5524407691865317,0.10208625862769204,0.3735369813347924,49.831583923104986,23.038530545008104,extension,47.50000000000001,22.054968283896024
DEMO_004,T03,35,3.5,train,synthetic_demo,0.23670079403962968,0.622387292896351,0.24653782992555973,0.3959797178251494,47.50000000000001,22.054968283896024,extension,45.30536869268818,21.158453452870347
DEMO_004,T03,36,3.6,train,synthetic_demo,0.309272648271261,0.5292073692610112,0.18715925070384695,0.3757185860457285,45.30536869268818,21.158453452870347,extension,43.27173484102855,20.35880845602759
DEMO_004,T03,37,3.7,train,synthetic_demo,0.3227095994957544,0.487619363083479,0.24580843064369592,0.3686275634683482,43.27173484102855,20.35880845602759,extension,41.42137936306515,19.66479437128963
DEMO_004,T03,38,3.8000000000000003,train,synthetic_demo,0.29325521326089,0.41471887783902167,0.24758458032878616,0.36691913666535414,41.42137936306515,19.66479437128963,extension,39.774575140626304,19.084014962200634
DEMO_004,T03,39,3.9000000000000004,train,synthetic_demo,0.2509682988899923,0.46474447448362066,0.2280139610931985,0.31574347626850163,39.774575140626304,19.084014962200634,extension,38.34936490538904,18.6228333695025
DEMO_004,T03,40,4.0,train,synthetic_demo,0.3225852445079674,0.3541875148364383,0.22917204622776807,0.3097753459958615,38.34936490538904,18.6228333695025,extension,37.16136355893498,18.286302395233275
DEMO_004,T03,41,4.1000000000000005,train,synthetic_demo,0.34289671791463655,0.38746151748136104,0.18626475220106636,0.26019714969780744,37.16136355893498,18.286302395233275,extension,36.22358709262116,18.078109143170686
DEMO_004,T03,42,4.2,train,synthetic_demo,0.28427952491691205,0.3228695790573252,0.25797140732177265,0.18267199243825422,36.22358709262116,18.078109143170686,extension,35.54630998165486,18.00053462215157
DEMO_004,T03,43,4.3,train,synthetic_demo,0.31131514919177866,0.2988224510924164,0.18491526884377152,0.24942679372518195,35.54630998165486,18.00053462215157,hold,35.13695261579316,18.05442875486172
DEMO_004,T03,44,4.4,train,synthetic_demo,0.2724248223129981,0.24639781322695145,0.14880594911415776,0.24723259638358488,35.13695261579316,18.05442875486172,hold,35.0,18.2392010659051
DEMO_004,T03,45,4.5,train,synthetic_demo,0.28307552932524627,0.19498701075625108,0.313784486438801,0.13995747490919147,35.0,18.2392010659051,hold,35.13695261579316,18.552827151175826
DEMO_004,T03,46,4.6000000000000005,train,synthetic_demo,0.37864466239193517,0.2431814759573845,0.21459544814693932,0.21716724695271178,35.13695261579316,18.552827151175826,hold,35.54630998165486,18.991870857653183
DEMO_004,T03,47,4.7,train,synthetic_demo,0.3891618453845681,0.1690526153579767,0.26064581372922685,0.2334120097870641,35.54630998165486,18.991870857653183,hold,36.223587092621166,19.55152193061322
DEMO_004,T03,48,4.800000000000001,train,synthetic_demo,0.49712602005634227,0.16651264421754894,0.29326516140290143,0.23694204001071167,36.223587092621166,19.55152193061322,flexion,37.16136355893498,20.225648715786054
DEMO_004,T03,49,4.9,train,synthetic_demo,0.5928366134403487,0.15114640887343928,0.29438755127270316,0.16940223846519914,37.16136355893498,20.225648715786054,flexion,38.34936490538904,21.006865339043237
DEMO_004,T03,50,5.0,train,synthetic_demo,0.5186291135137793,0.2473751555832128,0.32746586626420443,0.28763595077793175,38.34936490538904,21.006865339043237,flexion,39.774575140626325,21.88661262758029
DEMO_004,T03,51,5.1000000000000005,train,synthetic_demo,0.6194701662189428,0.2425999664460539,0.40286281142345154,0.17104995361759565,39.774575140626325,21.88661262758029,flexion,41.421379363065135,22.855251886005014
DEMO_004,T03,52,5.2,train,synthetic_demo,0.5958970893042818,0.24010941675192077,0.43875971493416027,0.22364895163737286,41.421379363065135,22.855251886005014,flexion,43.27173484102855,23.902170499901345
DEMO_004,T03,53,5.300000000000001,train,synthetic_demo,0.6852204043741426,0.21000094714487516,0.41588388137778604,0.15967085328293318,43.27173484102855,23.902170499901345,flexion,45.30536869268816,25.01589820985361
DEMO_004,T03,54,5.4,train,synthetic_demo,0.7221206683667715,0.206563672067088,0.3544760897602244,0.11119186589768475,45.30536869268816,25.01589820985361,flexion,47.499999999999986,26.184232782009072
DEMO_004,T03,55,5.5,train,synthetic_demo,0.7406479642345127,0.13267850661348546,0.34209654140377477,0.1457042947533404,47.499999999999986,26.184232782009072,flexion,49.831583923105,27.394373698305476
DEMO_004,T03,56,5.6000000000000005,train,synthetic_demo,0.7816706423992735,0.20453432609199412,0.43557805239017083,0.2692520822202819,49.831583923105,27.394373698305476,flexion,52.27457514062633,28.633062401625605
DEMO_004,T03,57,5.7,train,synthetic_demo,0.8133134995139744,0.26191437414192703,0.44342692240274817,0.24662848800865433,52.27457514062633,28.633062401625605,flexion,54.802207729556045,29.886727559323603
DEMO_004,T03,58,5.800000000000001,train,synthetic_demo,0.8654895642054352,0.2780120935079349,0.43001882684957293,0.16444447656332795,54.802207729556045,29.886727559323603,flexion,57.38678841830866,31.141633753585417
DEMO_005,T01,0,0.0,train,synthetic_demo,0.7769188397350212,0.21493762256744087,0.4672838201068674,0.33540998159428037,60.0,32.384031969540736,flexion,62.61321158169134,33.600310232347006
DEMO_005,T01,1,0.1,train,synthetic_demo,0.7194824127630896,0.18434092344106198,0.4822199225617991,0.2516018036115335,62.61321158169134,33.600310232347006,flexion,65.19779227044398,34.77714274283433
DEMO_005,T01,2,0.2,train,synthetic_demo,0.7434551723176838,0.2111226705699573,0.5005008437094378,0.30811136305557285,65.19779227044398,34.77714274283433,flexion,67.72542485937369,35.901635877749776
DEMO_005,T01,3,0.30000000000000004,train,synthetic_demo,0.7078987301557212,0.2244913276957196,0.5212735273921715,0.2093195407558009,67.72542485937369,35.901635877749776,flexion,70.168416076895,36.96146945499189
DEMO_005,T01,4,0.4,train,synthetic_demo,0.658599241195233,0.1976750259772299,0.4523998127328185,0.2784485882353922,70.168416076895,36.96146945499189,flexion,72.5,37.945031716103976
DEMO_005,T01,5,0.5,train,synthetic_demo,0.6197196200399315,0.1984419017924245,0.3995131432556766,0.1880082343465525,72.5,37.945031716103976,flexion,74.69463130731182,38.84154654712965
DEMO_005,T01,6,0.6000000000000001,train,synthetic_demo,0.6051100986208354,0.25012734399889713,0.42530197759535787,0.2515492880787323,74.69463130731182,38.84154654712965,flexion,76.72826515897145,39.64119154397241
DEMO_005,T01,7,0.7000000000000001,train,synthetic_demo,0.6429727526644946,0.23884320242499202,0.4169438628306201,0.3153417764884398,76.72826515897145,39.64119154397241,flexion,78.57862063693486,40.33520562871037
DEMO_005,T01,8,0.8,train,synthetic_demo,0.6096029668208094,0.12352941626085454,0.4001584078907138,0.28118121054250705,78.57862063693486,40.33520562871037,flexion,80.22542485937369,40.91598503779936
DEMO_005,T01,9,0.9,train,synthetic_demo,0.5644303703841461,0.20098539676983027,0.3184027892267722,0.24748757272878477,80.22542485937369,40.91598503779936,flexion,81.65063509461096,41.3771666304975
DEMO_005,T01,10,1.0,train,synthetic_demo,0.5291481449125877,0.25470168612042854,0.264196201814866,0.258095383327208,81.65063509461096,41.3771666304975,flexion,82.83863644106502,41.71369760476672
DEMO_005,T01,11,1.1,train,synthetic_demo,0.5065704955971992,0.2510479016790045,0.3993294341372852,0.22033159027379745,82.83863644106502,41.71369760476672,flexion,83.77641290737884,41.921890856829314
DEMO_005,T01,12,1.2000000000000002,train,synthetic_demo,0.36877700576665834,0.2552229606800499,0.33525731711242146,0.20890651843473343,83.77641290737884,41.921890856829314,flexion,84.45369001834514,41.99946537784843
DEMO_005,T01,13,1.3,train,synthetic_demo,0.36651924363735494,0.23163391117399995,0.26928993641962823,0.29180863812815105,84.45369001834514,41.99946537784843,hold,84.86304738420684,41.94557124513828
DEMO_005,T01,14,1.4000000000000001,train,synthetic_demo,0.40116612561701664,0.20204224500329773,0.2402242371482673,0.2144570174764741,84.86304738420684,41.94557124513828,hold,85.0,41.7607989340949
DEMO_005,T01,15,1.5,train,synthetic_demo,0.29383319373415734,0.18180649701535148,0.25616993224645784,0.3115632031463804,85.0,41.7607989340949,hold,84.86304738420684,41.44717284882418
DEMO_005,T01,16,1.6,train,synthetic_demo,0.31397407086397844,0.26296965285512014,0.23381948998827562,0.2962984598686989,84.86304738420684,41.44717284882418,hold,84.45369001834514,41.00812914234682
DEMO_005,T01,17,1.7000000000000002,train,synthetic_demo,0.30121894845081215,0.293776464804527,0.25359846148278664,0.3713877934307491,84.45369001834514,41.00812914234682,hold,83.77641290737884,40.44847806938679
DEMO_005,T01,18,1.8,train,synthetic_demo,0.3126411304793526,0.3889454090039469,0.20032834768887298,0.3270754574733974,83.77641290737884,40.44847806938679,extension,82.83863644106502,39.77435128421395
DEMO_005,T01,19,1.9000000000000001,train,synthetic_demo,0.2784517950025505,0.40702252809184936,0.261537155130116,0.4359288392291224,82.83863644106502,39.77435128421395,extension,81.65063509461098,38.99313466095676
DEMO_005,T01,20,2.0,train,synthetic_demo,0.3214359566802116,0.42078976844200233,0.2581006390162902,0.44816904501543436,81.65063509461098,38.99313466095676,extension,80.22542485937369,38.113387372419716
DEMO_005,T01,21,2.1,train,synthetic_demo,0.2970414217523866,0.4222701444791507,0.20447622662121012,0.36281099969006586,80.22542485937369,38.113387372419716,extension,78.57862063693486,37.14474811399498
DEMO_005,T01,22,2.2,train,synthetic_demo,0.26487200347699985,0.4697942406764897,0.22667807055588868,0.38733767033840993,78.57862063693486,37.14474811399498,extension,76.72826515897145,36.097829500098655
DEMO_005,T01,23,2.3000000000000003,train,synthetic_demo,0.2632002727767625,0.46601487054124424,0.20878864154230348,0.4442108724191924,76.72826515897145,36.097829500098655,extension,74.69463130731182,34.98410179014638
DEMO_005,T01,24,2.4000000000000004,train,synthetic_demo,0.28176069522338143,0.548217974553279,0.27583676638367377,0.46651622853424124,74.69463130731182,34.98410179014638,extension,72.5,33.815767217990924
DEMO_005,T01,25,2.5,train,synthetic_demo,0.24962798241592296,0.5580500067361214,0.21857709321348742,0.4793047839414805,72.5,33.815767217990924,extension,70.16841607689501,32.60562630169453
DEMO_005,T01,26,2.6,train,synthetic_demo,0.30711374349348985,0.6152221934437846,0.2766507393816879,0.49854991607969484,70.16841607689501,32.60562630169453,extension,67.72542485937369,31.366937598374406
DEMO_005,T01,27,2.7,train,synthetic_demo,0.2729036462513447,0.6073609456606406,0.21241288256238083,0.4493209463840603,67.72542485937369,31.366937598374406,extension,65.19779227044398,30.11327244067641
DEMO_005,T01,28,2.8000000000000003,train,synthetic_demo,0.23088304649043712,0.6478562482121675,0.2283053225006759,0.5133150698435718,65.19779227044398,30.11327244067641,extension,62.613211581691324,28.85836624641458
DEMO_005,T01,29,2.9000000000000004,train,synthetic_demo,0.2240161555881625,0.61137082487337,0.21604742808917687,0.5142100852216013,62.613211581691324,28.85836624641458,extension,60.0,27.615968030459264
DEMO_005,T01,30,3.0,train,synthetic_demo,0.33448816773252354,0.5794304598471631,0.2611371284288098,0.4567034261322704,60.0,27.615968030459264,extension,57.38678841830866,26.39968976765299
DEMO_005,T01,31,3.1,train,synthetic_demo,0.28994863548831606,0.6807541898555667,0.23236010384765687,0.515378194872352,57.38678841830866,26.39968976765299,extension,54.802207729556024,25.22285725716567
DEMO_005,T01,32,3.2,train,synthetic_demo,0.2608890701929378,0.5892349607585952,0.2374524780087112,0.512490817616698,54.802207729556024,25.22285725716567,extension,52.27457514062632,24.098364122250224
DEMO_005,T01,33,3.3000000000000003,train,synthetic_demo,0.28042318801031685,0.6017331613753414,0.2455562461170257,0.43790908620106866,52.27457514062632,24.098364122250224,extension,49.831583923104986,23.038530545008104
DEMO_005,T01,34,3.4000000000000004,train,synthetic_demo,0.28874799790554495,0.6663055762654767,0.24580142019206694,0.40930526875650125,49.831583923104986,23.038530545008104,extension,47.50000000000001,22.054968283896024
DEMO_005,T01,35,3.5,train,synthetic_demo,0.2792975012946888,0.5897361079929259,0.29033607388165567,0.3871460656814355,47.50000000000001,22.054968283896024,extension,45.30536869268818,21.158453452870347
DEMO_005,T01,36,3.6,train,synthetic_demo,0.2762165165340294,0.5174467374416655,0.3010338097816249,0.4393572257653413,45.30536869268818,21.158453452870347,extension,43.27173484102855,20.35880845602759
DEMO_005,T01,37,3.7,train,synthetic_demo,0.25892996676179497,0.47788172519965977,0.3199811889631082,0.3871919246473406,43.27173484102855,20.35880845602759,extension,41.42137936306515,19.66479437128963
DEMO_005,T01,38,3.8000000000000003,train,synthetic_demo,0.29813167721387124,0.4230733511367524,0.25659235914224343,0.39882374607471427,41.42137936306515,19.66479437128963,extension,39.774575140626304,19.084014962200634
DEMO_005,T01,39,3.9000000000000004,train,synthetic_demo,0.18832999743460777,0.46883802606248076,0.2973048270464508,0.2955409098089691,39.774575140626304,19.084014962200634,extension,38.34936490538904,18.6228333695025
DEMO_005,T01,40,4.0,train,synthetic_demo,0.2610537472351908,0.4113149850177489,0.22928239698875952,0.3018366239256397,38.34936490538904,18.6228333695025,extension,37.16136355893498,18.286302395233275
DEMO_005,T01,41,4.1000000000000005,train,synthetic_demo,0.23355096131060765,0.35878595039521316,0.2493593855641247,0.3020098926251588,37.16136355893498,18.286302395233275,extension,36.22358709262116,18.078109143170686
DEMO_005,T01,42,4.2,train,synthetic_demo,0.217886214378445,0.3254876325866468,0.2551079704648127,0.3163701529639962,36.22358709262116,18.078109143170686,extension,35.54630998165486,18.00053462215157
DEMO_005,T01,43,4.3,train,synthetic_demo,0.3083810626508736,0.30535007306910833,0.2556266951144213,0.19787148213359995,35.54630998165486,18.00053462215157,hold,35.13695261579316,18.05442875486172
DEMO_005,T01,44,4.4,train,synthetic_demo,0.26811786604375504,0.19783880568034318,0.2617874560474806,0.19938329326488735,35.13695261579316,18.05442875486172,hold,35.0,18.2392010659051
DEMO_005,T01,45,4.5,train,synthetic_demo,0.23839946127083228,0.2277059165679207,0.3087594822465016,0.29021942907249576,35.0,18.2392010659051,hold,35.13695261579316,18.552827151175826
DEMO_005,T01,46,4.6000000000000005,train,synthetic_demo,0.3230481061281901,0.20464477761782354,0.3494098466126144,0.18654841633413702,35.13695261579316,18.552827151175826,hold,35.54630998165486,18.991870857653183
DEMO_005,T01,47,4.7,train,synthetic_demo,0.423838841671852,0.14700810206776643,0.3747309392758758,0.2646725091201101,35.54630998165486,18.991870857653183,hold,36.223587092621166,19.55152193061322
DEMO_005,T01,48,4.800000000000001,train,synthetic_demo,0.3921722546462411,0.20678022293452336,0.3222876384597089,0.24922303742844515,36.223587092621166,19.55152193061322,flexion,37.16136355893498,20.225648715786054
DEMO_005,T01,49,4.9,train,synthetic_demo,0.4783722724364802,0.2033676301857243,0.41204202781847826,0.2694597877579422,37.16136355893498,20.225648715786054,flexion,38.34936490538904,21.006865339043237
DEMO_005,T01,50,5.0,train,synthetic_demo,0.47686161357091994,0.25240090961265854,0.43374564753956696,0.24794565846447317,38.34936490538904,21.006865339043237,flexion,39.774575140626325,21.88661262758029
DEMO_005,T01,51,5.1000000000000005,train,synthetic_demo,0.5728508613343857,0.23342914917612104,0.4110003390459582,0.2227766923292037,39.774575140626325,21.88661262758029,flexion,41.421379363065135,22.855251886005014
DEMO_005,T01,52,5.2,train,synthetic_demo,0.5925842015721825,0.26123587301244167,0.4595078914799928,0.23159455078839108,41.421379363065135,22.855251886005014,flexion,43.27173484102855,23.902170499901345
DEMO_005,T01,53,5.300000000000001,train,synthetic_demo,0.6215250844059282,0.18125681153098566,0.5078272316294644,0.29482772954366393,43.27173484102855,23.902170499901345,flexion,45.30536869268816,25.01589820985361
DEMO_005,T01,54,5.4,train,synthetic_demo,0.7098430252153576,0.2534025811808737,0.456119618836846,0.24060508308652015,45.30536869268816,25.01589820985361,flexion,47.499999999999986,26.184232782009072
DEMO_005,T01,55,5.5,train,synthetic_demo,0.6646518147088747,0.23720826077211454,0.5363477191945785,0.15941026201769798,47.499999999999986,26.184232782009072,flexion,49.831583923105,27.394373698305476
DEMO_005,T01,56,5.6000000000000005,train,synthetic_demo,0.7154403432609996,0.2308071767464232,0.5060670392477046,0.26820498099262713,49.831583923105,27.394373698305476,flexion,52.27457514062633,28.633062401625605
DEMO_005,T01,57,5.7,train,synthetic_demo,0.6886566388166575,0.2548523410061884,0.5118357930740124,0.23787720016734232,52.27457514062633,28.633062401625605,flexion,54.802207729556045,29.886727559323603
DEMO_005,T01,58,5.800000000000001,train,synthetic_demo,0.7326662693161606,0.20701566812506028,0.5054035194834756,0.2653158944495751,54.802207729556045,29.886727559323603,flexion,57.38678841830866,31.141633753585417
DEMO_005,T02,0,0.0,train,synthetic_demo,0.7325141335557603,0.16068634095972192,0.5133717923744938,0.2864352283559651,60.0,32.384031969540736,flexion,62.61321158169134,33.600310232347006
DEMO_005,T02,1,0.1,train,synthetic_demo,0.715417207952479,0.22771606889832982,0.4666290760416929,0.2518645283484229,62.61321158169134,33.600310232347006,flexion,65.19779227044398,34.77714274283433
DEMO_005,T02,2,0.2,train,synthetic_demo,0.7245107697302392,0.26015055565479905,0.4621063157698183,0.26730238077547996,65.19779227044398,34.77714274283433,flexion,67.72542485937369,35.901635877749776
DEMO_005,T02,3,0.30000000000000004,train,synthetic_demo,0.6940125952274412,0.20334327107738923,0.47354142161174656,0.18823501909763665,67.72542485937369,35.901635877749776,flexion,70.168416076895,36.96146945499189
DEMO_005,T02,4,0.4,train,synthetic_demo,0.6703068523498533,0.2508588917691897,0.43174442165343757,0.19814427089840006,70.168416076895,36.96146945499189,flexion,72.5,37.945031716103976
DEMO_005,T02,5,0.5,train,synthetic_demo,0.6284192823872126,0.2247898882420935,0.41967624113880747,0.2465728361621376,72.5,37.945031716103976,flexion,74.69463130731182,38.84154654712965
DEMO_005,T02,6,0.6000000000000001,train,synthetic_demo,0.5535957614394029,0.1938838223738531,0.3932142156603136,0.27071214808861516,74.69463130731182,38.84154654712965,flexion,76.72826515897145,39.64119154397241
DEMO_005,T02,7,0.7000000000000001,train,synthetic_demo,0.6497430384893113,0.2443691141238404,0.32986498533985115,0.2736623013673732,76.72826515897145,39.64119154397241,flexion,78.57862063693486,40.33520562871037
DEMO_005,T02,8,0.8,train,synthetic_demo,0.6253047335879924,0.19339484043107757,0.38729055901180565,0.2588201298760988,78.57862063693486,40.33520562871037,flexion,80.22542485937369,40.91598503779936
DEMO_005,T02,9,0.9,train,synthetic_demo,0.5300299590204083,0.2255914544178475,0.3260668942247276,0.24948110343467855,80.22542485937369,40.91598503779936,flexion,81.65063509461096,41.3771666304975
DEMO_005,T02,10,1.0,train,synthetic_demo,0.49800221095481906,0.2304062456274046,0.3958266122951035,0.2072790578358706,81.65063509461096,41.3771666304975,flexion,82.83863644106502,41.71369760476672
DEMO_005,T02,11,1.1,train,synthetic_demo,0.4994782310929647,0.22463131521217616,0.30515540777630984,0.17050747471247113,82.83863644106502,41.71369760476672,flexion,83.77641290737884,41.921890856829314
DEMO_005,T02,12,1.2000000000000002,train,synthetic_demo,0.44561707660038763,0.18100633450050957,0.24581795622090302,0.2349568370277216,83.77641290737884,41.921890856829314,flexion,84.45369001834514,41.99946537784843
DEMO_005,T02,13,1.3,train,synthetic_demo,0.35203072339478547,0.19128699281042774,0.3033622140894861,0.2679955559569948,84.45369001834514,41.99946537784843,hold,84.86304738420684,41.94557124513828
DEMO_005,T02,14,1.4000000000000001,train,synthetic_demo,0.39848371121956705,0.19582065203238042,0.2229638742120256,0.33705018027324934,84.86304738420684,41.94557124513828,hold,85.0,41.7607989340949
DEMO_005,T02,15,1.5,train,synthetic_demo,0.22029507497686415,0.23201131450807938,0.24036813995784018,0.2851286828030041,85.0,41.7607989340949,hold,84.86304738420684,41.44717284882418
DEMO_005,T02,16,1.6,train,synthetic_demo,0.2155290156551749,0.24073882729154936,0.31982942612922094,0.32502219060298226,84.86304738420684,41.44717284882418,hold,84.45369001834514,41.00812914234682
DEMO_005,T02,17,1.7000000000000002,train,synthetic_demo,0.3182209733036678,0.28422714086699374,0.2564004467047116,0.36651279432578554,84.45369001834514,41.00812914234682,hold,83.77641290737884,40.44847806938679
DEMO_005,T02,18,1.8,train,synthetic_demo,0.2877517708522479,0.34044081186621794,0.25410988324985356,0.4052177828024903,83.77641290737884,40.44847806938679,extension,82.83863644106502,39.77435128421395
DEMO_005,T02,19,1.9000000000000001,train,synthetic_demo,0.27689811408120946,0.3243316542786846,0.23046832940650885,0.349998012566767,82.83863644106502,39.77435128421395,extension,81.65063509461098,38.99313466095676
DEMO_005,T02,20,2.0,train,synthetic_demo,0.20639884332583625,0.4520582034862971,0.2893071436785905,0.3818645615588696,81.65063509461098,38.99313466095676,extension,80.22542485937369,38.113387372419716
DEMO_005,T02,21,2.1,train,synthetic_demo,0.2545979223764948,0.5283411598768779,0.24631465356541368,0.42422933690341036,80.22542485937369,38.113387372419716,extension,78.57862063693486,37.14474811399498
DEMO_005,T02,22,2.2,train,synthetic_demo,0.2766709345275387,0.5373140376259073,0.26947701028037274,0.48124272788946754,78.57862063693486,37.14474811399498,extension,76.72826515897145,36.097829500098655
DEMO_005,T02,23,2.3000000000000003,train,synthetic_demo,0.23202053208695908,0.5516906412702847,0.24901926121476214,0.4299151901033523,76.72826515897145,36.097829500098655,extension,74.69463130731182,34.98410179014638
DEMO_005,T02,24,2.4000000000000004,train,synthetic_demo,0.2852881992703753,0.6369224917045432,0.25972256429026835,0.5061897843595282,74.69463130731182,34.98410179014638,extension,72.5,33.815767217990924
DEMO_005,T02,25,2.5,train,synthetic_demo,0.25683811365744386,0.5167754313209876,0.27132865799928924,0.44430130553886676,72.5,33.815767217990924,extension,70.16841607689501,32.60562630169453
DEMO_005,T02,26,2.6,train,synthetic_demo,0.2582647932480599,0.6588167786695863,0.18920804444354816,0.4990767244284949,70.16841607689501,32.60562630169453,extension,67.72542485937369,31.366937598374406
DEMO_005,T02,27,2.7,train,synthetic_demo,0.28413602705400315,0.6164836741708104,0.2317632589910714,0.49735482568226763,67.72542485937369,31.366937598374406,extension,65.19779227044398,30.11327244067641
DEMO_005,T02,28,2.8000000000000003,train,synthetic_demo,0.2328469532374472,0.6703649111666443,0.257966761127339,0.538497971852448,65.19779227044398,30.11327244067641,extension,62.613211581691324,28.85836624641458
DEMO_005,T02,29,2.9000000000000004,train,synthetic_demo,0.2560663300144196,0.653153853668911,0.27652665960728956,0.4513617231793289,62.613211581691324,28.85836624641458,extension,60.0,27.615968030459264
DEMO_005,T02,30,3.0,train,synthetic_demo,0.32174822576730117,0.7196287230640748,0.28971986247467674,0.4406313468447636,60.0,27.615968030459264,extension,57.38678841830866,26.39968976765299
DEMO_005,T02,31,3.1,train,synthetic_demo,0.23690250062324164,0.5449366559964149,0.224088803780537,0.5432935870358865,57.38678841830866,26.39968976765299,extension,54.802207729556024,25.22285725716567
DEMO_005,T02,32,3.2,train,synthetic_demo,0.30256612771486213,0.5825754309144708,0.20819653450700018,0.449531486254393,54.802207729556024,25.22285725716567,extension,52.27457514062632,24.098364122250224
DEMO_005,T02,33,3.3000000000000003,train,synthetic_demo,0.30427705007493,0.6226765483562776,0.3047748797106897,0.43829335465729075,52.27457514062632,24.098364122250224,extension,49.831583923104986,23.038530545008104
DEMO_005,T02,34,3.4000000000000004,train,synthetic_demo,0.2706846447444761,0.5654479766290789,0.24557499619837106,0.4361370271266725,49.831583923104986,23.038530545008104,extension,47.50000000000001,22.054968283896024
DEMO_005,T02,35,3.5,train,synthetic_demo,0.2560050752085008,0.591965307780732,0.2359452258773294,0.42602924685077803,47.50000000000001,22.054968283896024,extension,45.30536869268818,21.158453452870347
DEMO_005,T02,36,3.6,train,synthetic_demo,0.23527108483085135,0.5907308491853208,0.3129094140884325,0.4816046127685918,45.30536869268818,21.158453452870347,extension,43.27173484102855,20.35880845602759
DEMO_005,T02,37,3.7,train,synthetic_demo,0.29507755122828433,0.5209965148464129,0.22015249556246277,0.35653573557349866,43.27173484102855,20.35880845602759,extension,41.42137936306515,19.66479437128963
DEMO_005,T02,38,3.8000000000000003,train,synthetic_demo,0.26394263018209024,0.4492032648609641,0.2794658434026311,0.3808242951167947,41.42137936306515,19.66479437128963,extension,39.774575140626304,19.084014962200634
DEMO_005,T02,39,3.9000000000000004,train,synthetic_demo,0.2197449938712771,0.452470343162017,0.2826013791815518,0.38972997801098175,39.774575140626304,19.084014962200634,extension,38.34936490538904,18.6228333695025
DEMO_005,T02,40,4.0,train,synthetic_demo,0.2745103811618991,0.4473583220022764,0.2645297392552595,0.30995447626773426,38.34936490538904,18.6228333695025,extension,37.16136355893498,18.286302395233275
DEMO_005,T02,41,4.1000000000000005,train,synthetic_demo,0.27251122638328107,0.3923881541819157,0.23317567738249345,0.309823002952796,37.16136355893498,18.286302395233275,extension,36.22358709262116,18.078109143170686
DEMO_005,T02,42,4.2,train,synthetic_demo,0.2667069788999145,0.3622472816334959,0.2540318038929923,0.2755575926475248,36.22358709262116,18.078109143170686,extension,35.54630998165486,18.00053462215157
DEMO_005,T02,43,4.3,train,synthetic_demo,0.20449300632958423,0.3903729498560773,0.2787574784285581,0.2654668112292365,35.54630998165486,18.00053462215157,hold,35.13695261579316,18.05442875486172
DEMO_005,T02,44,4.4,train,synthetic_demo,0.3289683146548266,0.30171552126657936,0.2943210915144431,0.2709298958409901,35.13695261579316,18.05442875486172,hold,35.0,18.2392010659051
DEMO_005,T02,45,4.5,train,synthetic_demo,0.325744372565947,0.23430323829720678,0.25681220954445755,0.19552580742232584,35.0,18.2392010659051,hold,35.13695261579316,18.552827151175826
DEMO_005,T02,46,4.6000000000000005,train,synthetic_demo,0.3658281564738384,0.2182704426543599,0.3480471445646687,0.24510072592464213,35.13695261579316,18.552827151175826,hold,35.54630998165486,18.991870857653183
DEMO_005,T02,47,4.7,train,synthetic_demo,0.38263603609164715,0.19569126260887157,0.37029795353125294,0.1688792219048199,35.54630998165486,18.991870857653183,hold,36.223587092621166,19.55152193061322
DEMO_005,T02,48,4.800000000000001,train,synthetic_demo,0.40569145369491527,0.17783883092154557,0.37749745989730576,0.251158397605346,36.223587092621166,19.55152193061322,flexion,37.16136355893498,20.225648715786054
DEMO_005,T02,49,4.9,train,synthetic_demo,0.4564183916523436,0.23005572600166757,0.33796593774920464,0.2100894410506798,37.16136355893498,20.225648715786054,flexion,38.34936490538904,21.006865339043237
DEMO_005,T02,50,5.0,train,synthetic_demo,0.4986043815128855,0.23796361315517353,0.42874373733849175,0.18773020533711682,38.34936490538904,21.006865339043237,flexion,39.774575140626325,21.88661262758029
DEMO_005,T02,51,5.1000000000000005,train,synthetic_demo,0.5930942036664237,0.22037891145647012,0.4946251120313227,0.27080697400881176,39.774575140626325,21.88661262758029,flexion,41.421379363065135,22.855251886005014
DEMO_005,T02,52,5.2,train,synthetic_demo,0.6267559822996996,0.24261229963736858,0.4387027602675368,0.23782740503697747,41.421379363065135,22.855251886005014,flexion,43.27173484102855,23.902170499901345
DEMO_005,T02,53,5.300000000000001,train,synthetic_demo,0.6520010628151492,0.2114888668669398,0.402903938570522,0.24673634074137762,43.27173484102855,23.902170499901345,flexion,45.30536869268816,25.01589820985361
DEMO_005,T02,54,5.4,train,synthetic_demo,0.6613339668770639,0.23952438283545427,0.5056619821604275,0.3165652588742086,45.30536869268816,25.01589820985361,flexion,47.499999999999986,26.184232782009072
DEMO_005,T02,55,5.5,train,synthetic_demo,0.6277811177270247,0.2854986952894154,0.515913813583864,0.24624513268306705,47.499999999999986,26.184232782009072,flexion,49.831583923105,27.394373698305476
DEMO_005,T02,56,5.6000000000000005,train,synthetic_demo,0.6554336224153293,0.22614665813346954,0.518752158668465,0.24502097897379624,49.831583923105,27.394373698305476,flexion,52.27457514062633,28.633062401625605
DEMO_005,T02,57,5.7,train,synthetic_demo,0.7042040464463983,0.20250282965512584,0.4742304755706047,0.2687647758378865,52.27457514062633,28.633062401625605,flexion,54.802207729556045,29.886727559323603
DEMO_005,T02,58,5.800000000000001,train,synthetic_demo,0.7532871740296109,0.2568694030541671,0.47639365592960525,0.29298659236785,54.802207729556045,29.886727559323603,flexion,57.38678841830866,31.141633753585417
DEMO_005,T03,0,0.0,train,synthetic_demo,0.8268572800635732,0.24523278637895102,0.5415697141331607,0.2564376706105346,60.0,32.384031969540736,flexion,62.61321158169134,33.600310232347006
DEMO_005,T03,1,0.1,train,synthetic_demo,0.6855751372893701,0.24051240030199733,0.49160604284459813,0.2784385893617403,62.61321158169134,33.600310232347006,flexion,65.19779227044398,34.77714274283433
DEMO_005,T03,2,0.2,train,synthetic_demo,0.7038209929168605,0.11720900323124507,0.4800653270325578,0.23434967655914876,65.19779227044398,34.77714274283433,flexion,67.72542485937369,35.901635877749776
DEMO_005,T03,3,0.30000000000000004,train,synthetic_demo,0.745682008663696,0.1930669430103256,0.45750342280360656,0.2330938320802571,67.72542485937369,35.901635877749776,flexion,70.168416076895,36.96146945499189
DEMO_005,T03,4,0.4,train,synthetic_demo,0.6764191976235253,0.2427796398180425,0.4468727810241521,0.2288121954971343,70.168416076895,36.96146945499189,flexion,72.5,37.945031716103976
DEMO_005,T03,5,0.5,train,synthetic_demo,0.655498839113762,0.2124691530425523,0.49408325608316284,0.23774222199798625,72.5,37.945031716103976,flexion,74.69463130731182,38.84154654712965
DEMO_005,T03,6,0.6000000000000001,train,synthetic_demo,0.6292075368692291,0.22686455207003375,0.44986498025401483,0.24642168896996114,74.69463130731182,38.84154654712965,flexion,76.72826515897145,39.64119154397241
DEMO_005,T03,7,0.7000000000000001,train,synthetic_demo,0.6353355043723058,0.2453651847435292,0.4280905286236372,0.25404768073252315,76.72826515897145,39.64119154397241,flexion,78.57862063693486,40.33520562871037
DEMO_005,T03,8,0.8,train,synthetic_demo,0.5370555446934075,0.21911513056233828,0.3569526172982136,0.27166152233612967,78.57862063693486,40.33520562871037,flexion,80.22542485937369,40.91598503779936
DEMO_005,T03,9,0.9,train,synthetic_demo,0.5914662321717009,0.21011598374884927,0.3821943145395242,0.2591991121177128,80.22542485937369,40.91598503779936,flexion,81.65063509461096,41.3771666304975
DEMO_005,T03,10,1.0,train,synthetic_demo,0.49661997743518643,0.27198443814358175,0.3157666647777868,0.2221723689129694,81.65063509461096,41.3771666304975,flexion,82.83863644106502,41.71369760476672
DEMO_005,T03,11,1.1,train,synthetic_demo,0.42963136322315715,0.259930555403,0.2803834409474244,0.2195966329961905,82.83863644106502,41.71369760476672,flexion,83.77641290737884,41.921890856829314
DEMO_005,T03,12,1.2000000000000002,train,synthetic_demo,0.45067897504241883,0.2353250415757683,0.2748481447646656,0.21615816347038383,83.77641290737884,41.921890856829314,flexion,84.45369001834514,41.99946537784843
DEMO_005,T03,13,1.3,train,synthetic_demo,0.3730238207648536,0.185895137106993,0.26077008414243236,0.25096342475660266,84.45369001834514,41.99946537784843,hold,84.86304738420684,41.94557124513828
DEMO_005,T03,14,1.4000000000000001,train,synthetic_demo,0.3129187107398814,0.2295547371260932,0.27293076999600147,0.20638826198791071,84.86304738420684,41.94557124513828,hold,85.0,41.7607989340949
DEMO_005,T03,15,1.5,train,synthetic_demo,0.2289737536206566,0.24818319993018462,0.24625760057000887,0.32426745274773117,85.0,41.7607989340949,hold,84.86304738420684,41.44717284882418
DEMO_005,T03,16,1.6,train,synthetic_demo,0.32460522267501857,0.3190012967448942,0.2860783552330142,0.32325989983137055,84.86304738420684,41.44717284882418,hold,84.45369001834514,41.00812914234682
DEMO_005,T03,17,1.7000000000000002,train,synthetic_demo,0.30689707612686845,0.28572629250627346,0.25869025305650956,0.3350809742066951,84.45369001834514,41.00812914234682,hold,83.77641290737884,40.44847806938679
DEMO_005,T03,18,1.8,train,synthetic_demo,0.24948131518343666,0.3215735098942366,0.26668304557376993,0.3137588847031178,83.77641290737884,40.44847806938679,extension,82.83863644106502,39.77435128421395
DEMO_005,T03,19,1.9000000000000001,train,synthetic_demo,0.19832588852271596,0.4211796332378673,0.2659934396492719,0.4173880688531786,82.83863644106502,39.77435128421395,extension,81.65063509461098,38.99313466095676
DEMO_005,T03,20,2.0,train,synthetic_demo,0.2615701960308331,0.44022911747237314,0.23472304137433336,0.3907516007406364,81.65063509461098,38.99313466095676,extension,80.22542485937369,38.113387372419716
DEMO_005,T03,21,2.1,train,synthetic_demo,0.22679680203203545,0.5212401929698124,0.21845149454338314,0.48178289649904144,80.22542485937369,38.113387372419716,extension,78.57862063693486,37.14474811399498
DEMO_005,T03,22,2.2,train,synthetic_demo,0.22361869039522597,0.4601883510420604,0.29411802858647335,0.46368992227963474,78.57862063693486,37.14474811399498,extension,76.72826515897145,36.097829500098655
DEMO_005,T03,23,2.3000000000000003,train,synthetic_demo,0.2799463753467913,0.48903689881536,0.2852753774102687,0.4278430082030382,76.72826515897145,36.097829500098655,extension,74.69463130731182,34.98410179014638
DEMO_005,T03,24,2.4000000000000004,train,synthetic_demo,0.27612601333649633,0.5226464007027646,0.3054692480292852,0.4834896306678528,74.69463130731182,34.98410179014638,extension,72.5,33.815767217990924
DEMO_005,T03,25,2.5,train,synthetic_demo,0.312276623332635,0.5651792779362743,0.22694844856597213,0.43154344210702555,72.5,33.815767217990924,extension,70.16841607689501,32.60562630169453
DEMO_005,T03,26,2.6,train,synthetic_demo,0.274376122885847,0.6310212626590819,0.27025098641035833,0.46123338106452233,70.16841607689501,32.60562630169453,extension,67.72542485937369,31.366937598374406
DEMO_005,T03,27,2.7,train,synthetic_demo,0.24995686065235087,0.5890571448346663,0.25065942592191287,0.5143746649463812,67.72542485937369,31.366937598374406,extension,65.19779227044398,30.11327244067641
DEMO_005,T03,28,2.8000000000000003,train,synthetic_demo,0.27038189067402035,0.6402841890527793,0.2670465936939844,0.45644365886520766,65.19779227044398,30.11327244067641,extension,62.613211581691324,28.85836624641458
DEMO_005,T03,29,2.9000000000000004,train,synthetic_demo,0.26880820384498794,0.5872625100167173,0.25499528927114656,0.5058416854594516,62.613211581691324,28.85836624641458,extension,60.0,27.615968030459264
DEMO_005,T03,30,3.0,train,synthetic_demo,0.23849942916675518,0.5783953601905779,0.25906483982195444,0.4828025408869048,60.0,27.615968030459264,extension,57.38678841830866,26.39968976765299
DEMO_005,T03,31,3.1,train,synthetic_demo,0.3060789981808728,0.5993634971882441,0.308628870477789,0.5033801051821055,57.38678841830866,26.39968976765299,extension,54.802207729556024,25.22285725716567
DEMO_005,T03,32,3.2,train,synthetic_demo,0.2131610935180881,0.5921607951037379,0.2527746838763273,0.46739964951748425,54.802207729556024,25.22285725716567,extension,52.27457514062632,24.098364122250224
DEMO_005,T03,33,3.3000000000000003,train,synthetic_demo,0.2347375707743738,0.5415139175286314,0.24097066421339763,0.4522397609296946,52.27457514062632,24.098364122250224,extension,49.831583923104986,23.038530545008104
DEMO_005,T03,34,3.4000000000000004,train,synthetic_demo,0.2855965223006475,0.5962772236839097,0.21430857481691049,0.47322855875693054,49.831583923104986,23.038530545008104,extension,47.50000000000001,22.054968283896024
DEMO_005,T03,35,3.5,train,synthetic_demo,0.24496119443801967,0.6038240292340998,0.23540388823666072,0.41112662940862477,47.50000000000001,22.054968283896024,extension,45.30536869268818,21.158453452870347
DEMO_005,T03,36,3.6,train,synthetic_demo,0.2653232707678085,0.5744332655999402,0.2607639791246605,0.3670124789509353,45.30536869268818,21.158453452870347,extension,43.27173484102855,20.35880845602759
DEMO_005,T03,37,3.7,train,synthetic_demo,0.2993580590740026,0.4979470975080227,0.20146500462448041,0.33318311735071166,43.27173484102855,20.35880845602759,extension,41.42137936306515,19.66479437128963
DEMO_005,T03,38,3.8000000000000003,train,synthetic_demo,0.3108715230758569,0.54450284761891,0.23271666105934072,0.36072538590116393,41.42137936306515,19.66479437128963,extension,39.774575140626304,19.084014962200634
DEMO_005,T03,39,3.9000000000000004,train,synthetic_demo,0.2636509864330413,0.41501874205032496,0.2562608381194049,0.3672157039611366,39.774575140626304,19.084014962200634,extension,38.34936490538904,18.6228333695025
DEMO_005,T03,40,4.0,train,synthetic_demo,0.25074963201999867,0.43192381347400294,0.23715097030489365,0.35958257868610677,38.34936490538904,18.6228333695025,extension,37.16136355893498,18.286302395233275
DEMO_005,T03,41,4.1000000000000005,train,synthetic_demo,0.23348354612437905,0.36982741275248854,0.3014353786286499,0.3056279744191129,37.16136355893498,18.286302395233275,extension,36.22358709262116,18.078109143170686
DEMO_005,T03,42,4.2,train,synthetic_demo,0.34952714289256426,0.3727860609616182,0.2922144235916386,0.29654652475568266,36.22358709262116,18.078109143170686,extension,35.54630998165486,18.00053462215157
DEMO_005,T03,43,4.3,train,synthetic_demo,0.23908896057185372,0.33909276245485487,0.2169572051901391,0.19092119546770664,35.54630998165486,18.00053462215157,hold,35.13695261579316,18.05442875486172
DEMO_005,T03,44,4.4,train,synthetic_demo,0.27910935090291183,0.2997628987176026,0.31880889378977734,0.26032925330696166,35.13695261579316,18.05442875486172,hold,35.0,18.2392010659051
DEMO_005,T03,45,4.5,train,synthetic_demo,0.26303344536929807,0.2181762374510045,0.32011170838209824,0.2809266033038484,35.0,18.2392010659051,hold,35.13695261579316,18.552827151175826
DEMO_005,T03,46,4.6000000000000005,train,synthetic_demo,0.3163447510180717,0.24517013712747485,0.3675473236013508,0.28787882385898567,35.13695261579316,18.552827151175826,hold,35.54630998165486,18.991870857653183
DEMO_005,T03,47,4.7,train,synthetic_demo,0.4056169663304262,0.2521937388935259,0.4123267494761733,0.21513409575254266,35.54630998165486,18.991870857653183,hold,36.223587092621166,19.55152193061322
DEMO_005,T03,48,4.800000000000001,train,synthetic_demo,0.47188282097214457,0.22563059092664242,0.32135925388853637,0.25024662384456814,36.223587092621166,19.55152193061322,flexion,37.16136355893498,20.225648715786054
DEMO_005,T03,49,4.9,train,synthetic_demo,0.47107413155307537,0.17680301360926232,0.3985356695106625,0.16935452970150197,37.16136355893498,20.225648715786054,flexion,38.34936490538904,21.006865339043237
DEMO_005,T03,50,5.0,train,synthetic_demo,0.5638543095591192,0.21384959318248212,0.4179475779558886,0.27934036286814345,38.34936490538904,21.006865339043237,flexion,39.774575140626325,21.88661262758029
DEMO_005,T03,51,5.1000000000000005,train,synthetic_demo,0.546685900579242,0.17891135829501492,0.3693436161930861,0.2690007020205077,39.774575140626325,21.88661262758029,flexion,41.421379363065135,22.855251886005014
DEMO_005,T03,52,5.2,train,synthetic_demo,0.6131246266607904,0.20774986039207682,0.38356245514289766,0.25725151385267664,41.421379363065135,22.855251886005014,flexion,43.27173484102855,23.902170499901345
DEMO_005,T03,53,5.300000000000001,train,synthetic_demo,0.6199262382476118,0.2444870896281273,0.44044564527252594,0.17261506855468622,43.27173484102855,23.902170499901345,flexion,45.30536869268816,25.01589820985361
DEMO_005,T03,54,5.4,train,synthetic_demo,0.6327892710859403,0.24994777999074186,0.5167949540054866,0.23367006216183442,45.30536869268816,25.01589820985361,flexion,47.499999999999986,26.184232782009072
DEMO_005,T03,55,5.5,train,synthetic_demo,0.6595477084991389,0.15967245737898272,0.5316788162384464,0.2299477854023517,47.499999999999986,26.184232782009072,flexion,49.831583923105,27.394373698305476
DEMO_005,T03,56,5.6000000000000005,train,synthetic_demo,0.6768414910140591,0.19159702845325852,0.4831194358322382,0.2603024977887548,49.831583923105,27.394373698305476,flexion,52.27457514062633,28.633062401625605
DEMO_005,T03,57,5.7,train,synthetic_demo,0.706451645870546,0.2700526658238456,0.5240558663256377,0.2586242158923021,52.27457514062633,28.633062401625605,flexion,54.802207729556045,29.886727559323603
DEMO_005,T03,58,5.800000000000001,train,synthetic_demo,0.7780316915756986,0.1806685173182258,0.5079370617609917,0.2734471591547293,54.802207729556045,29.886727559323603,flexion,57.38678841830866,31.141633753585417
DEMO_006,T01,0,0.0,train,synthetic_demo,0.7056700885491957,0.25755008196102935,0.5740542174803611,0.21662680920183983,60.0,32.384031969540736,flexion,62.61321158169134,33.600310232347006
DEMO_006,T01,1,0.1,train,synthetic_demo,0.6657004635278855,0.22967701226993187,0.5286162024336583,0.2854732575134889,62.61321158169134,33.600310232347006,flexion,65.19779227044398,34.77714274283433
DEMO_006,T01,2,0.2,train,synthetic_demo,0.6707848867616625,0.2803753405738062,0.5632679795300108,0.32550177630898586,65.19779227044398,34.77714274283433,flexion,67.72542485937369,35.901635877749776
DEMO_006,T01,3,0.30000000000000004,train,synthetic_demo,0.7150490679391058,0.25791587617411843,0.4656087868258107,0.17655942831407723,67.72542485937369,35.901635877749776,flexion,70.168416076895,36.96146945499189
DEMO_006,T01,4,0.4,train,synthetic_demo,0.6479807530607887,0.2794489096419405,0.48718669980126733,0.3320094460854106,70.168416076895,36.96146945499189,flexion,72.5,37.945031716103976
DEMO_006,T01,5,0.5,train,synthetic_demo,0.601939224744588,0.2543727958847273,0.40451038221706115,0.30422135536198924,72.5,37.945031716103976,flexion,74.69463130731182,38.84154654712965
DEMO_006,T01,6,0.6000000000000001,train,synthetic_demo,0.5997319822770767,0.21231033645665345,0.45798063750468154,0.31455835022922873,74.69463130731182,38.84154654712965,flexion,76.72826515897145,39.64119154397241
DEMO_006,T01,7,0.7000000000000001,train,synthetic_demo,0.6593920151422048,0.2665366824747119,0.4632095699235375,0.24878972064605645,76.72826515897145,39.64119154397241,flexion,78.57862063693486,40.33520562871037
DEMO_006,T01,8,0.8,train,synthetic_demo,0.5491148712192366,0.25701242827823073,0.47191917492626273,0.2390853533229174,78.57862063693486,40.33520562871037,flexion,80.22542485937369,40.91598503779936
DEMO_006,T01,9,0.9,train,synthetic_demo,0.44920006758613484,0.23580933356945472,0.3699975348152316,0.269552924305394,80.22542485937369,40.91598503779936,flexion,81.65063509461096,41.3771666304975
DEMO_006,T01,10,1.0,train,synthetic_demo,0.46015674777286547,0.2817399193038268,0.3717254996918387,0.25049349261638026,81.65063509461096,41.3771666304975,flexion,82.83863644106502,41.71369760476672
DEMO_006,T01,11,1.1,train,synthetic_demo,0.46083766335294135,0.2427887639116225,0.3009943115156196,0.29607881216881177,82.83863644106502,41.71369760476672,flexion,83.77641290737884,41.921890856829314
DEMO_006,T01,12,1.2000000000000002,train,synthetic_demo,0.3951277626740535,0.17428005923191486,0.29234637774634975,0.28274493324204125,83.77641290737884,41.921890856829314,flexion,84.45369001834514,41.99946537784843
DEMO_006,T01,13,1.3,train,synthetic_demo,0.3981480426666672,0.2986776810198768,0.2903376941570522,0.29933187843283937,84.45369001834514,41.99946537784843,hold,84.86304738420684,41.94557124513828
DEMO_006,T01,14,1.4000000000000001,train,synthetic_demo,0.3351837487753816,0.31506517197771855,0.23694277928732643,0.2854670777702162,84.86304738420684,41.94557124513828,hold,85.0,41.7607989340949
DEMO_006,T01,15,1.5,train,synthetic_demo,0.19992796001345237,0.31198876700283973,0.25302309266654005,0.28041741645731016,85.0,41.7607989340949,hold,84.86304738420684,41.44717284882418
DEMO_006,T01,16,1.6,train,synthetic_demo,0.31523769146427727,0.28907877828578676,0.26225062201327687,0.3421464506458071,84.86304738420684,41.44717284882418,hold,84.45369001834514,41.00812914234682
DEMO_006,T01,17,1.7000000000000002,train,synthetic_demo,0.24561448796872812,0.417071278584791,0.29702469962031114,0.33327246032244595,84.45369001834514,41.00812914234682,hold,83.77641290737884,40.44847806938679
DEMO_006,T01,18,1.8,train,synthetic_demo,0.279496894344402,0.4177236088159961,0.25607164522199766,0.4128349269737271,83.77641290737884,40.44847806938679,extension,82.83863644106502,39.77435128421395
DEMO_006,T01,19,1.9000000000000001,train,synthetic_demo,0.26664997338363045,0.4805060655040109,0.2460881596246207,0.41843826284987856,82.83863644106502,39.77435128421395,extension,81.65063509461098,38.99313466095676
DEMO_006,T01,20,2.0,train,synthetic_demo,0.20947132269054822,0.5481239912022942,0.2653616757381498,0.4337607848374391,81.65063509461098,38.99313466095676,extension,80.22542485937369,38.113387372419716
DEMO_006,T01,21,2.1,train,synthetic_demo,0.2753254112348642,0.558252786391741,0.2917783913658187,0.4316861933099392,80.22542485937369,38.113387372419716,extension,78.57862063693486,37.14474811399498
DEMO_006,T01,22,2.2,train,synthetic_demo,0.26090814934721507,0.6374905588607631,0.21129514521033776,0.4583119393835571,78.57862063693486,37.14474811399498,extension,76.72826515897145,36.097829500098655
DEMO_006,T01,23,2.3000000000000003,train,synthetic_demo,0.25448755132463796,0.6360028549239652,0.2911732817726843,0.5289275701346693,76.72826515897145,36.097829500098655,extension,74.69463130731182,34.98410179014638
DEMO_006,T01,24,2.4000000000000004,train,synthetic_demo,0.2541559548913253,0.6904093090859242,0.28925436633824386,0.5365184042472485,74.69463130731182,34.98410179014638,extension,72.5,33.815767217990924
DEMO_006,T01,25,2.5,train,synthetic_demo,0.2772772539624282,0.7551820210555572,0.31337570184447666,0.4914227105838519,72.5,33.815767217990924,extension,70.16841607689501,32.60562630169453
DEMO_006,T01,26,2.6,train,synthetic_demo,0.2606277811356122,0.7604026450746162,0.2802716591517247,0.42369321993020015,70.16841607689501,32.60562630169453,extension,67.72542485937369,31.366937598374406
DEMO_006,T01,27,2.7,train,synthetic_demo,0.3138972651291543,0.7607428233538956,0.28579408390486566,0.5359604538417418,67.72542485937369,31.366937598374406,extension,65.19779227044398,30.11327244067641
DEMO_006,T01,28,2.8000000000000003,train,synthetic_demo,0.2234287564075463,0.7599059643567663,0.26352756030784086,0.4978054251016366,65.19779227044398,30.11327244067641,extension,62.613211581691324,28.85836624641458
DEMO_006,T01,29,2.9000000000000004,train,synthetic_demo,0.2567979897810461,0.7813215450611848,0.31419362769645964,0.5353615715223708,62.613211581691324,28.85836624641458,extension,60.0,27.615968030459264
DEMO_006,T01,30,3.0,train,synthetic_demo,0.24728694191151182,0.7905378817982358,0.31350677119173737,0.5560461123200973,60.0,27.615968030459264,extension,57.38678841830866,26.39968976765299
DEMO_006,T01,31,3.1,train,synthetic_demo,0.24464142374302805,0.7711948978332838,0.2667294657043784,0.5897799880290336,57.38678841830866,26.39968976765299,extension,54.802207729556024,25.22285725716567
DEMO_006,T01,32,3.2,train,synthetic_demo,0.28719632972505893,0.8026996685055595,0.24258979974043673,0.5187049869283432,54.802207729556024,25.22285725716567,extension,52.27457514062632,24.098364122250224
DEMO_006,T01,33,3.3000000000000003,train,synthetic_demo,0.3018125477521332,0.7030710326440593,0.27364211600503496,0.4267432252852601,52.27457514062632,24.098364122250224,extension,49.831583923104986,23.038530545008104
DEMO_006,T01,34,3.4000000000000004,train,synthetic_demo,0.3580062613155225,0.7365686587649899,0.25949940596696297,0.5102530109000223,49.831583923104986,23.038530545008104,extension,47.50000000000001,22.054968283896024
DEMO_006,T01,35,3.5,train,synthetic_demo,0.23953900942894682,0.7277754132676795,0.261269172646907,0.5020137990194169,47.50000000000001,22.054968283896024,extension,45.30536869268818,21.158453452870347
DEMO_006,T01,36,3.6,train,synthetic_demo,0.23059240007816928,0.68220823195517,0.24215403507477057,0.44859789608237927,45.30536869268818,21.158453452870347,extension,43.27173484102855,20.35880845602759
DEMO_006,T01,37,3.7,train,synthetic_demo,0.24954050194282773,0.6005256722240808,0.3405519443891992,0.41463889364145606,43.27173484102855,20.35880845602759,extension,41.42137936306515,19.66479437128963
DEMO_006,T01,38,3.8000000000000003,train,synthetic_demo,0.253266737848374,0.6403570879770852,0.2442740015254173,0.3607147680756796,41.42137936306515,19.66479437128963,extension,39.774575140626304,19.084014962200634
DEMO_006,T01,39,3.9000000000000004,train,synthetic_demo,0.23055498367299884,0.6046987443637818,0.24340490819706925,0.4648834411420995,39.774575140626304,19.084014962200634,extension,38.34936490538904,18.6228333695025
DEMO_006,T01,40,4.0,train,synthetic_demo,0.2620955337752813,0.537409962856557,0.29464670336379095,0.3268789002230957,38.34936490538904,18.6228333695025,extension,37.16136355893498,18.286302395233275
DEMO_006,T01,41,4.1000000000000005,train,synthetic_demo,0.2528766052285628,0.45711193537713424,0.27484244028993143,0.3141526111363152,37.16136355893498,18.286302395233275,extension,36.22358709262116,18.078109143170686
DEMO_006,T01,42,4.2,train,synthetic_demo,0.3038457613733635,0.4368831766570124,0.27901152456825845,0.2896222619063379,36.22358709262116,18.078109143170686,extension,35.54630998165486,18.00053462215157
DEMO_006,T01,43,4.3,train,synthetic_demo,0.2283190408354962,0.3475267437223856,0.27060729655212723,0.3107838741645307,35.54630998165486,18.00053462215157,hold,35.13695261579316,18.05442875486172
DEMO_006,T01,44,4.4,train,synthetic_demo,0.2711545734861352,0.30693062637901225,0.2771857177195002,0.2543832910661316,35.13695261579316,18.05442875486172,hold,35.0,18.2392010659051
DEMO_006,T01,45,4.5,train,synthetic_demo,0.28966167694536743,0.31148187409478817,0.31913497135363017,0.24354868980503191,35.0,18.2392010659051,hold,35.13695261579316,18.552827151175826
DEMO_006,T01,46,4.6000000000000005,train,synthetic_demo,0.31816735746089025,0.24973823118739796,0.3520192799117698,0.32031973456708035,35.13695261579316,18.552827151175826,hold,35.54630998165486,18.991870857653183
DEMO_006,T01,47,4.7,train,synthetic_demo,0.3260623207135703,0.2802470980932305,0.3871480658327773,0.29617645751198635,35.54630998165486,18.991870857653183,hold,36.223587092621166,19.55152193061322
DEMO_006,T01,48,4.800000000000001,train,synthetic_demo,0.40261832808458675,0.22715212297377546,0.3772022381691163,0.2838450986774058,36.223587092621166,19.55152193061322,flexion,37.16136355893498,20.225648715786054
DEMO_006,T01,49,4.9,train,synthetic_demo,0.4363717119035128,0.25918918494172,0.39104497642625374,0.2734317653766366,37.16136355893498,20.225648715786054,flexion,38.34936490538904,21.006865339043237
DEMO_006,T01,50,5.0,train,synthetic_demo,0.4648030839804972,0.3000382707118734,0.4715117159293852,0.232893724874044,38.34936490538904,21.006865339043237,flexion,39.774575140626325,21.88661262758029
DEMO_006,T01,51,5.1000000000000005,train,synthetic_demo,0.476779833163195,0.25640754628587303,0.4935665766961594,0.2882254172084643,39.774575140626325,21.88661262758029,flexion,41.421379363065135,22.855251886005014
DEMO_006,T01,52,5.2,train,synthetic_demo,0.49043526821717864,0.3228280865858833,0.508302246114534,0.2526916937713103,41.421379363065135,22.855251886005014,flexion,43.27173484102855,23.902170499901345
DEMO_006,T01,53,5.300000000000001,train,synthetic_demo,0.5228669648796063,0.23963510743001287,0.555349710256705,0.26603275934455006,43.27173484102855,23.902170499901345,flexion,45.30536869268816,25.01589820985361
DEMO_006,T01,54,5.4,train,synthetic_demo,0.6239803350637099,0.2635352959204535,0.5112096436783579,0.25216997455920376,45.30536869268816,25.01589820985361,flexion,47.499999999999986,26.184232782009072
DEMO_006,T01,55,5.5,train,synthetic_demo,0.6773517903285488,0.3050475096848187,0.5611490322064807,0.2556055381556578,47.499999999999986,26.184232782009072,flexion,49.831583923105,27.394373698305476
DEMO_006,T01,56,5.6000000000000005,train,synthetic_demo,0.6821738132092925,0.3295542698948246,0.5774261987523451,0.3112896745898342,49.831583923105,27.394373698305476,flexion,52.27457514062633,28.633062401625605
DEMO_006,T01,57,5.7,train,synthetic_demo,0.6376749398079913,0.20769688607463205,0.580244313392844,0.2595463871089253,52.27457514062633,28.633062401625605,flexion,54.802207729556045,29.886727559323603
DEMO_006,T01,58,5.800000000000001,train,synthetic_demo,0.5728292781734637,0.3026236417284862,0.5928610063441178,0.27605090272780014,54.802207729556045,29.886727559323603,flexion,57.38678841830866,31.141633753585417
DEMO_006,T02,0,0.0,train,synthetic_demo,0.7991486206653076,0.2779143495814582,0.5542828862986999,0.2923352245666591,60.0,32.384031969540736,flexion,62.61321158169134,33.600310232347006
DEMO_006,T02,1,0.1,train,synthetic_demo,0.6658329191766932,0.25756051964828197,0.5664875848638928,0.2748558289671867,62.61321158169134,33.600310232347006,flexion,65.19779227044398,34.77714274283433
DEMO_006,T02,2,0.2,train,synthetic_demo,0.6800793654474168,0.27334412028965543,0.4892990437737594,0.25128823903618525,65.19779227044398,34.77714274283433,flexion,67.72542485937369,35.901635877749776
DEMO_006,T02,3,0.30000000000000004,train,synthetic_demo,0.72589879668581,0.2545343868323136,0.49336292489571076,0.249994201873111,67.72542485937369,35.901635877749776,flexion,70.168416076895,36.96146945499189
DEMO_006,T02,4,0.4,train,synthetic_demo,0.6275235438464404,0.3000411460467045,0.449254965310519,0.23200214608787598,70.168416076895,36.96146945499189,flexion,72.5,37.945031716103976
DEMO_006,T02,5,0.5,train,synthetic_demo,0.6564879296228936,0.20608721315594092,0.5385908218893645,0.31165378576992825,72.5,37.945031716103976,flexion,74.69463130731182,38.84154654712965
DEMO_006,T02,6,0.6000000000000001,train,synthetic_demo,0.6235073744261326,0.32034420220328025,0.4757660288431578,0.2875600655953556,74.69463130731182,38.84154654712965,flexion,76.72826515897145,39.64119154397241
DEMO_006,T02,7,0.7000000000000001,train,synthetic_demo,0.632827946031065,0.3550727812581441,0.4521996090001533,0.34979639033579624,76.72826515897145,39.64119154397241,flexion,78.57862063693486,40.33520562871037
DEMO_006,T02,8,0.8,train,synthetic_demo,0.598996131487984,0.3349940726415259,0.42194600906750906,0.28059483012652303,78.57862063693486,40.33520562871037,flexion,80.22542485937369,40.91598503779936
DEMO_006,T02,9,0.9,train,synthetic_demo,0.6024596874319588,0.25700958114197137,0.3525165353158474,0.34800800342097316,80.22542485937369,40.91598503779936,flexion,81.65063509461096,41.3771666304975
DEMO_006,T02,10,1.0,train,synthetic_demo,0.4112008086959969,0.31205532902203953,0.34321689021119567,0.2592897328185633,81.65063509461096,41.3771666304975,flexion,82.83863644106502,41.71369760476672
DEMO_006,T02,11,1.1,train,synthetic_demo,0.3759487076091768,0.27002712636466225,0.29022361477802533,0.2626943187767535,82.83863644106502,41.71369760476672,flexion,83.77641290737884,41.921890856829314
DEMO_006,T02,12,1.2000000000000002,train,synthetic_demo,0.409916273875916,0.22514917317858008,0.34376187976460804,0.2969968450060224,83.77641290737884,41.921890856829314,flexion,84.45369001834514,41.99946537784843
DEMO_006,T02,13,1.3,train,synthetic_demo,0.2729609719053549,0.2583801904417883,0.25243464068273325,0.3904023248790994,84.45369001834514,41.99946537784843,hold,84.86304738420684,41.94557124513828
DEMO_006,T02,14,1.4000000000000001,train,synthetic_demo,0.3013185793275006,0.226204478186371,0.2837590346499884,0.24307241619864214,84.86304738420684,41.94557124513828,hold,85.0,41.7607989340949
DEMO_006,T02,15,1.5,train,synthetic_demo,0.22641323031726074,0.3228842799495459,0.2772352249222153,0.3209369110896547,85.0,41.7607989340949,hold,84.86304738420684,41.44717284882418
DEMO_006,T02,16,1.6,train,synthetic_demo,0.2928668741688846,0.3988365702212363,0.2897001361679145,0.3046371937631007,84.86304738420684,41.44717284882418,hold,84.45369001834514,41.00812914234682
DEMO_006,T02,17,1.7000000000000002,train,synthetic_demo,0.2515463524574469,0.3905075422017868,0.272494899569574,0.3935601563562994,84.45369001834514,41.00812914234682,hold,83.77641290737884,40.44847806938679
DEMO_006,T02,18,1.8,train,synthetic_demo,0.227443844082314,0.495640617721793,0.2959069674880231,0.33653273931052435,83.77641290737884,40.44847806938679,extension,82.83863644106502,39.77435128421395
DEMO_006,T02,19,1.9000000000000001,train,synthetic_demo,0.2543740525246785,0.5041210143121794,0.29340452690456187,0.47388390650452755,82.83863644106502,39.77435128421395,extension,81.65063509461098,38.99313466095676
DEMO_006,T02,20,2.0,train,synthetic_demo,0.2169316143762243,0.4683387450958043,0.3086482154091286,0.4240063281045941,81.65063509461098,38.99313466095676,extension,80.22542485937369,38.113387372419716
DEMO_006,T02,21,2.1,train,synthetic_demo,0.2404881676419101,0.598102662397593,0.24266026496466225,0.41065845786171495,80.22542485937369,38.113387372419716,extension,78.57862063693486,37.14474811399498
DEMO_006,T02,22,2.2,train,synthetic_demo,0.2124135365836124,0.6330696229293578,0.2718668668110737,0.4494260623759833,78.57862063693486,37.14474811399498,extension,76.72826515897145,36.097829500098655
DEMO_006,T02,23,2.3000000000000003,train,synthetic_demo,0.1785311588913851,0.6686220522344956,0.2386208437925572,0.5145996777435409,76.72826515897145,36.097829500098655,extension,74.69463130731182,34.98410179014638
DEMO_006,T02,24,2.4000000000000004,train,synthetic_demo,0.23784117993495585,0.6869132093158864,0.25140888764857655,0.515916078951902,74.69463130731182,34.98410179014638,extension,72.5,33.815767217990924
DEMO_006,T02,25,2.5,train,synthetic_demo,0.17777152656660938,0.6767215867063933,0.295864119833182,0.56737802547127,72.5,33.815767217990924,extension,70.16841607689501,32.60562630169453
DEMO_006,T02,26,2.6,train,synthetic_demo,0.26994164392879677,0.7032356428462392,0.25416400810396494,0.5245813455256948,70.16841607689501,32.60562630169453,extension,67.72542485937369,31.366937598374406
DEMO_006,T02,27,2.7,train,synthetic_demo,0.20976013964621282,0.7839097943975948,0.3492064896749111,0.5073882078852952,67.72542485937369,31.366937598374406,extension,65.19779227044398,30.11327244067641
DEMO_006,T02,28,2.8000000000000003,train,synthetic_demo,0.17291350717565362,0.7319284331257715,0.26961287313589066,0.5072731089248091,65.19779227044398,30.11327244067641,extension,62.613211581691324,28.85836624641458
DEMO_006,T02,29,2.9000000000000004,train,synthetic_demo,0.29710512835423036,0.8044873569841897,0.24734834464198602,0.5692103464603322,62.613211581691324,28.85836624641458,extension,60.0,27.615968030459264
DEMO_006,T02,30,3.0,train,synthetic_demo,0.3131549436569963,0.7110894405907917,0.26839209803878944,0.5267927898062067,60.0,27.615968030459264,extension,57.38678841830866,26.39968976765299
DEMO_006,T02,31,3.1,train,synthetic_demo,0.304138436006996,0.7124785500303892,0.26538876711303316,0.49047428747079225,57.38678841830866,26.39968976765299,extension,54.802207729556024,25.22285725716567
DEMO_006,T02,32,3.2,train,synthetic_demo,0.2213799860837561,0.7528759972174969,0.30371789705473834,0.5283649438589351,54.802207729556024,25.22285725716567,extension,52.27457514062632,24.098364122250224
DEMO_006,T02,33,3.3000000000000003,train,synthetic_demo,0.30050106974066365,0.7287699472864967,0.28206490207134516,0.5123184709622401,52.27457514062632,24.098364122250224,extension,49.831583923104986,23.038530545008104
DEMO_006,T02,34,3.4000000000000004,train,synthetic_demo,0.3050130550396049,0.6958293617354578,0.2775042813550184,0.4436758074045772,49.831583923104986,23.038530545008104,extension,47.50000000000001,22.054968283896024
DEMO_006,T02,35,3.5,train,synthetic_demo,0.26676386469623,0.6491604162812458,0.23443681149421738,0.4623068683075055,47.50000000000001,22.054968283896024,extension,45.30536869268818,21.158453452870347
DEMO_006,T02,36,3.6,train,synthetic_demo,0.2130338903673839,0.6874792078111118,0.24679313541129994,0.3594876808381521,45.30536869268818,21.158453452870347,extension,43.27173484102855,20.35880845602759
DEMO_006,T02,37,3.7,train,synthetic_demo,0.2269166031374492,0.6818049505972013,0.2906679642465801,0.4405450626643158,43.27173484102855,20.35880845602759,extension,41.42137936306515,19.66479437128963
DEMO_006,T02,38,3.8000000000000003,train,synthetic_demo,0.1542013404165106,0.5882080474627885,0.29768500096722217,0.3882578562766629,41.42137936306515,19.66479437128963,extension,39.774575140626304,19.084014962200634
DEMO_006,T02,39,3.9000000000000004,train,synthetic_demo,0.2814613837242983,0.5841782590793236,0.2569743898328647,0.4074276549384315,39.774575140626304,19.084014962200634,extension,38.34936490538904,18.6228333695025
DEMO_006,T02,40,4.0,train,synthetic_demo,0.30605227671246854,0.5501570039120119,0.2997992491517845,0.3049908488175256,38.34936490538904,18.6228333695025,extension,37.16136355893498,18.286302395233275
DEMO_006,T02,41,4.1000000000000005,train,synthetic_demo,0.2582290253191471,0.4866010741347317,0.24179463121254136,0.3090949578645369,37.16136355893498,18.286302395233275,extension,36.22358709262116,18.078109143170686
DEMO_006,T02,42,4.2,train,synthetic_demo,0.229445722806266,0.47145358230644313,0.2407448210224476,0.30109291576883085,36.22358709262116,18.078109143170686,extension,35.54630998165486,18.00053462215157
DEMO_006,T02,43,4.3,train,synthetic_demo,0.2510226558946132,0.3971662677035027,0.2748708530087883,0.23459572600058348,35.54630998165486,18.00053462215157,hold,35.13695261579316,18.05442875486172
DEMO_006,T02,44,4.4,train,synthetic_demo,0.26128138507356646,0.39572536088321497,0.31945721932092724,0.3005328765541749,35.13695261579316,18.05442875486172,hold,35.0,18.2392010659051
DEMO_006,T02,45,4.5,train,synthetic_demo,0.1960577420186695,0.33899448432170953,0.37414859430184616,0.25978209012730835,35.0,18.2392010659051,hold,35.13695261579316,18.552827151175826
DEMO_006,T02,46,4.6000000000000005,train,synthetic_demo,0.32510915015296565,0.33635885075848504,0.3575422901833791,0.22495580225255773,35.13695261579316,18.552827151175826,hold,35.54630998165486,18.991870857653183
DEMO_006,T02,47,4.7,train,synthetic_demo,0.3762803008815373,0.2667988661777066,0.404916808516965,0.2523437155780752,35.54630998165486,18.991870857653183,hold,36.223587092621166,19.55152193061322
DEMO_006,T02,48,4.800000000000001,train,synthetic_demo,0.33904377850434797,0.25845239737413755,0.43145258473446246,0.2243048772059229,36.223587092621166,19.55152193061322,flexion,37.16136355893498,20.225648715786054
DEMO_006,T02,49,4.9,train,synthetic_demo,0.4953146299051933,0.20352787814810985,0.405673881703954,0.27294214150642,37.16136355893498,20.225648715786054,flexion,38.34936490538904,21.006865339043237
DEMO_006,T02,50,5.0,train,synthetic_demo,0.4865831164466236,0.3033123404370536,0.46551234807776215,0.32076884684921536,38.34936490538904,21.006865339043237,flexion,39.774575140626325,21.88661262758029
DEMO_006,T02,51,5.1000000000000005,train,synthetic_demo,0.503054566545978,0.29637215839512226,0.4570880833839321,0.3045504639307488,39.774575140626325,21.88661262758029,flexion,41.421379363065135,22.855251886005014
DEMO_006,T02,52,5.2,train,synthetic_demo,0.5499134274811125,0.2646567682516757,0.49873325053911066,0.23162064930596765,41.421379363065135,22.855251886005014,flexion,43.27173484102855,23.902170499901345
DEMO_006,T02,53,5.300000000000001,train,synthetic_demo,0.5773866596531498,0.21902552646391515,0.5042780648552033,0.2611794466685152,43.27173484102855,23.902170499901345,flexion,45.30536869268816,25.01589820985361
DEMO_006,T02,54,5.4,train,synthetic_demo,0.6433323782086903,0.26043564184267376,0.482925646608382,0.2621557837359535,45.30536869268816,25.01589820985361,flexion,47.499999999999986,26.184232782009072
DEMO_006,T02,55,5.5,train,synthetic_demo,0.6253647742805026,0.24293319284575138,0.5999586274039432,0.2552553309375382,47.499999999999986,26.184232782009072,flexion,49.831583923105,27.394373698305476
DEMO_006,T02,56,5.6000000000000005,train,synthetic_demo,0.769892415308822,0.26258094766356777,0.5094496005672753,0.2549815490946214,49.831583923105,27.394373698305476,flexion,52.27457514062633,28.633062401625605
DEMO_006,T02,57,5.7,train,synthetic_demo,0.6561529096201826,0.30184450779637967,0.5337775529813412,0.2648956447725248,52.27457514062633,28.633062401625605,flexion,54.802207729556045,29.886727559323603
DEMO_006,T02,58,5.800000000000001,train,synthetic_demo,0.7260625158718891,0.27212682691603884,0.5607208635045561,0.24342150720908565,54.802207729556045,29.886727559323603,flexion,57.38678841830866,31.141633753585417
DEMO_006,T03,0,0.0,train,synthetic_demo,0.7126522711520803,0.3372936840936422,0.5419268367160536,0.3162187908194146,60.0,32.384031969540736,flexion,62.61321158169134,33.600310232347006
DEMO_006,T03,1,0.1,train,synthetic_demo,0.6756208799353811,0.27048664581234577,0.5782007782300166,0.2746714823543932,62.61321158169134,33.600310232347006,flexion,65.19779227044398,34.77714274283433
DEMO_006,T03,2,0.2,train,synthetic_demo,0.6831878891897281,0.33801989884764677,0.5305795917058364,0.2694130303151393,65.19779227044398,34.77714274283433,flexion,67.72542485937369,35.901635877749776
DEMO_006,T03,3,0.30000000000000004,train,synthetic_demo,0.6777441315363734,0.2469556373970455,0.5255157040275414,0.31007712086414013,67.72542485937369,35.901635877749776,flexion,70.168416076895,36.96146945499189
DEMO_006,T03,4,0.4,train,synthetic_demo,0.6650888723887124,0.320216576780555,0.47308970254390303,0.2722625031889225,70.168416076895,36.96146945499189,flexion,72.5,37.945031716103976
DEMO_006,T03,5,0.5,train,synthetic_demo,0.6708169002120935,0.29453493211984927,0.4788824929745425,0.19710474981617992,72.5,37.945031716103976,flexion,74.69463130731182,38.84154654712965
DEMO_006,T03,6,0.6000000000000001,train,synthetic_demo,0.6164948371899859,0.3079378498593762,0.4871764726573329,0.26106014983695475,74.69463130731182,38.84154654712965,flexion,76.72826515897145,39.64119154397241
DEMO_006,T03,7,0.7000000000000001,train,synthetic_demo,0.639532488111329,0.23883402385607408,0.4572860326664999,0.3231360686777875,76.72826515897145,39.64119154397241,flexion,78.57862063693486,40.33520562871037
DEMO_006,T03,8,0.8,train,synthetic_demo,0.6135462173042205,0.345690905652145,0.375024601633368,0.2506381221526226,78.57862063693486,40.33520562871037,flexion,80.22542485937369,40.91598503779936
DEMO_006,T03,9,0.9,train,synthetic_demo,0.5266812529126805,0.30499914265860717,0.35094411157087096,0.27518255110200285,80.22542485937369,40.91598503779936,flexion,81.65063509461096,41.3771666304975
DEMO_006,T03,10,1.0,train,synthetic_demo,0.4519643142488099,0.2726987184269205,0.30927310467700064,0.28690750994153535,81.65063509461096,41.3771666304975,flexion,82.83863644106502,41.71369760476672
DEMO_006,T03,11,1.1,train,synthetic_demo,0.3713587371577756,0.29008001895052343,0.29379247384683754,0.23643788196992052,82.83863644106502,41.71369760476672,flexion,83.77641290737884,41.921890856829314
DEMO_006,T03,12,1.2000000000000002,train,synthetic_demo,0.41500586319814786,0.2868844672274335,0.26504097479080874,0.1800469318605219,83.77641290737884,41.921890856829314,flexion,84.45369001834514,41.99946537784843
DEMO_006,T03,13,1.3,train,synthetic_demo,0.35458718266489103,0.28308885358764707,0.22673138598931158,0.3269824383979696,84.45369001834514,41.99946537784843,hold,84.86304738420684,41.94557124513828
DEMO_006,T03,14,1.4000000000000001,train,synthetic_demo,0.33138365453922997,0.22349500656271112,0.30836300205615086,0.24150692268980525,84.86304738420684,41.94557124513828,hold,85.0,41.7607989340949
DEMO_006,T03,15,1.5,train,synthetic_demo,0.30805566722793093,0.335013338545281,0.33937749739725576,0.27206763942014156,85.0,41.7607989340949,hold,84.86304738420684,41.44717284882418
DEMO_006,T03,16,1.6,train,synthetic_demo,0.24077618701877718,0.28237029769465205,0.24287738678349508,0.4154954882480344,84.86304738420684,41.44717284882418,hold,84.45369001834514,41.00812914234682
DEMO_006,T03,17,1.7000000000000002,train,synthetic_demo,0.2579300764971364,0.370216879376973,0.27057664250723307,0.3395542469215843,84.45369001834514,41.00812914234682,hold,83.77641290737884,40.44847806938679
DEMO_006,T03,18,1.8,train,synthetic_demo,0.23372826703338978,0.4471572014442504,0.26631287668123416,0.38023774896425544,83.77641290737884,40.44847806938679,extension,82.83863644106502,39.77435128421395
DEMO_006,T03,19,1.9000000000000001,train,synthetic_demo,0.24641531847350207,0.4807085639751821,0.27098219153300657,0.39941754425174286,82.83863644106502,39.77435128421395,extension,81.65063509461098,38.99313466095676
DEMO_006,T03,20,2.0,train,synthetic_demo,0.23781426294424546,0.5393400317915719,0.26490368970287986,0.43113753215757816,81.65063509461098,38.99313466095676,extension,80.22542485937369,38.113387372419716
DEMO_006,T03,21,2.1,train,synthetic_demo,0.22914781205954465,0.5635666631017663,0.29543140834584425,0.3942791642776571,80.22542485937369,38.113387372419716,extension,78.57862063693486,37.14474811399498
DEMO_006,T03,22,2.2,train,synthetic_demo,0.2596513357583162,0.6294368274581391,0.2777571227887585,0.4538790993375974,78.57862063693486,37.14474811399498,extension,76.72826515897145,36.097829500098655
DEMO_006,T03,23,2.3000000000000003,train,synthetic_demo,0.286489210960222,0.6779472967305348,0.24515545964307295,0.5070152942640092,76.72826515897145,36.097829500098655,extension,74.69463130731182,34.98410179014638
DEMO_006,T03,24,2.4000000000000004,train,synthetic_demo,0.26087096838640694,0.6042616533747669,0.28857583803631165,0.45431181096925793,74.69463130731182,34.98410179014638,extension,72.5,33.815767217990924
DEMO_006,T03,25,2.5,train,synthetic_demo,0.25372505538107387,0.6523246520285556,0.2950170313926364,0.596722806221232,72.5,33.815767217990924,extension,70.16841607689501,32.60562630169453
DEMO_006,T03,26,2.6,train,synthetic_demo,0.23045827667284757,0.6946510054181628,0.22005426474221584,0.48472887843881696,70.16841607689501,32.60562630169453,extension,67.72542485937369,31.366937598374406
DEMO_006,T03,27,2.7,train,synthetic_demo,0.2891863461930339,0.7480599937563875,0.21594581953109118,0.5169691257092276,67.72542485937369,31.366937598374406,extension,65.19779227044398,30.11327244067641
DEMO_006,T03,28,2.8000000000000003,train,synthetic_demo,0.23896093106777574,0.7810513459539588,0.2590905280671624,0.5411522654547903,65.19779227044398,30.11327244067641,extension,62.613211581691324,28.85836624641458
DEMO_006,T03,29,2.9000000000000004,train,synthetic_demo,0.24883250984621397,0.7083528745414815,0.23981414158826284,0.5720446197511796,62.613211581691324,28.85836624641458,extension,60.0,27.615968030459264
DEMO_006,T03,30,3.0,train,synthetic_demo,0.26516058925543945,0.7772851293973169,0.2759033544041351,0.4644753946790393,60.0,27.615968030459264,extension,57.38678841830866,26.39968976765299
DEMO_006,T03,31,3.1,train,synthetic_demo,0.2429445474757338,0.7830711881971487,0.3024953208492335,0.5520099914554617,57.38678841830866,26.39968976765299,extension,54.802207729556024,25.22285725716567
DEMO_006,T03,32,3.2,train,synthetic_demo,0.26639519080635565,0.7810128684221509,0.2573658592627811,0.5558025754382653,54.802207729556024,25.22285725716567,extension,52.27457514062632,24.098364122250224
DEMO_006,T03,33,3.3000000000000003,train,synthetic_demo,0.21922925447953975,0.7589597929049644,0.2683161485049688,0.5383598049868644,52.27457514062632,24.098364122250224,extension,49.831583923104986,23.038530545008104
DEMO_006,T03,34,3.4000000000000004,train,synthetic_demo,0.24869611517481266,0.7547387382624062,0.25285976069920946,0.5213977808710363,49.831583923104986,23.038530545008104,extension,47.50000000000001,22.054968283896024
DEMO_006,T03,35,3.5,train,synthetic_demo,0.28757126921966053,0.760566671227991,0.2679764764345682,0.49477756281962026,47.50000000000001,22.054968283896024,extension,45.30536869268818,21.158453452870347
DEMO_006,T03,36,3.6,train,synthetic_demo,0.27934584193842904,0.7185400314407279,0.30450290009882836,0.45058882007682355,45.30536869268818,21.158453452870347,extension,43.27173484102855,20.35880845602759
DEMO_006,T03,37,3.7,train,synthetic_demo,0.2957653017616051,0.5515657563428862,0.26764697037868684,0.39296316781903806,43.27173484102855,20.35880845602759,extension,41.42137936306515,19.66479437128963
DEMO_006,T03,38,3.8000000000000003,train,synthetic_demo,0.2954377346508697,0.6027749803839432,0.3054176890121282,0.4054213669641607,41.42137936306515,19.66479437128963,extension,39.774575140626304,19.084014962200634
DEMO_006,T03,39,3.9000000000000004,train,synthetic_demo,0.29373039978689347,0.5982451660194655,0.2796141921787497,0.3938953404972875,39.774575140626304,19.084014962200634,extension,38.34936490538904,18.6228333695025
DEMO_006,T03,40,4.0,train,synthetic_demo,0.2558320647923554,0.5102837730432498,0.29727319580996964,0.4051725727609408,38.34936490538904,18.6228333695025,extension,37.16136355893498,18.286302395233275
DEMO_006,T03,41,4.1000000000000005,train,synthetic_demo,0.2859614066810714,0.4521528712308077,0.3095340689239368,0.2956848192896297,37.16136355893498,18.286302395233275,extension,36.22358709262116,18.078109143170686
DEMO_006,T03,42,4.2,train,synthetic_demo,0.15028963325086747,0.39748639999559876,0.2848843123725755,0.24522442645349507,36.22358709262116,18.078109143170686,extension,35.54630998165486,18.00053462215157
DEMO_006,T03,43,4.3,train,synthetic_demo,0.2615878212690644,0.4215831351830984,0.2761745599654695,0.28377006251222314,35.54630998165486,18.00053462215157,hold,35.13695261579316,18.05442875486172
DEMO_006,T03,44,4.4,train,synthetic_demo,0.24494352644552914,0.24638296938644783,0.3137103277181274,0.23940988823542111,35.13695261579316,18.05442875486172,hold,35.0,18.2392010659051
DEMO_006,T03,45,4.5,train,synthetic_demo,0.26479345461311077,0.2085735859614983,0.339868874431185,0.28445493806883676,35.0,18.2392010659051,hold,35.13695261579316,18.552827151175826
DEMO_006,T03,46,4.6000000000000005,train,synthetic_demo,0.35102935435585475,0.2852454991892326,0.3156588852945952,0.26702279622487707,35.13695261579316,18.552827151175826,hold,35.54630998165486,18.991870857653183
DEMO_006,T03,47,4.7,train,synthetic_demo,0.28125151790902936,0.2110250244009853,0.39784471175900427,0.2857525568171336,35.54630998165486,18.991870857653183,hold,36.223587092621166,19.55152193061322
DEMO_006,T03,48,4.800000000000001,train,synthetic_demo,0.4033505072183248,0.3197408330461324,0.4435888476812337,0.2863224251238088,36.223587092621166,19.55152193061322,flexion,37.16136355893498,20.225648715786054
DEMO_006,T03,49,4.9,train,synthetic_demo,0.38250116191555095,0.2531185091430191,0.4454932641957011,0.215276465909362,37.16136355893498,20.225648715786054,flexion,38.34936490538904,21.006865339043237
DEMO_006,T03,50,5.0,train,synthetic_demo,0.4394883811528114,0.22388253586363796,0.43835083891607013,0.27191015285418996,38.34936490538904,21.006865339043237,flexion,39.774575140626325,21.88661262758029
DEMO_006,T03,51,5.1000000000000005,train,synthetic_demo,0.5638239551980071,0.27881885611421753,0.47026992535197304,0.22917884050750173,39.774575140626325,21.88661262758029,flexion,41.421379363065135,22.855251886005014
DEMO_006,T03,52,5.2,train,synthetic_demo,0.6050468251739618,0.2862653383329168,0.5264154935139448,0.22927066566799859,41.421379363065135,22.855251886005014,flexion,43.27173484102855,23.902170499901345
DEMO_006,T03,53,5.300000000000001,train,synthetic_demo,0.5488092063727091,0.28613071406729257,0.5208879279476469,0.308533600127905,43.27173484102855,23.902170499901345,flexion,45.30536869268816,25.01589820985361
DEMO_006,T03,54,5.4,train,synthetic_demo,0.5994111665619145,0.26872744682922384,0.5120208271637422,0.30209526416905413,45.30536869268816,25.01589820985361,flexion,47.499999999999986,26.184232782009072
DEMO_006,T03,55,5.5,train,synthetic_demo,0.6201691714117508,0.3044677629025388,0.5390536742942825,0.2850778177202632,47.499999999999986,26.184232782009072,flexion,49.831583923105,27.394373698305476
DEMO_006,T03,56,5.6000000000000005,train,synthetic_demo,0.7174392566880924,0.29506363468664865,0.6161878024110725,0.27780356511682175,49.831583923105,27.394373698305476,flexion,52.27457514062633,28.633062401625605
DEMO_006,T03,57,5.7,train,synthetic_demo,0.6230213554770717,0.2901517692866573,0.5458829710989287,0.23491195105988447,52.27457514062633,28.633062401625605,flexion,54.802207729556045,29.886727559323603
DEMO_006,T03,58,5.800000000000001,train,synthetic_demo,0.6920296047269894,0.24588474997148835,0.5698224633948444,0.27501897699974653,54.802207729556045,29.886727559323603,flexion,57.38678841830866,31.141633753585417
DEMO_007,T01,0,0.0,train,synthetic_demo,0.6813311512246676,0.2326150149999627,0.549911093033816,0.17960630650745768,60.0,32.384031969540736,flexion,62.61321158169134,33.600310232347006
DEMO_007,T01,1,0.1,train,synthetic_demo,0.6805901017817543,0.2972190501274698,0.5451971133889578,0.23514399266142375,62.61321158169134,33.600310232347006,flexion,65.19779227044398,34.77714274283433
DEMO_007,T01,2,0.2,train,synthetic_demo,0.708505076624531,0.24723540233756502,0.5351019557602995,0.3203789744916006,65.19779227044398,34.77714274283433,flexion,67.72542485937369,35.901635877749776
DEMO_007,T01,3,0.30000000000000004,train,synthetic_demo,0.6666040556327315,0.213003239906675,0.47960666279005065,0.28986690805398585,67.72542485937369,35.901635877749776,flexion,70.168416076895,36.96146945499189
DEMO_007,T01,4,0.4,train,synthetic_demo,0.5769207130102181,0.21776934879956172,0.4700379462967908,0.28538618752924255,70.168416076895,36.96146945499189,flexion,72.5,37.945031716103976
DEMO_007,T01,5,0.5,train,synthetic_demo,0.6059807522604682,0.2416734836514845,0.410265087013303,0.2325772834274067,72.5,37.945031716103976,flexion,74.69463130731182,38.84154654712965
DEMO_007,T01,6,0.6000000000000001,train,synthetic_demo,0.5874532338154643,0.23353966457506078,0.4557401316533124,0.27096235737175506,74.69463130731182,38.84154654712965,flexion,76.72826515897145,39.64119154397241
DEMO_007,T01,7,0.7000000000000001,train,synthetic_demo,0.5687241613314663,0.2818276641279203,0.41540382718388863,0.2459819516624398,76.72826515897145,39.64119154397241,flexion,78.57862063693486,40.33520562871037
DEMO_007,T01,8,0.8,train,synthetic_demo,0.5125245320806415,0.28976338074208247,0.45455371593409816,0.20347139323409866,78.57862063693486,40.33520562871037,flexion,80.22542485937369,40.91598503779936
DEMO_007,T01,9,0.9,train,synthetic_demo,0.44817136044949574,0.266847674755557,0.4208794124207492,0.2690223761464173,80.22542485937369,40.91598503779936,flexion,81.65063509461096,41.3771666304975
DEMO_007,T01,10,1.0,train,synthetic_demo,0.40384189457050546,0.215071680780988,0.33555615932800975,0.2410510424407252,81.65063509461096,41.3771666304975,flexion,82.83863644106502,41.71369760476672
DEMO_007,T01,11,1.1,train,synthetic_demo,0.40849797356758893,0.1779630097932111,0.3071434659775988,0.23117194391001544,82.83863644106502,41.71369760476672,flexion,83.77641290737884,41.921890856829314
DEMO_007,T01,12,1.2000000000000002,train,synthetic_demo,0.29932128702214633,0.2938764948194298,0.3615601346534776,0.22067759047357943,83.77641290737884,41.921890856829314,flexion,84.45369001834514,41.99946537784843
DEMO_007,T01,13,1.3,train,synthetic_demo,0.3104064194348462,0.21713966382917305,0.24761429303887128,0.2694619000720698,84.45369001834514,41.99946537784843,hold,84.86304738420684,41.94557124513828
DEMO_007,T01,14,1.4000000000000001,train,synthetic_demo,0.24647726576963902,0.267705381893668,0.2938345060411382,0.2735292675689502,84.86304738420684,41.94557124513828,hold,85.0,41.7607989340949
DEMO_007,T01,15,1.5,train,synthetic_demo,0.30809224602329205,0.2646143722607257,0.25899389417128227,0.29300294778606356,85.0,41.7607989340949,hold,84.86304738420684,41.44717284882418
DEMO_007,T01,16,1.6,train,synthetic_demo,0.28035384401888264,0.25205953645926465,0.23499638854322347,0.35405655726405905,84.86304738420684,41.44717284882418,hold,84.45369001834514,41.00812914234682
DEMO_007,T01,17,1.7000000000000002,train,synthetic_demo,0.2655592872828267,0.29742440336038084,0.3393875042809599,0.33601982802025976,84.45369001834514,41.00812914234682,hold,83.77641290737884,40.44847806938679
DEMO_007,T01,18,1.8,train,synthetic_demo,0.27636253309310865,0.38314574514517186,0.24427951468219716,0.3700584784907061,83.77641290737884,40.44847806938679,extension,82.83863644106502,39.77435128421395
DEMO_007,T01,19,1.9000000000000001,train,synthetic_demo,0.1540936158533482,0.442621023244877,0.2753411462876804,0.42999903573114295,82.83863644106502,39.77435128421395,extension,81.65063509461098,38.99313466095676
DEMO_007,T01,20,2.0,train,synthetic_demo,0.2113031352533725,0.4410029080275647,0.2245222196140352,0.3909707784802115,81.65063509461098,38.99313466095676,extension,80.22542485937369,38.113387372419716
DEMO_007,T01,21,2.1,train,synthetic_demo,0.2676318951957187,0.5030445262883178,0.31981923182913574,0.4726313943441369,80.22542485937369,38.113387372419716,extension,78.57862063693486,37.14474811399498
DEMO_007,T01,22,2.2,train,synthetic_demo,0.24629158488165911,0.43063833886190334,0.32357232279952775,0.4598741492096331,78.57862063693486,37.14474811399498,extension,76.72826515897145,36.097829500098655
DEMO_007,T01,23,2.3000000000000003,train,synthetic_demo,0.35178789047188597,0.6164307639449903,0.2957675332049436,0.4755043533765629,76.72826515897145,36.097829500098655,extension,74.69463130731182,34.98410179014638
DEMO_007,T01,24,2.4000000000000004,train,synthetic_demo,0.23068627222436097,0.5407079082539579,0.2514293761494118,0.47733310528599465,74.69463130731182,34.98410179014638,extension,72.5,33.815767217990924
DEMO_007,T01,25,2.5,train,synthetic_demo,0.20328310437908698,0.592116064843107,0.31079532406862864,0.45344690003300087,72.5,33.815767217990924,extension,70.16841607689501,32.60562630169453
DEMO_007,T01,26,2.6,train,synthetic_demo,0.23300011411040472,0.6120277668736739,0.27768269637993415,0.46233383032267206,70.16841607689501,32.60562630169453,extension,67.72542485937369,31.366937598374406
DEMO_007,T01,27,2.7,train,synthetic_demo,0.22508955687827842,0.5571797932377182,0.26621236869598086,0.5230839113417562,67.72542485937369,31.366937598374406,extension,65.19779227044398,30.11327244067641
DEMO_007,T01,28,2.8000000000000003,train,synthetic_demo,0.2640097873197937,0.6882583991036533,0.2365484651073404,0.5111701729952565,65.19779227044398,30.11327244067641,extension,62.613211581691324,28.85836624641458
DEMO_007,T01,29,2.9000000000000004,train,synthetic_demo,0.24409771340552308,0.647650054784021,0.28406185425781344,0.5026606569622432,62.613211581691324,28.85836624641458,extension,60.0,27.615968030459264
DEMO_007,T01,30,3.0,train,synthetic_demo,0.20824694581150335,0.7164095336551476,0.32938446311645353,0.4537325319739196,60.0,27.615968030459264,extension,57.38678841830866,26.39968976765299
DEMO_007,T01,31,3.1,train,synthetic_demo,0.2605833606526223,0.6344134871989205,0.30158890789162174,0.4629838703373985,57.38678841830866,26.39968976765299,extension,54.802207729556024,25.22285725716567
DEMO_007,T01,32,3.2,train,synthetic_demo,0.20005054688899987,0.667489899861293,0.2546112038097774,0.489603227862622,54.802207729556024,25.22285725716567,extension,52.27457514062632,24.098364122250224
DEMO_007,T01,33,3.3000000000000003,train,synthetic_demo,0.2255518275094659,0.6002966008930882,0.18315006211213694,0.5040244590643324,52.27457514062632,24.098364122250224,extension,49.831583923104986,23.038530545008104
DEMO_007,T01,34,3.4000000000000004,train,synthetic_demo,0.2520591252843255,0.5473822813434751,0.23467685677931494,0.4460021484164294,49.831583923104986,23.038530545008104,extension,47.50000000000001,22.054968283896024
DEMO_007,T01,35,3.5,train,synthetic_demo,0.28597998390290913,0.626661219551752,0.30052101277211424,0.4521273946373707,47.50000000000001,22.054968283896024,extension,45.30536869268818,21.158453452870347
DEMO_007,T01,36,3.6,train,synthetic_demo,0.23978503972392917,0.5822817395936278,0.2872080632945915,0.3989535118340273,45.30536869268818,21.158453452870347,extension,43.27173484102855,20.35880845602759
DEMO_007,T01,37,3.7,train,synthetic_demo,0.16804090347949557,0.5628332116869338,0.26560141351415234,0.3468478339109203,43.27173484102855,20.35880845602759,extension,41.42137936306515,19.66479437128963
DEMO_007,T01,38,3.8000000000000003,train,synthetic_demo,0.23154634581374145,0.5583478838648868,0.2406591711886008,0.36609279604439876,41.42137936306515,19.66479437128963,extension,39.774575140626304,19.084014962200634
DEMO_007,T01,39,3.9000000000000004,train,synthetic_demo,0.22348286366873582,0.45350515736215513,0.2474748937400987,0.3466456779886794,39.774575140626304,19.084014962200634,extension,38.34936490538904,18.6228333695025
DEMO_007,T01,40,4.0,train,synthetic_demo,0.2704148167915744,0.45050758532904295,0.30180625537559413,0.3225109920141254,38.34936490538904,18.6228333695025,extension,37.16136355893498,18.286302395233275
DEMO_007,T01,41,4.1000000000000005,train,synthetic_demo,0.2426625051865882,0.3520684402529885,0.28682362457925775,0.3355281304956153,37.16136355893498,18.286302395233275,extension,36.22358709262116,18.078109143170686
DEMO_007,T01,42,4.2,train,synthetic_demo,0.24222902769065846,0.4017171262339968,0.31308556194822645,0.28422254509220257,36.22358709262116,18.078109143170686,extension,35.54630998165486,18.00053462215157
DEMO_007,T01,43,4.3,train,synthetic_demo,0.2560426317726315,0.3909397317178954,0.24552736113275436,0.2666337867524692,35.54630998165486,18.00053462215157,hold,35.13695261579316,18.05442875486172
DEMO_007,T01,44,4.4,train,synthetic_demo,0.30360515252025444,0.25839650859068597,0.3639931091241135,0.25595793057864275,35.13695261579316,18.05442875486172,hold,35.0,18.2392010659051
DEMO_007,T01,45,4.5,train,synthetic_demo,0.21799626927902221,0.25715368898751756,0.3553141642471176,0.23610870225718286,35.0,18.2392010659051,hold,35.13695261579316,18.552827151175826
DEMO_007,T01,46,4.6000000000000005,train,synthetic_demo,0.2941892964610622,0.22471279863040863,0.3362254006129427,0.2659326003153174,35.13695261579316,18.552827151175826,hold,35.54630998165486,18.991870857653183
DEMO_007,T01,47,4.7,train,synthetic_demo,0.3652952666559968,0.2093790418477752,0.37686670271310513,0.3225603226553755,35.54630998165486,18.991870857653183,hold,36.223587092621166,19.55152193061322
DEMO_007,T01,48,4.800000000000001,train,synthetic_demo,0.3951620962237205,0.18648678974221425,0.4343805892305719,0.21201562933749768,36.223587092621166,19.55152193061322,flexion,37.16136355893498,20.225648715786054
DEMO_007,T01,49,4.9,train,synthetic_demo,0.36451605806690407,0.23507526670241474,0.4794296376263445,0.2848757074343328,37.16136355893498,20.225648715786054,flexion,38.34936490538904,21.006865339043237
DEMO_007,T01,50,5.0,train,synthetic_demo,0.5066921904941215,0.26573443430118726,0.4424175515785147,0.2703242616091399,38.34936490538904,21.006865339043237,flexion,39.774575140626325,21.88661262758029
DEMO_007,T01,51,5.1000000000000005,train,synthetic_demo,0.5563642036115816,0.3073233215654672,0.41977564685550595,0.26338115429088677,39.774575140626325,21.88661262758029,flexion,41.421379363065135,22.855251886005014
DEMO_007,T01,52,5.2,train,synthetic_demo,0.5073368989548083,0.270170133861937,0.5165120866485774,0.2528293724107274,41.421379363065135,22.855251886005014,flexion,43.27173484102855,23.902170499901345
DEMO_007,T01,53,5.300000000000001,train,synthetic_demo,0.5379229546786825,0.2523208575025765,0.505625827839303,0.2576941791843068,43.27173484102855,23.902170499901345,flexion,45.30536869268816,25.01589820985361
DEMO_007,T01,54,5.4,train,synthetic_demo,0.5856268968273877,0.24885293119948776,0.5221835038187046,0.2810806582175957,45.30536869268816,25.01589820985361,flexion,47.499999999999986,26.184232782009072
DEMO_007,T01,55,5.5,train,synthetic_demo,0.5189295893938337,0.22895737037877623,0.515127527157316,0.26380496862627506,47.499999999999986,26.184232782009072,flexion,49.831583923105,27.394373698305476
DEMO_007,T01,56,5.6000000000000005,train,synthetic_demo,0.6653733329378435,0.24487898715513717,0.541955974882581,0.23544223930523642,49.831583923105,27.394373698305476,flexion,52.27457514062633,28.633062401625605
DEMO_007,T01,57,5.7,train,synthetic_demo,0.6774133873289728,0.3011731613874493,0.5591176982218264,0.2605089523908849,52.27457514062633,28.633062401625605,flexion,54.802207729556045,29.886727559323603
DEMO_007,T01,58,5.800000000000001,train,synthetic_demo,0.6785699056561091,0.21848447215370725,0.5187585886874065,0.22344038041772107,54.802207729556045,29.886727559323603,flexion,57.38678841830866,31.141633753585417
DEMO_007,T02,0,0.0,train,synthetic_demo,0.6941331970200557,0.22523089913611308,0.5517509546821906,0.23300437766758963,60.0,32.384031969540736,flexion,62.61321158169134,33.600310232347006
DEMO_007,T02,1,0.1,train,synthetic_demo,0.6823820648239423,0.20437299480783336,0.47726937764592287,0.2697495466385419,62.61321158169134,33.600310232347006,flexion,65.19779227044398,34.77714274283433
DEMO_007,T02,2,0.2,train,synthetic_demo,0.7118810921740633,0.2209492596414947,0.4345924437246949,0.29061506958712063,65.19779227044398,34.77714274283433,flexion,67.72542485937369,35.901635877749776
DEMO_007,T02,3,0.30000000000000004,train,synthetic_demo,0.6560844837131619,0.31739812424648034,0.5608452737851659,0.23352796325505776,67.72542485937369,35.901635877749776,flexion,70.168416076895,36.96146945499189
DEMO_007,T02,4,0.4,train,synthetic_demo,0.6337282673092491,0.2539722579388133,0.47385633494247453,0.30655294095068414,70.168416076895,36.96146945499189,flexion,72.5,37.945031716103976
DEMO_007,T02,5,0.5,train,synthetic_demo,0.6376106337156463,0.20978092631974365,0.525401991837136,0.20757155816861672,72.5,37.945031716103976,flexion,74.69463130731182,38.84154654712965
DEMO_007,T02,6,0.6000000000000001,train,synthetic_demo,0.6111193415199347,0.19286135467662213,0.49264216590674437,0.22399208496962528,74.69463130731182,38.84154654712965,flexion,76.72826515897145,39.64119154397241
DEMO_007,T02,7,0.7000000000000001,train,synthetic_demo,0.543035681553534,0.24779612042279575,0.44773828820591544,0.2647779193664511,76.72826515897145,39.64119154397241,flexion,78.57862063693486,40.33520562871037
DEMO_007,T02,8,0.8,train,synthetic_demo,0.5340315027599521,0.2021590236729217,0.4036930195200149,0.2515840151388742,78.57862063693486,40.33520562871037,flexion,80.22542485937369,40.91598503779936
DEMO_007,T02,9,0.9,train,synthetic_demo,0.5053909328046433,0.21578994424940168,0.41220992308465687,0.23606444943727667,80.22542485937369,40.91598503779936,flexion,81.65063509461096,41.3771666304975
DEMO_007,T02,10,1.0,train,synthetic_demo,0.4334132162769674,0.20261528577542298,0.3250806752669449,0.2151647172568138,81.65063509461096,41.3771666304975,flexion,82.83863644106502,41.71369760476672
DEMO_007,T02,11,1.1,train,synthetic_demo,0.39257926037629515,0.2864457381478468,0.3321845352263726,0.3131869830096563,82.83863644106502,41.71369760476672,flexion,83.77641290737884,41.921890856829314
DEMO_007,T02,12,1.2000000000000002,train,synthetic_demo,0.31103070529528093,0.2635241065918983,0.32693850011792547,0.1917023580556081,83.77641290737884,41.921890856829314,flexion,84.45369001834514,41.99946537784843
DEMO_007,T02,13,1.3,train,synthetic_demo,0.3357099650164238,0.2417522240065282,0.2886354115519152,0.2287319487300652,84.45369001834514,41.99946537784843,hold,84.86304738420684,41.94557124513828
DEMO_007,T02,14,1.4000000000000001,train,synthetic_demo,0.3006071952949892,0.2712068253861202,0.2367528388429874,0.2606273183530986,84.86304738420684,41.94557124513828,hold,85.0,41.7607989340949
DEMO_007,T02,15,1.5,train,synthetic_demo,0.26096089823302976,0.20347393726415883,0.30259593407100815,0.3005224498423288,85.0,41.7607989340949,hold,84.86304738420684,41.44717284882418
DEMO_007,T02,16,1.6,train,synthetic_demo,0.27177815670333233,0.1737558563649768,0.30576136850165897,0.34282060365409067,84.86304738420684,41.44717284882418,hold,84.45369001834514,41.00812914234682
DEMO_007,T02,17,1.7000000000000002,train,synthetic_demo,0.26340326742046183,0.2987786822396954,0.3307446684352713,0.32374494872348314,84.45369001834514,41.00812914234682,hold,83.77641290737884,40.44847806938679
DEMO_007,T02,18,1.8,train,synthetic_demo,0.2727451766517096,0.3633561568453466,0.20580931761938004,0.3964976825377922,83.77641290737884,40.44847806938679,extension,82.83863644106502,39.77435128421395
DEMO_007,T02,19,1.9000000000000001,train,synthetic_demo,0.24173249932370214,0.3811604527425089,0.2667898964441658,0.4921078979061719,82.83863644106502,39.77435128421395,extension,81.65063509461098,38.99313466095676
DEMO_007,T02,20,2.0,train,synthetic_demo,0.21633335218247843,0.4819928091034624,0.2666853788335422,0.42287377831450185,81.65063509461098,38.99313466095676,extension,80.22542485937369,38.113387372419716
DEMO_007,T02,21,2.1,train,synthetic_demo,0.2732886831715849,0.5169554938229203,0.2867290654643524,0.39985243474463295,80.22542485937369,38.113387372419716,extension,78.57862063693486,37.14474811399498
DEMO_007,T02,22,2.2,train,synthetic_demo,0.24964210166800746,0.5262034457063557,0.25110377477874096,0.4140251688065424,78.57862063693486,37.14474811399498,extension,76.72826515897145,36.097829500098655
DEMO_007,T02,23,2.3000000000000003,train,synthetic_demo,0.28251393579420914,0.5090544337466093,0.2960944401032588,0.43976665292182116,76.72826515897145,36.097829500098655,extension,74.69463130731182,34.98410179014638
DEMO_007,T02,24,2.4000000000000004,train,synthetic_demo,0.2630916057846877,0.5090088099090714,0.30283319678562576,0.4670803410865182,74.69463130731182,34.98410179014638,extension,72.5,33.815767217990924
DEMO_007,T02,25,2.5,train,synthetic_demo,0.20638141139051913,0.6710288503196032,0.2710575939636375,0.4951370097160919,72.5,33.815767217990924,extension,70.16841607689501,32.60562630169453
DEMO_007,T02,26,2.6,train,synthetic_demo,0.2454142988297787,0.6485032955436341,0.2534638477836698,0.5509346551882265,70.16841607689501,32.60562630169453,extension,67.72542485937369,31.366937598374406
DEMO_007,T02,27,2.7,train,synthetic_demo,0.21175623009885014,0.6185836290926572,0.2792918429786886,0.5736377645876691,67.72542485937369,31.366937598374406,extension,65.19779227044398,30.11327244067641
DEMO_007,T02,28,2.8000000000000003,train,synthetic_demo,0.22340841524578192,0.6631679014220129,0.2569447559801673,0.4744641178626884,65.19779227044398,30.11327244067641,extension,62.613211581691324,28.85836624641458
DEMO_007,T02,29,2.9000000000000004,train,synthetic_demo,0.2500475582627133,0.7082005136838592,0.2264076927187491,0.5081529004556831,62.613211581691324,28.85836624641458,extension,60.0,27.615968030459264
DEMO_007,T02,30,3.0,train,synthetic_demo,0.25854253486841117,0.6508655324804414,0.2615603131132703,0.46818800468580724,60.0,27.615968030459264,extension,57.38678841830866,26.39968976765299
DEMO_007,T02,31,3.1,train,synthetic_demo,0.22533357525570352,0.6357948297464483,0.30522756514133975,0.46811962844633254,57.38678841830866,26.39968976765299,extension,54.802207729556024,25.22285725716567
DEMO_007,T02,32,3.2,train,synthetic_demo,0.25079071201270786,0.6932434825743203,0.2376082456376314,0.448218408296001,54.802207729556024,25.22285725716567,extension,52.27457514062632,24.098364122250224
DEMO_007,T02,33,3.3000000000000003,train,synthetic_demo,0.24141341341418313,0.618565761875612,0.30647488432130104,0.4959599055379067,52.27457514062632,24.098364122250224,extension,49.831583923104986,23.038530545008104
DEMO_007,T02,34,3.4000000000000004,train,synthetic_demo,0.25100625821178096,0.6637632234566766,0.26223249448035346,0.4582751241532084,49.831583923104986,23.038530545008104,extension,47.50000000000001,22.054968283896024
DEMO_007,T02,35,3.5,train,synthetic_demo,0.28160646610886564,0.686702057021717,0.2584936057640112,0.4275429436590255,47.50000000000001,22.054968283896024,extension,45.30536869268818,21.158453452870347
DEMO_007,T02,36,3.6,train,synthetic_demo,0.2953283556080084,0.5808978487347844,0.22285208979897744,0.43593197569089454,45.30536869268818,21.158453452870347,extension,43.27173484102855,20.35880845602759
DEMO_007,T02,37,3.7,train,synthetic_demo,0.2409863745733555,0.556332609552827,0.30621882441346165,0.38334814500043596,43.27173484102855,20.35880845602759,extension,41.42137936306515,19.66479437128963
DEMO_007,T02,38,3.8000000000000003,train,synthetic_demo,0.2217913321896654,0.49466471349309227,0.3163964938863283,0.39008504357032264,41.42137936306515,19.66479437128963,extension,39.774575140626304,19.084014962200634
DEMO_007,T02,39,3.9000000000000004,train,synthetic_demo,0.1497721314968115,0.5187466010684135,0.2884424622739586,0.25720423784251534,39.774575140626304,19.084014962200634,extension,38.34936490538904,18.6228333695025
DEMO_007,T02,40,4.0,train,synthetic_demo,0.29846361066543725,0.5131585680604942,0.27735245662940955,0.3541277887890472,38.34936490538904,18.6228333695025,extension,37.16136355893498,18.286302395233275
DEMO_007,T02,41,4.1000000000000005,train,synthetic_demo,0.22726433543665206,0.3916562810554358,0.31416023102375584,0.29067604761950755,37.16136355893498,18.286302395233275,extension,36.22358709262116,18.078109143170686
DEMO_007,T02,42,4.2,train,synthetic_demo,0.22468329786878175,0.38341853480415156,0.22347056193078002,0.26417140558980107,36.22358709262116,18.078109143170686,extension,35.54630998165486,18.00053462215157
DEMO_007,T02,43,4.3,train,synthetic_demo,0.26849712524312064,0.26076565870355944,0.2672380001424413,0.23787443074280418,35.54630998165486,18.00053462215157,hold,35.13695261579316,18.05442875486172
DEMO_007,T02,44,4.4,train,synthetic_demo,0.21224231842236005,0.23543546122799705,0.26427197317304546,0.22510932003462308,35.13695261579316,18.05442875486172,hold,35.0,18.2392010659051
DEMO_007,T02,45,4.5,train,synthetic_demo,0.2099340362450727,0.22517515213956715,0.31079222911230114,0.21326704380407968,35.0,18.2392010659051,hold,35.13695261579316,18.552827151175826
DEMO_007,T02,46,4.6000000000000005,train,synthetic_demo,0.295335023350373,0.24343360199874436,0.30372450386675764,0.2854419646192437,35.13695261579316,18.552827151175826,hold,35.54630998165486,18.991870857653183
DEMO_007,T02,47,4.7,train,synthetic_demo,0.3217252374879035,0.2544705871621764,0.35450233923309743,0.21268354202668818,35.54630998165486,18.991870857653183,hold,36.223587092621166,19.55152193061322
DEMO_007,T02,48,4.800000000000001,train,synthetic_demo,0.3733565602292537,0.1998578572924354,0.4398669438720487,0.3239445675084454,36.223587092621166,19.55152193061322,flexion,37.16136355893498,20.225648715786054
DEMO_007,T02,49,4.9,train,synthetic_demo,0.44078005541702153,0.2350765276107606,0.4150348544755388,0.2208857406045517,37.16136355893498,20.225648715786054,flexion,38.34936490538904,21.006865339043237
DEMO_007,T02,50,5.0,train,synthetic_demo,0.4475290361788885,0.20585360457867447,0.4302926197759936,0.2956229528451945,38.34936490538904,21.006865339043237,flexion,39.774575140626325,21.88661262758029
DEMO_007,T02,51,5.1000000000000005,train,synthetic_demo,0.4801424217972093,0.2611139793596369,0.5082765986680503,0.25522901526394004,39.774575140626325,21.88661262758029,flexion,41.421379363065135,22.855251886005014
DEMO_007,T02,52,5.2,train,synthetic_demo,0.5412382068512922,0.24098248854664506,0.4619476062472678,0.24197400773452793,41.421379363065135,22.855251886005014,flexion,43.27173484102855,23.902170499901345
DEMO_007,T02,53,5.300000000000001,train,synthetic_demo,0.5834131917686194,0.18911586811373599,0.48866637715911854,0.2645779711156183,43.27173484102855,23.902170499901345,flexion,45.30536869268816,25.01589820985361
DEMO_007,T02,54,5.4,train,synthetic_demo,0.6079931650288231,0.23659903861012696,0.5075210040241104,0.2647367232106567,45.30536869268816,25.01589820985361,flexion,47.499999999999986,26.184232782009072
DEMO_007,T02,55,5.5,train,synthetic_demo,0.622939527287987,0.2368747425163215,0.5312384083405617,0.26213483930750303,47.499999999999986,26.184232782009072,flexion,49.831583923105,27.394373698305476
DEMO_007,T02,56,5.6000000000000005,train,synthetic_demo,0.6129185628555469,0.2701792840664709,0.5821087568493349,0.24282146798091914,49.831583923105,27.394373698305476,flexion,52.27457514062633,28.633062401625605
DEMO_007,T02,57,5.7,train,synthetic_demo,0.5688679917437056,0.1936817977905862,0.5670602141561362,0.2164153632695303,52.27457514062633,28.633062401625605,flexion,54.802207729556045,29.886727559323603
DEMO_007,T02,58,5.800000000000001,train,synthetic_demo,0.6777376914936263,0.19150926631027126,0.5635257241879887,0.25429531377524855,54.802207729556045,29.886727559323603,flexion,57.38678841830866,31.141633753585417
DEMO_007,T03,0,0.0,train,synthetic_demo,0.6816672824958242,0.22652362426766456,0.5951607467493008,0.17962008848195427,60.0,32.384031969540736,flexion,62.61321158169134,33.600310232347006
DEMO_007,T03,1,0.1,train,synthetic_demo,0.6749464792995709,0.21064020682611082,0.5485120905860912,0.2828505848096428,62.61321158169134,33.600310232347006,flexion,65.19779227044398,34.77714274283433
DEMO_007,T03,2,0.2,train,synthetic_demo,0.612557441673239,0.2838183347719262,0.5055254469654423,0.24149845668365846,65.19779227044398,34.77714274283433,flexion,67.72542485937369,35.901635877749776
DEMO_007,T03,3,0.30000000000000004,train,synthetic_demo,0.6245003109956467,0.1551577054167018,0.4904349952262924,0.2052613463869187,67.72542485937369,35.901635877749776,flexion,70.168416076895,36.96146945499189
DEMO_007,T03,4,0.4,train,synthetic_demo,0.5747384734473802,0.27425741960306915,0.5311264977296687,0.2601605036121622,70.168416076895,36.96146945499189,flexion,72.5,37.945031716103976
DEMO_007,T03,5,0.5,train,synthetic_demo,0.5787323726123529,0.27396662883325634,0.4783974559140624,0.24063302571385697,72.5,37.945031716103976,flexion,74.69463130731182,38.84154654712965
DEMO_007,T03,6,0.6000000000000001,train,synthetic_demo,0.5588893561224881,0.23846090247551907,0.44706543899278584,0.23730312743200366,74.69463130731182,38.84154654712965,flexion,76.72826515897145,39.64119154397241
DEMO_007,T03,7,0.7000000000000001,train,synthetic_demo,0.5471550842443773,0.25689099186723374,0.4523665191391078,0.29644267248727757,76.72826515897145,39.64119154397241,flexion,78.57862063693486,40.33520562871037
DEMO_007,T03,8,0.8,train,synthetic_demo,0.5171380850475354,0.19171405597742153,0.41503306960236674,0.1921710530437117,78.57862063693486,40.33520562871037,flexion,80.22542485937369,40.91598503779936
DEMO_007,T03,9,0.9,train,synthetic_demo,0.46027836988080667,0.27058138654912556,0.44059686635822976,0.26618814778411615,80.22542485937369,40.91598503779936,flexion,81.65063509461096,41.3771666304975
DEMO_007,T03,10,1.0,train,synthetic_demo,0.4604341189614039,0.22320141741731864,0.36170476179860367,0.2510843191872454,81.65063509461096,41.3771666304975,flexion,82.83863644106502,41.71369760476672
DEMO_007,T03,11,1.1,train,synthetic_demo,0.4252920793657383,0.20674919904313901,0.3373306582375382,0.20085498796300494,82.83863644106502,41.71369760476672,flexion,83.77641290737884,41.921890856829314
DEMO_007,T03,12,1.2000000000000002,train,synthetic_demo,0.3165228592022773,0.27367529701514526,0.40688215359763186,0.2563577209652701,83.77641290737884,41.921890856829314,flexion,84.45369001834514,41.99946537784843
DEMO_007,T03,13,1.3,train,synthetic_demo,0.33044828195630954,0.28204398449430645,0.22746691615144632,0.19489696456563932,84.45369001834514,41.99946537784843,hold,84.86304738420684,41.94557124513828
DEMO_007,T03,14,1.4000000000000001,train,synthetic_demo,0.3095038514141297,0.28433374085189483,0.29217532430136867,0.2668538291165173,84.86304738420684,41.94557124513828,hold,85.0,41.7607989340949
DEMO_007,T03,15,1.5,train,synthetic_demo,0.3014118313524492,0.21684304816064767,0.26705381238052817,0.28389210147884253,85.0,41.7607989340949,hold,84.86304738420684,41.44717284882418
DEMO_007,T03,16,1.6,train,synthetic_demo,0.19755376671780717,0.27130850845382176,0.26728556093380335,0.32100410618724307,84.86304738420684,41.44717284882418,hold,84.45369001834514,41.00812914234682
DEMO_007,T03,17,1.7000000000000002,train,synthetic_demo,0.2592204167366946,0.3021178109694453,0.31606688295039387,0.33872054414905484,84.45369001834514,41.00812914234682,hold,83.77641290737884,40.44847806938679
DEMO_007,T03,18,1.8,train,synthetic_demo,0.2023497051728857,0.32634831389331614,0.25703021417827127,0.36573355163154925,83.77641290737884,40.44847806938679,extension,82.83863644106502,39.77435128421395
DEMO_007,T03,19,1.9000000000000001,train,synthetic_demo,0.2534844096368627,0.4112411616437205,0.31019406835452723,0.37862306132613527,82.83863644106502,39.77435128421395,extension,81.65063509461098,38.99313466095676
DEMO_007,T03,20,2.0,train,synthetic_demo,0.2626453216700074,0.4496614640186787,0.2940537711605767,0.3905195410544786,81.65063509461098,38.99313466095676,extension,80.22542485937369,38.113387372419716
DEMO_007,T03,21,2.1,train,synthetic_demo,0.26997053306264024,0.4482727439433379,0.3487664351194776,0.38026250810650664,80.22542485937369,38.113387372419716,extension,78.57862063693486,37.14474811399498
DEMO_007,T03,22,2.2,train,synthetic_demo,0.2231561542038503,0.5151295208532188,0.32460638481427834,0.5116427875631729,78.57862063693486,37.14474811399498,extension,76.72826515897145,36.097829500098655
DEMO_007,T03,23,2.3000000000000003,train,synthetic_demo,0.20474244462099578,0.5913942612700815,0.22186665009332623,0.5291630237219139,76.72826515897145,36.097829500098655,extension,74.69463130731182,34.98410179014638
DEMO_007,T03,24,2.4000000000000004,train,synthetic_demo,0.22266038803447255,0.5970057290928592,0.28005154367046825,0.4480061954413871,74.69463130731182,34.98410179014638,extension,72.5,33.815767217990924
DEMO_007,T03,25,2.5,train,synthetic_demo,0.24193691552610536,0.6160509238099431,0.23117618190048433,0.5013016518464859,72.5,33.815767217990924,extension,70.16841607689501,32.60562630169453
DEMO_007,T03,26,2.6,train,synthetic_demo,0.23462066216489613,0.594627199090509,0.3086556881710853,0.469863735962597,70.16841607689501,32.60562630169453,extension,67.72542485937369,31.366937598374406
DEMO_007,T03,27,2.7,train,synthetic_demo,0.18230492217211883,0.6621498302736956,0.2379947786496011,0.5023335324706188,67.72542485937369,31.366937598374406,extension,65.19779227044398,30.11327244067641
DEMO_007,T03,28,2.8000000000000003,train,synthetic_demo,0.20602836531796892,0.6943031875914811,0.27812399039159474,0.5252140000490779,65.19779227044398,30.11327244067641,extension,62.613211581691324,28.85836624641458
DEMO_007,T03,29,2.9000000000000004,train,synthetic_demo,0.21873826871007984,0.6221304645227543,0.2689657723217092,0.5207306881566629,62.613211581691324,28.85836624641458,extension,60.0,27.615968030459264
DEMO_007,T03,30,3.0,train,synthetic_demo,0.2615828540160382,0.7123380490671027,0.28259112039620704,0.551042787110747,60.0,27.615968030459264,extension,57.38678841830866,26.39968976765299
DEMO_007,T03,31,3.1,train,synthetic_demo,0.20111597156849326,0.6436542255731967,0.23772985461895618,0.49462945564738553,57.38678841830866,26.39968976765299,extension,54.802207729556024,25.22285725716567
DEMO_007,T03,32,3.2,train,synthetic_demo,0.206919032931559,0.6667375928330503,0.27210353554970984,0.4886409153879254,54.802207729556024,25.22285725716567,extension,52.27457514062632,24.098364122250224
DEMO_007,T03,33,3.3000000000000003,train,synthetic_demo,0.25028087620962963,0.6270093535554357,0.30929367404947256,0.5417196910897185,52.27457514062632,24.098364122250224,extension,49.831583923104986,23.038530545008104
DEMO_007,T03,34,3.4000000000000004,train,synthetic_demo,0.25845721231292373,0.6282863548301703,0.29176053571275207,0.43397140000828033,49.831583923104986,23.038530545008104,extension,47.50000000000001,22.054968283896024
DEMO_007,T03,35,3.5,train,synthetic_demo,0.21114492403624335,0.5793583683106407,0.289107269571494,0.44958573638166816,47.50000000000001,22.054968283896024,extension,45.30536869268818,21.158453452870347
DEMO_007,T03,36,3.6,train,synthetic_demo,0.2951576681609871,0.5292405372455239,0.2917943891505853,0.46910941528706346,45.30536869268818,21.158453452870347,extension,43.27173484102855,20.35880845602759
DEMO_007,T03,37,3.7,train,synthetic_demo,0.19863428205779496,0.5805948004226434,0.292630432130918,0.40062814342493835,43.27173484102855,20.35880845602759,extension,41.42137936306515,19.66479437128963
DEMO_007,T03,38,3.8000000000000003,train,synthetic_demo,0.18702506046311265,0.49387111414678064,0.3012226310825304,0.41283777873504307,41.42137936306515,19.66479437128963,extension,39.774575140626304,19.084014962200634
DEMO_007,T03,39,3.9000000000000004,train,synthetic_demo,0.23554014814289678,0.47648940750950125,0.31776641699389496,0.3614128326570882,39.774575140626304,19.084014962200634,extension,38.34936490538904,18.6228333695025
DEMO_007,T03,40,4.0,train,synthetic_demo,0.2606571490196593,0.4733394851296376,0.20933875414798034,0.4383658246299887,38.34936490538904,18.6228333695025,extension,37.16136355893498,18.286302395233275
DEMO_007,T03,41,4.1000000000000005,train,synthetic_demo,0.26161045097563984,0.4755981910882322,0.24845392719900042,0.24997726927980143,37.16136355893498,18.286302395233275,extension,36.22358709262116,18.078109143170686
DEMO_007,T03,42,4.2,train,synthetic_demo,0.26110377135203194,0.3109337267353627,0.25037409551763423,0.2776206339715164,36.22358709262116,18.078109143170686,extension,35.54630998165486,18.00053462215157
DEMO_007,T03,43,4.3,train,synthetic_demo,0.19589841094196792,0.32704869247784596,0.2722577645885969,0.2451860980581905,35.54630998165486,18.00053462215157,hold,35.13695261579316,18.05442875486172
DEMO_007,T03,44,4.4,train,synthetic_demo,0.22210464188112872,0.3266267241500085,0.30026363428638814,0.25925581629428074,35.13695261579316,18.05442875486172,hold,35.0,18.2392010659051
DEMO_007,T03,45,4.5,train,synthetic_demo,0.2553293775973738,0.21110015680057312,0.31806470006860543,0.3312847057181488,35.0,18.2392010659051,hold,35.13695261579316,18.552827151175826
DEMO_007,T03,46,4.6000000000000005,train,synthetic_demo,0.26369069223318786,0.2919104602692536,0.2930404819887245,0.25864187145530043,35.13695261579316,18.552827151175826,hold,35.54630998165486,18.991870857653183
DEMO_007,T03,47,4.7,train,synthetic_demo,0.3119705107202338,0.24553947490144373,0.403669141288467,0.27062582913314215,35.54630998165486,18.991870857653183,hold,36.223587092621166,19.55152193061322
DEMO_007,T03,48,4.800000000000001,train,synthetic_demo,0.34691342994300817,0.19921600234318604,0.4256962087011428,0.29402155166383054,36.223587092621166,19.55152193061322,flexion,37.16136355893498,20.225648715786054
DEMO_007,T03,49,4.9,train,synthetic_demo,0.43727663928456795,0.28533038906049707,0.40686548397027794,0.2191605189665173,37.16136355893498,20.225648715786054,flexion,38.34936490538904,21.006865339043237
DEMO_007,T03,50,5.0,train,synthetic_demo,0.44214063600013975,0.2699869077702108,0.4410133258592144,0.21309693105803937,38.34936490538904,21.006865339043237,flexion,39.774575140626325,21.88661262758029
DEMO_007,T03,51,5.1000000000000005,train,synthetic_demo,0.5222823262512154,0.21574469436730784,0.4480888452516797,0.20550407853045108,39.774575140626325,21.88661262758029,flexion,41.421379363065135,22.855251886005014
DEMO_007,T03,52,5.2,train,synthetic_demo,0.5462944333675185,0.23935779879122998,0.5237782725148452,0.23782379571677,41.421379363065135,22.855251886005014,flexion,43.27173484102855,23.902170499901345
DEMO_007,T03,53,5.300000000000001,train,synthetic_demo,0.5676939359404037,0.27703459748848097,0.47433975321124244,0.31672987053268076,43.27173484102855,23.902170499901345,flexion,45.30536869268816,25.01589820985361
DEMO_007,T03,54,5.4,train,synthetic_demo,0.5956945055131805,0.23016375346855963,0.5390946370643963,0.26075059672248296,45.30536869268816,25.01589820985361,flexion,47.499999999999986,26.184232782009072
DEMO_007,T03,55,5.5,train,synthetic_demo,0.6030006723675624,0.24163464605392496,0.5578256658139374,0.3096722432070948,47.499999999999986,26.184232782009072,flexion,49.831583923105,27.394373698305476
DEMO_007,T03,56,5.6000000000000005,train,synthetic_demo,0.6761809052050524,0.2838511947548856,0.5671576943853339,0.2555178197407647,49.831583923105,27.394373698305476,flexion,52.27457514062633,28.633062401625605
DEMO_007,T03,57,5.7,train,synthetic_demo,0.6173343049341856,0.2294180217558804,0.5215770344953232,0.27659504350757474,52.27457514062633,28.633062401625605,flexion,54.802207729556045,29.886727559323603
DEMO_007,T03,58,5.800000000000001,train,synthetic_demo,0.5817691553650183,0.22413333972815463,0.5638980857282584,0.2647210656491721,54.802207729556045,29.886727559323603,flexion,57.38678841830866,31.141633753585417
DEMO_008,T01,0,0.0,train,synthetic_demo,0.8012946370814222,0.260733097955765,0.5504553599791099,0.26101447070059847,60.0,32.384031969540736,flexion,62.61321158169134,33.600310232347006
DEMO_008,T01,1,0.1,train,synthetic_demo,0.7526517635834654,0.20737187639019625,0.4834086719708658,0.27442204996941283,62.61321158169134,33.600310232347006,flexion,65.19779227044398,34.77714274283433
DEMO_008,T01,2,0.2,train,synthetic_demo,0.7280488302469835,0.21249329241569045,0.4814917393881122,0.31530508547401764,65.19779227044398,34.77714274283433,flexion,67.72542485937369,35.901635877749776
DEMO_008,T01,3,0.30000000000000004,train,synthetic_demo,0.7553155387928396,0.2806078846741625,0.4521589161082193,0.2850374294686344,67.72542485937369,35.901635877749776,flexion,70.168416076895,36.96146945499189
DEMO_008,T01,4,0.4,train,synthetic_demo,0.7655561498224751,0.22563004931691813,0.45730184419929315,0.26704753555842914,70.168416076895,36.96146945499189,flexion,72.5,37.945031716103976
DEMO_008,T01,5,0.5,train,synthetic_demo,0.7354514345336871,0.24996575185676187,0.3984335604672737,0.26081417440526783,72.5,37.945031716103976,flexion,74.69463130731182,38.84154654712965
DEMO_008,T01,6,0.6000000000000001,train,synthetic_demo,0.743354489639434,0.3170916513058656,0.41895341553981535,0.25041869569828223,74.69463130731182,38.84154654712965,flexion,76.72826515897145,39.64119154397241
DEMO_008,T01,7,0.7000000000000001,train,synthetic_demo,0.6259873074610386,0.25692637688371256,0.423585411614635,0.3070928189240415,76.72826515897145,39.64119154397241,flexion,78.57862063693486,40.33520562871037
DEMO_008,T01,8,0.8,train,synthetic_demo,0.6814386710439637,0.26433803414641394,0.4560421024534371,0.31759650506409925,78.57862063693486,40.33520562871037,flexion,80.22542485937369,40.91598503779936
DEMO_008,T01,9,0.9,train,synthetic_demo,0.5724014222092608,0.22200940903338864,0.36771846199666275,0.33544179967969046,80.22542485937369,40.91598503779936,flexion,81.65063509461096,41.3771666304975
DEMO_008,T01,10,1.0,train,synthetic_demo,0.5311117624901381,0.33285209165438806,0.30763264372027477,0.3446014063201933,81.65063509461096,41.3771666304975,flexion,82.83863644106502,41.71369760476672
DEMO_008,T01,11,1.1,train,synthetic_demo,0.473100609874341,0.23979318432781851,0.30150213708930695,0.2599630581900998,82.83863644106502,41.71369760476672,flexion,83.77641290737884,41.921890856829314
DEMO_008,T01,12,1.2000000000000002,train,synthetic_demo,0.3854502488392945,0.24080219653191523,0.2108721537058671,0.32323312183410396,83.77641290737884,41.921890856829314,flexion,84.45369001834514,41.99946537784843
DEMO_008,T01,13,1.3,train,synthetic_demo,0.4098782984714798,0.25172607591967133,0.2377919262733486,0.3291457398018681,84.45369001834514,41.99946537784843,hold,84.86304738420684,41.94557124513828
DEMO_008,T01,14,1.4000000000000001,train,synthetic_demo,0.3001969221849084,0.30391234558276614,0.3087099816699208,0.33285091549895107,84.86304738420684,41.94557124513828,hold,85.0,41.7607989340949
DEMO_008,T01,15,1.5,train,synthetic_demo,0.2836279969206962,0.29569114892225506,0.2579139091826242,0.3753526809573112,85.0,41.7607989340949,hold,84.86304738420684,41.44717284882418
DEMO_008,T01,16,1.6,train,synthetic_demo,0.2606325162155904,0.3883278043521102,0.29129091659008866,0.3600036588618405,84.86304738420684,41.44717284882418,hold,84.45369001834514,41.00812914234682
DEMO_008,T01,17,1.7000000000000002,train,synthetic_demo,0.3247133675659527,0.41085472653977534,0.25176991286493483,0.35448125102373,84.45369001834514,41.00812914234682,hold,83.77641290737884,40.44847806938679
DEMO_008,T01,18,1.8,train,synthetic_demo,0.23933805101147743,0.39869136028906155,0.25454584230406657,0.4133589484836776,83.77641290737884,40.44847806938679,extension,82.83863644106502,39.77435128421395
DEMO_008,T01,19,1.9000000000000001,train,synthetic_demo,0.3646850910217688,0.47053386188438195,0.26822285408748325,0.42392393789049304,82.83863644106502,39.77435128421395,extension,81.65063509461098,38.99313466095676
DEMO_008,T01,20,2.0,train,synthetic_demo,0.3344044818213513,0.46784147369206996,0.27262120870950246,0.4643934737264408,81.65063509461098,38.99313466095676,extension,80.22542485937369,38.113387372419716
DEMO_008,T01,21,2.1,train,synthetic_demo,0.28057813724491626,0.5615419676709621,0.2443142170959032,0.4511205914717293,80.22542485937369,38.113387372419716,extension,78.57862063693486,37.14474811399498
DEMO_008,T01,22,2.2,train,synthetic_demo,0.3208316196857637,0.6471146407218769,0.2872641269807971,0.550938770383053,78.57862063693486,37.14474811399498,extension,76.72826515897145,36.097829500098655
DEMO_008,T01,23,2.3000000000000003,train,synthetic_demo,0.29082460080624595,0.5572504923681385,0.22869212377987075,0.540324224570079,76.72826515897145,36.097829500098655,extension,74.69463130731182,34.98410179014638
DEMO_008,T01,24,2.4000000000000004,train,synthetic_demo,0.20333696863214654,0.6728539006759108,0.27566885184213635,0.5471650847199119,74.69463130731182,34.98410179014638,extension,72.5,33.815767217990924
DEMO_008,T01,25,2.5,train,synthetic_demo,0.24739153586514248,0.6834061096297968,0.2522336903725679,0.5556349091998655,72.5,33.815767217990924,extension,70.16841607689501,32.60562630169453
DEMO_008,T01,26,2.6,train,synthetic_demo,0.27534720959812287,0.6584817179970588,0.345972064211038,0.5665944250151221,70.16841607689501,32.60562630169453,extension,67.72542485937369,31.366937598374406
DEMO_008,T01,27,2.7,train,synthetic_demo,0.2765089693076649,0.7187209466731898,0.2901364199935674,0.5674641090843199,67.72542485937369,31.366937598374406,extension,65.19779227044398,30.11327244067641
DEMO_008,T01,28,2.8000000000000003,train,synthetic_demo,0.29952160404179257,0.6984196349102625,0.19179362337340009,0.6082344313443578,65.19779227044398,30.11327244067641,extension,62.613211581691324,28.85836624641458
DEMO_008,T01,29,2.9000000000000004,train,synthetic_demo,0.29203302278736,0.7681730449350763,0.3043475240204449,0.5471570051890768,62.613211581691324,28.85836624641458,extension,60.0,27.615968030459264
DEMO_008,T01,30,3.0,train,synthetic_demo,0.3019634625927101,0.6983607372161892,0.26051147159110366,0.553519540557301,60.0,27.615968030459264,extension,57.38678841830866,26.39968976765299
DEMO_008,T01,31,3.1,train,synthetic_demo,0.31884675107937815,0.7426023032176171,0.3358547627013186,0.45962743281932145,57.38678841830866,26.39968976765299,extension,54.802207729556024,25.22285725716567
DEMO_008,T01,32,3.2,train,synthetic_demo,0.3218151292716285,0.6888531940752771,0.29827302836576913,0.5665537058854514,54.802207729556024,25.22285725716567,extension,52.27457514062632,24.098364122250224
DEMO_008,T01,33,3.3000000000000003,train,synthetic_demo,0.26158826379006933,0.7237832707507217,0.2548124392676784,0.5532647791034905,52.27457514062632,24.098364122250224,extension,49.831583923104986,23.038530545008104
DEMO_008,T01,34,3.4000000000000004,train,synthetic_demo,0.2664353081329803,0.7308274201385789,0.26708509773658456,0.5331380979107389,49.831583923104986,23.038530545008104,extension,47.50000000000001,22.054968283896024
DEMO_008,T01,35,3.5,train,synthetic_demo,0.29156743315524886,0.7118183501272783,0.29011481219459573,0.5170488041510921,47.50000000000001,22.054968283896024,extension,45.30536869268818,21.158453452870347
DEMO_008,T01,36,3.6,train,synthetic_demo,0.3086466357808222,0.6624558312028116,0.2612619474842855,0.44605429360539744,45.30536869268818,21.158453452870347,extension,43.27173484102855,20.35880845602759
DEMO_008,T01,37,3.7,train,synthetic_demo,0.30677397534496836,0.6036188189537655,0.25647182015346226,0.4460283430728223,43.27173484102855,20.35880845602759,extension,41.42137936306515,19.66479437128963
DEMO_008,T01,38,3.8000000000000003,train,synthetic_demo,0.304966783655796,0.6172900651487266,0.28894591586659235,0.4321455663444655,41.42137936306515,19.66479437128963,extension,39.774575140626304,19.084014962200634
DEMO_008,T01,39,3.9000000000000004,train,synthetic_demo,0.2380139419843779,0.5438003660141928,0.2704628518552596,0.41155390792759977,39.774575140626304,19.084014962200634,extension,38.34936490538904,18.6228333695025
DEMO_008,T01,40,4.0,train,synthetic_demo,0.25906115972899646,0.4966593926072861,0.2608215572456041,0.33121447399653214,38.34936490538904,18.6228333695025,extension,37.16136355893498,18.286302395233275
DEMO_008,T01,41,4.1000000000000005,train,synthetic_demo,0.27909556040034,0.5107971595066936,0.2219299707725437,0.29649792693162175,37.16136355893498,18.286302395233275,extension,36.22358709262116,18.078109143170686
DEMO_008,T01,42,4.2,train,synthetic_demo,0.3204199898671262,0.4191465933851171,0.31908168496097683,0.26822446075712786,36.22358709262116,18.078109143170686,extension,35.54630998165486,18.00053462215157
DEMO_008,T01,43,4.3,train,synthetic_demo,0.31937514983144033,0.3846893482887308,0.22339892464294595,0.29773442030888975,35.54630998165486,18.00053462215157,hold,35.13695261579316,18.05442875486172
DEMO_008,T01,44,4.4,train,synthetic_demo,0.3602855359123367,0.35460666435395993,0.2970596833850034,0.27074198689760914,35.13695261579316,18.05442875486172,hold,35.0,18.2392010659051
DEMO_008,T01,45,4.5,train,synthetic_demo,0.2402546501717874,0.22823454287120842,0.3034456580139806,0.3137298166666616,35.0,18.2392010659051,hold,35.13695261579316,18.552827151175826
DEMO_008,T01,46,4.6000000000000005,train,synthetic_demo,0.33282005547469645,0.3310826904267864,0.3107063630767557,0.24583207527406428,35.13695261579316,18.552827151175826,hold,35.54630998165486,18.991870857653183
DEMO_008,T01,47,4.7,train,synthetic_demo,0.39351600684677,0.27156283113064145,0.4220896453997638,0.30573801365189657,35.54630998165486,18.991870857653183,hold,36.223587092621166,19.55152193061322
DEMO_008,T01,48,4.800000000000001,train,synthetic_demo,0.44440531404176425,0.24794584856353266,0.41770748077836023,0.36712715300114873,36.223587092621166,19.55152193061322,flexion,37.16136355893498,20.225648715786054
DEMO_008,T01,49,4.9,train,synthetic_demo,0.49623948420631536,0.23104205362348196,0.3626669903431379,0.27130122062186895,37.16136355893498,20.225648715786054,flexion,38.34936490538904,21.006865339043237
DEMO_008,T01,50,5.0,train,synthetic_demo,0.5474808313001652,0.2501401812662134,0.42292903986586977,0.2669458025081683,38.34936490538904,21.006865339043237,flexion,39.774575140626325,21.88661262758029
DEMO_008,T01,51,5.1000000000000005,train,synthetic_demo,0.6295049113264346,0.23066267753733924,0.44137087620813403,0.3209107367831632,39.774575140626325,21.88661262758029,flexion,41.421379363065135,22.855251886005014
DEMO_008,T01,52,5.2,train,synthetic_demo,0.6786267328289863,0.25446697685571734,0.4696930864154456,0.34858807868010533,41.421379363065135,22.855251886005014,flexion,43.27173484102855,23.902170499901345
DEMO_008,T01,53,5.300000000000001,train,synthetic_demo,0.7089384252817208,0.24745394384894498,0.45803648885943193,0.28882011235493693,43.27173484102855,23.902170499901345,flexion,45.30536869268816,25.01589820985361
DEMO_008,T01,54,5.4,train,synthetic_demo,0.6666398452249382,0.26120105845262725,0.5166245992288392,0.2274879404538412,45.30536869268816,25.01589820985361,flexion,47.499999999999986,26.184232782009072
DEMO_008,T01,55,5.5,train,synthetic_demo,0.7361426504590399,0.2920627790751997,0.5066816929670758,0.31348404851534867,47.499999999999986,26.184232782009072,flexion,49.831583923105,27.394373698305476
DEMO_008,T01,56,5.6000000000000005,train,synthetic_demo,0.7294231977799741,0.26564780284213324,0.4595006259367224,0.18147833691902382,49.831583923105,27.394373698305476,flexion,52.27457514062633,28.633062401625605
DEMO_008,T01,57,5.7,train,synthetic_demo,0.7318338350448491,0.2720496619489957,0.5250773986133612,0.2727828425767445,52.27457514062633,28.633062401625605,flexion,54.802207729556045,29.886727559323603
DEMO_008,T01,58,5.800000000000001,train,synthetic_demo,0.7725462843824749,0.27004711406389587,0.5277618901168518,0.25621321101836764,54.802207729556045,29.886727559323603,flexion,57.38678841830866,31.141633753585417
DEMO_008,T02,0,0.0,train,synthetic_demo,0.7562451124005054,0.26096205228086516,0.5526263117625184,0.26581125872246225,60.0,32.384031969540736,flexion,62.61321158169134,33.600310232347006
DEMO_008,T02,1,0.1,train,synthetic_demo,0.7486653250935441,0.2663896432331503,0.5446883171894518,0.2811830926382154,62.61321158169134,33.600310232347006,flexion,65.19779227044398,34.77714274283433
DEMO_008,T02,2,0.2,train,synthetic_demo,0.7750973992685055,0.26868598842225194,0.5470509148041321,0.23750088918326315,65.19779227044398,34.77714274283433,flexion,67.72542485937369,35.901635877749776
DEMO_008,T02,3,0.30000000000000004,train,synthetic_demo,0.7772842401233525,0.3557385887514022,0.49156581764006463,0.3102431298044193,67.72542485937369,35.901635877749776,flexion,70.168416076895,36.96146945499189
DEMO_008,T02,4,0.4,train,synthetic_demo,0.7238430649427915,0.2543258706144732,0.4793201393874389,0.2787697580311346,70.168416076895,36.96146945499189,flexion,72.5,37.945031716103976
DEMO_008,T02,5,0.5,train,synthetic_demo,0.6907160455052969,0.3010320475141773,0.44339903070188647,0.3067144012410074,72.5,37.945031716103976,flexion,74.69463130731182,38.84154654712965
DEMO_008,T02,6,0.6000000000000001,train,synthetic_demo,0.692405193055101,0.320947612018639,0.4350425546338076,0.25235765629531265,74.69463130731182,38.84154654712965,flexion,76.72826515897145,39.64119154397241
DEMO_008,T02,7,0.7000000000000001,train,synthetic_demo,0.701595201213589,0.22474813446566716,0.40661306567863514,0.27145740474683616,76.72826515897145,39.64119154397241,flexion,78.57862063693486,40.33520562871037
DEMO_008,T02,8,0.8,train,synthetic_demo,0.6604843590674289,0.2888652259736785,0.40273798621969226,0.3380927764707645,78.57862063693486,40.33520562871037,flexion,80.22542485937369,40.91598503779936
DEMO_008,T02,9,0.9,train,synthetic_demo,0.5869508146553626,0.22640835081465815,0.332107451666299,0.2315075128407768,80.22542485937369,40.91598503779936,flexion,81.65063509461096,41.3771666304975
DEMO_008,T02,10,1.0,train,synthetic_demo,0.5364175283708928,0.26920524208327984,0.3577729842096897,0.2885906815458333,81.65063509461096,41.3771666304975,flexion,82.83863644106502,41.71369760476672
DEMO_008,T02,11,1.1,train,synthetic_demo,0.4961106045621039,0.3307697152311335,0.3305734320522501,0.2513349729598694,82.83863644106502,41.71369760476672,flexion,83.77641290737884,41.921890856829314
DEMO_008,T02,12,1.2000000000000002,train,synthetic_demo,0.4233852614581048,0.254635524424528,0.2894319839748308,0.22940490376812936,83.77641290737884,41.921890856829314,flexion,84.45369001834514,41.99946537784843
DEMO_008,T02,13,1.3,train,synthetic_demo,0.4259077717029273,0.22798388933830008,0.28170142144362753,0.3106235481669426,84.45369001834514,41.99946537784843,hold,84.86304738420684,41.94557124513828
DEMO_008,T02,14,1.4000000000000001,train,synthetic_demo,0.36029571965367174,0.27811757140089494,0.2643519116854303,0.3644056425986017,84.86304738420684,41.94557124513828,hold,85.0,41.7607989340949
DEMO_008,T02,15,1.5,train,synthetic_demo,0.309953450354803,0.22583820246718395,0.2839007843604101,0.2984585748667746,85.0,41.7607989340949,hold,84.86304738420684,41.44717284882418
DEMO_008,T02,16,1.6,train,synthetic_demo,0.31159006549759216,0.35054650535232607,0.3533391643795103,0.370809320061242,84.86304738420684,41.44717284882418,hold,84.45369001834514,41.00812914234682
DEMO_008,T02,17,1.7000000000000002,train,synthetic_demo,0.2771425825114331,0.364206331730935,0.28479336878330036,0.4114068917284548,84.45369001834514,41.00812914234682,hold,83.77641290737884,40.44847806938679
DEMO_008,T02,18,1.8,train,synthetic_demo,0.3010692537234227,0.46651993375241774,0.2820927154789071,0.3680151683198543,83.77641290737884,40.44847806938679,extension,82.83863644106502,39.77435128421395
DEMO_008,T02,19,1.9000000000000001,train,synthetic_demo,0.2683744521793596,0.4757653708449497,0.2801947676006276,0.40376149897828717,82.83863644106502,39.77435128421395,extension,81.65063509461098,38.99313466095676
DEMO_008,T02,20,2.0,train,synthetic_demo,0.3240848610217775,0.5040812020283153,0.2964005104251938,0.49747697190278495,81.65063509461098,38.99313466095676,extension,80.22542485937369,38.113387372419716
DEMO_008,T02,21,2.1,train,synthetic_demo,0.2621172653352781,0.5835722466044848,0.30545059041676,0.49368980346952446,80.22542485937369,38.113387372419716,extension,78.57862063693486,37.14474811399498
DEMO_008,T02,22,2.2,train,synthetic_demo,0.30779335822002546,0.5591607637819186,0.22277528215718495,0.5221330221854404,78.57862063693486,37.14474811399498,extension,76.72826515897145,36.097829500098655
DEMO_008,T02,23,2.3000000000000003,train,synthetic_demo,0.22046311901554,0.6141712831905112,0.26069460817688117,0.5467572936675756,76.72826515897145,36.097829500098655,extension,74.69463130731182,34.98410179014638
DEMO_008,T02,24,2.4000000000000004,train,synthetic_demo,0.3330238051804226,0.7024915751929,0.21924337524650195,0.5251092650847845,74.69463130731182,34.98410179014638,extension,72.5,33.815767217990924
DEMO_008,T02,25,2.5,train,synthetic_demo,0.29966187570753916,0.6816443035892658,0.27899931204019884,0.512332090714739,72.5,33.815767217990924,extension,70.16841607689501,32.60562630169453
DEMO_008,T02,26,2.6,train,synthetic_demo,0.25103330829786313,0.8125390430461104,0.2481647793495668,0.5523291667552112,70.16841607689501,32.60562630169453,extension,67.72542485937369,31.366937598374406
DEMO_008,T02,27,2.7,train,synthetic_demo,0.32372078054620407,0.7373490707976561,0.31200909897415025,0.6507526443394378,67.72542485937369,31.366937598374406,extension,65.19779227044398,30.11327244067641
DEMO_008,T02,28,2.8000000000000003,train,synthetic_demo,0.29525740364503905,0.8581255579868874,0.2504003458971552,0.4789569878095412,65.19779227044398,30.11327244067641,extension,62.613211581691324,28.85836624641458
DEMO_008,T02,29,2.9000000000000004,train,synthetic_demo,0.29799803777173306,0.7798340536666679,0.2208348992368257,0.5146742092959372,62.613211581691324,28.85836624641458,extension,60.0,27.615968030459264
DEMO_008,T02,30,3.0,train,synthetic_demo,0.254429317480405,0.7031390582848188,0.26430802729602104,0.5325319449210753,60.0,27.615968030459264,extension,57.38678841830866,26.39968976765299
DEMO_008,T02,31,3.1,train,synthetic_demo,0.34538277341464296,0.7975972107561276,0.2559692502636074,0.5423401920748203,57.38678841830866,26.39968976765299,extension,54.802207729556024,25.22285725716567
DEMO_008,T02,32,3.2,train,synthetic_demo,0.3344999265847528,0.7788425548559317,0.21198052634479334,0.5458078047635859,54.802207729556024,25.22285725716567,extension,52.27457514062632,24.098364122250224
DEMO_008,T02,33,3.3000000000000003,train,synthetic_demo,0.30025712928603104,0.7451405116951819,0.29753847075648976,0.5104503833950256,52.27457514062632,24.098364122250224,extension,49.831583923104986,23.038530545008104
DEMO_008,T02,34,3.4000000000000004,train,synthetic_demo,0.2227648229713149,0.7563293087574249,0.22794652894556638,0.49439150447795877,49.831583923104986,23.038530545008104,extension,47.50000000000001,22.054968283896024
DEMO_008,T02,35,3.5,train,synthetic_demo,0.2940175845306253,0.6469321186404924,0.25839243603607653,0.454132189360745,47.50000000000001,22.054968283896024,extension,45.30536869268818,21.158453452870347
DEMO_008,T02,36,3.6,train,synthetic_demo,0.26017429243602463,0.6315907703018357,0.22090433981238922,0.4991218825549328,45.30536869268818,21.158453452870347,extension,43.27173484102855,20.35880845602759
DEMO_008,T02,37,3.7,train,synthetic_demo,0.30674186227240985,0.6383398422956701,0.24192549247846007,0.4042620720505753,43.27173484102855,20.35880845602759,extension,41.42137936306515,19.66479437128963
DEMO_008,T02,38,3.8000000000000003,train,synthetic_demo,0.19419778728996773,0.5772165004310967,0.2498759197791856,0.43288221057334003,41.42137936306515,19.66479437128963,extension,39.774575140626304,19.084014962200634
DEMO_008,T02,39,3.9000000000000004,train,synthetic_demo,0.31510870543415,0.5557972424052962,0.2642322040036227,0.3739388843646293,39.774575140626304,19.084014962200634,extension,38.34936490538904,18.6228333695025
DEMO_008,T02,40,4.0,train,synthetic_demo,0.27667056451669836,0.5331351235842829,0.228805367090415,0.36664431355344024,38.34936490538904,18.6228333695025,extension,37.16136355893498,18.286302395233275
DEMO_008,T02,41,4.1000000000000005,train,synthetic_demo,0.28433507221414384,0.4362138391459182,0.22257376073999785,0.3881656628464001,37.16136355893498,18.286302395233275,extension,36.22358709262116,18.078109143170686
DEMO_008,T02,42,4.2,train,synthetic_demo,0.31021646241366535,0.40957729467045595,0.26010644824224305,0.3391562481052327,36.22358709262116,18.078109143170686,extension,35.54630998165486,18.00053462215157
DEMO_008,T02,43,4.3,train,synthetic_demo,0.24717569474329087,0.37114362776066895,0.29114904411898074,0.2535963291374612,35.54630998165486,18.00053462215157,hold,35.13695261579316,18.05442875486172
DEMO_008,T02,44,4.4,train,synthetic_demo,0.2900918094013877,0.25379878594989974,0.2889837575556092,0.27540233888584886,35.13695261579316,18.05442875486172,hold,35.0,18.2392010659051
DEMO_008,T02,45,4.5,train,synthetic_demo,0.3488439785361488,0.27894625324337846,0.2974780227499914,0.298601100136713,35.0,18.2392010659051,hold,35.13695261579316,18.552827151175826
DEMO_008,T02,46,4.6000000000000005,train,synthetic_demo,0.3433417953257545,0.23756055129251014,0.3407874662203784,0.34796494112717735,35.13695261579316,18.552827151175826,hold,35.54630998165486,18.991870857653183
DEMO_008,T02,47,4.7,train,synthetic_demo,0.40345823341534487,0.21879349414710986,0.3577820721708954,0.2938290580647361,35.54630998165486,18.991870857653183,hold,36.223587092621166,19.55152193061322
DEMO_008,T02,48,4.800000000000001,train,synthetic_demo,0.4365998347953369,0.32180707126288643,0.37635752209275003,0.33804465650568055,36.223587092621166,19.55152193061322,flexion,37.16136355893498,20.225648715786054
DEMO_008,T02,49,4.9,train,synthetic_demo,0.4683398976234665,0.2720855918063854,0.4559184922948397,0.22505051654085628,37.16136355893498,20.225648715786054,flexion,38.34936490538904,21.006865339043237
DEMO_008,T02,50,5.0,train,synthetic_demo,0.5064119941150969,0.2920240951636332,0.4881344168276437,0.2574726941906888,38.34936490538904,21.006865339043237,flexion,39.774575140626325,21.88661262758029
DEMO_008,T02,51,5.1000000000000005,train,synthetic_demo,0.6017294121358664,0.23153668749160233,0.4743070285534949,0.3358314607000744,39.774575140626325,21.88661262758029,flexion,41.421379363065135,22.855251886005014
DEMO_008,T02,52,5.2,train,synthetic_demo,0.6129203422804924,0.25563763118439276,0.5181618794136839,0.3050538163766349,41.421379363065135,22.855251886005014,flexion,43.27173484102855,23.902170499901345
DEMO_008,T02,53,5.300000000000001,train,synthetic_demo,0.695692121941519,0.3130581503512287,0.48445814540025306,0.31559110470063545,43.27173484102855,23.902170499901345,flexion,45.30536869268816,25.01589820985361
DEMO_008,T02,54,5.4,train,synthetic_demo,0.7576790315582722,0.2589602083299572,0.5317786183695314,0.2661120083285574,45.30536869268816,25.01589820985361,flexion,47.499999999999986,26.184232782009072
DEMO_008,T02,55,5.5,train,synthetic_demo,0.7741080336592626,0.2916333187308406,0.46569197938505064,0.2874472299379328,47.499999999999986,26.184232782009072,flexion,49.831583923105,27.394373698305476
DEMO_008,T02,56,5.6000000000000005,train,synthetic_demo,0.7292687836567348,0.3009192923165889,0.5121544110034643,0.276768321723456,49.831583923105,27.394373698305476,flexion,52.27457514062633,28.633062401625605
DEMO_008,T02,57,5.7,train,synthetic_demo,0.7893934529261237,0.2556930025662466,0.42750231944952904,0.2617455268267253,52.27457514062633,28.633062401625605,flexion,54.802207729556045,29.886727559323603
DEMO_008,T02,58,5.800000000000001,train,synthetic_demo,0.7595117558717736,0.32436900577207795,0.46710278621558465,0.3422121299428244,54.802207729556045,29.886727559323603,flexion,57.38678841830866,31.141633753585417
DEMO_008,T03,0,0.0,train,synthetic_demo,0.77099698370274,0.3416961472964551,0.4941860581845999,0.29628342418547277,60.0,32.384031969540736,flexion,62.61321158169134,33.600310232347006
DEMO_008,T03,1,0.1,train,synthetic_demo,0.7950162726955295,0.27255810624934945,0.546363228319476,0.2992232867021343,62.61321158169134,33.600310232347006,flexion,65.19779227044398,34.77714274283433
DEMO_008,T03,2,0.2,train,synthetic_demo,0.7186902648635382,0.2130953125829071,0.4841627283194779,0.32906655842646426,65.19779227044398,34.77714274283433,flexion,67.72542485937369,35.901635877749776
DEMO_008,T03,3,0.30000000000000004,train,synthetic_demo,0.8325903348846488,0.2587467426361703,0.492045251339053,0.24085900647911204,67.72542485937369,35.901635877749776,flexion,70.168416076895,36.96146945499189
DEMO_008,T03,4,0.4,train,synthetic_demo,0.7586720191263325,0.282056455398917,0.45324886055782737,0.27633121108436487,70.168416076895,36.96146945499189,flexion,72.5,37.945031716103976
DEMO_008,T03,5,0.5,train,synthetic_demo,0.7398898462776489,0.33125727228245616,0.5255770511920921,0.37106840643205086,72.5,37.945031716103976,flexion,74.69463130731182,38.84154654712965
DEMO_008,T03,6,0.6000000000000001,train,synthetic_demo,0.6722762193852304,0.19374202253029923,0.4424151478959231,0.24039026358626875,74.69463130731182,38.84154654712965,flexion,76.72826515897145,39.64119154397241
DEMO_008,T03,7,0.7000000000000001,train,synthetic_demo,0.6783529000747324,0.25933596328645037,0.39204026303778405,0.2784052127436807,76.72826515897145,39.64119154397241,flexion,78.57862063693486,40.33520562871037
DEMO_008,T03,8,0.8,train,synthetic_demo,0.6588325878770502,0.28481001526994126,0.3946980818096745,0.2511938175883653,78.57862063693486,40.33520562871037,flexion,80.22542485937369,40.91598503779936
DEMO_008,T03,9,0.9,train,synthetic_demo,0.5421450898410775,0.2844028543494554,0.3565792070333524,0.24593771099234413,80.22542485937369,40.91598503779936,flexion,81.65063509461096,41.3771666304975
DEMO_008,T03,10,1.0,train,synthetic_demo,0.5560040387440583,0.27125801774726926,0.3353573299563672,0.335596254350932,81.65063509461096,41.3771666304975,flexion,82.83863644106502,41.71369760476672
DEMO_008,T03,11,1.1,train,synthetic_demo,0.466635192599779,0.3053024374845394,0.32394880761007694,0.29598700079716866,82.83863644106502,41.71369760476672,flexion,83.77641290737884,41.921890856829314
DEMO_008,T03,12,1.2000000000000002,train,synthetic_demo,0.4436676704581951,0.3056671096699129,0.34575723106248424,0.23447681146351998,83.77641290737884,41.921890856829314,flexion,84.45369001834514,41.99946537784843
DEMO_008,T03,13,1.3,train,synthetic_demo,0.4309911917272541,0.2619974937791259,0.2774064867569372,0.2908477313493784,84.45369001834514,41.99946537784843,hold,84.86304738420684,41.94557124513828
DEMO_008,T03,14,1.4000000000000001,train,synthetic_demo,0.317841836718585,0.25188069281922426,0.26915300885760035,0.28598817903220103,84.86304738420684,41.94557124513828,hold,85.0,41.7607989340949
DEMO_008,T03,15,1.5,train,synthetic_demo,0.3074352690483407,0.21918439231563058,0.2560091204047449,0.3842244399904112,85.0,41.7607989340949,hold,84.86304738420684,41.44717284882418
DEMO_008,T03,16,1.6,train,synthetic_demo,0.27693265762242875,0.2897932340120791,0.2594730996622337,0.32921780216681806,84.86304738420684,41.44717284882418,hold,84.45369001834514,41.00812914234682
DEMO_008,T03,17,1.7000000000000002,train,synthetic_demo,0.3102027782289784,0.37698399044951914,0.2536154327381414,0.4163474866907666,84.45369001834514,41.00812914234682,hold,83.77641290737884,40.44847806938679
DEMO_008,T03,18,1.8,train,synthetic_demo,0.27996164564137854,0.3975642084657065,0.2505213543026139,0.39067551763690267,83.77641290737884,40.44847806938679,extension,82.83863644106502,39.77435128421395
DEMO_008,T03,19,1.9000000000000001,train,synthetic_demo,0.2443379805195181,0.49103811764998573,0.2387882774567553,0.4209610756566534,82.83863644106502,39.77435128421395,extension,81.65063509461098,38.99313466095676
DEMO_008,T03,20,2.0,train,synthetic_demo,0.3138388273977818,0.46836054080875555,0.23301472122246264,0.44594821181482597,81.65063509461098,38.99313466095676,extension,80.22542485937369,38.113387372419716
DEMO_008,T03,21,2.1,train,synthetic_demo,0.3375584058161874,0.5515931280675298,0.2677704347564896,0.4882682887281313,80.22542485937369,38.113387372419716,extension,78.57862063693486,37.14474811399498
DEMO_008,T03,22,2.2,train,synthetic_demo,0.23916131681199362,0.6105684540229654,0.2914347555791878,0.5643105900517134,78.57862063693486,37.14474811399498,extension,76.72826515897145,36.097829500098655
DEMO_008,T03,23,2.3000000000000003,train,synthetic_demo,0.2755305039173867,0.6545465266180898,0.29396986158906474,0.5237375567990528,76.72826515897145,36.097829500098655,extension,74.69463130731182,34.98410179014638
DEMO_008,T03,24,2.4000000000000004,train,synthetic_demo,0.35637116978154215,0.7344015733598587,0.3133412448321006,0.4911140152325765,74.69463130731182,34.98410179014638,extension,72.5,33.815767217990924
DEMO_008,T03,25,2.5,train,synthetic_demo,0.27438348319875017,0.7213941224955674,0.26562399742139486,0.4867895866643538,72.5,33.815767217990924,extension,70.16841607689501,32.60562630169453
DEMO_008,T03,26,2.6,train,synthetic_demo,0.29139071446834036,0.7884793548623665,0.3203481477574131,0.5841610214836075,70.16841607689501,32.60562630169453,extension,67.72542485937369,31.366937598374406
DEMO_008,T03,27,2.7,train,synthetic_demo,0.2865664836501281,0.7365264234739572,0.27338127782255434,0.5421294273951048,67.72542485937369,31.366937598374406,extension,65.19779227044398,30.11327244067641
DEMO_008,T03,28,2.8000000000000003,train,synthetic_demo,0.26731466386198127,0.7559461096823108,0.33511327515190226,0.5815412134704654,65.19779227044398,30.11327244067641,extension,62.613211581691324,28.85836624641458
DEMO_008,T03,29,2.9000000000000004,train,synthetic_demo,0.2929531227632817,0.7960564942978027,0.32211602511873544,0.6013538937217429,62.613211581691324,28.85836624641458,extension,60.0,27.615968030459264
DEMO_008,T03,30,3.0,train,synthetic_demo,0.24792507159992164,0.8211732955148721,0.29429046833853423,0.5123208428949354,60.0,27.615968030459264,extension,57.38678841830866,26.39968976765299
DEMO_008,T03,31,3.1,train,synthetic_demo,0.2724623911706816,0.6818986458536773,0.2353011700425041,0.5456178012478302,57.38678841830866,26.39968976765299,extension,54.802207729556024,25.22285725716567
DEMO_008,T03,32,3.2,train,synthetic_demo,0.2943724626506406,0.7362026899427516,0.2701172114272434,0.520129111916891,54.802207729556024,25.22285725716567,extension,52.27457514062632,24.098364122250224
DEMO_008,T03,33,3.3000000000000003,train,synthetic_demo,0.29851832458355243,0.7359736322958645,0.28393872484588323,0.5577753058916398,52.27457514062632,24.098364122250224,extension,49.831583923104986,23.038530545008104
DEMO_008,T03,34,3.4000000000000004,train,synthetic_demo,0.30962266334399324,0.7094515504255663,0.20209544834528853,0.5264549429685353,49.831583923104986,23.038530545008104,extension,47.50000000000001,22.054968283896024
DEMO_008,T03,35,3.5,train,synthetic_demo,0.23350187973518427,0.7220008766307559,0.30442799939428017,0.5259354447045362,47.50000000000001,22.054968283896024,extension,45.30536869268818,21.158453452870347
DEMO_008,T03,36,3.6,train,synthetic_demo,0.3267844379242267,0.7048418792024261,0.23247292023577837,0.42474419510304623,45.30536869268818,21.158453452870347,extension,43.27173484102855,20.35880845602759
DEMO_008,T03,37,3.7,train,synthetic_demo,0.2059111133001377,0.6380333522426248,0.27866508091257236,0.4593797281504366,43.27173484102855,20.35880845602759,extension,41.42137936306515,19.66479437128963
DEMO_008,T03,38,3.8000000000000003,train,synthetic_demo,0.28089012744212627,0.6325488038023714,0.2729174948585966,0.3664660685529918,41.42137936306515,19.66479437128963,extension,39.774575140626304,19.084014962200634
DEMO_008,T03,39,3.9000000000000004,train,synthetic_demo,0.2339619207725122,0.6017441743995245,0.2803348735666866,0.3455338820631508,39.774575140626304,19.084014962200634,extension,38.34936490538904,18.6228333695025
DEMO_008,T03,40,4.0,train,synthetic_demo,0.32829046659648936,0.5008578686062252,0.3040983219257618,0.3539893135820741,38.34936490538904,18.6228333695025,extension,37.16136355893498,18.286302395233275
DEMO_008,T03,41,4.1000000000000005,train,synthetic_demo,0.32359467641961537,0.49726333098197023,0.24646924816615345,0.32493090627056287,37.16136355893498,18.286302395233275,extension,36.22358709262116,18.078109143170686
DEMO_008,T03,42,4.2,train,synthetic_demo,0.3302295681958875,0.43497189605651787,0.2239168345367824,0.27792061084610414,36.22358709262116,18.078109143170686,extension,35.54630998165486,18.00053462215157
DEMO_008,T03,43,4.3,train,synthetic_demo,0.2653696382462707,0.366716238374896,0.21913691522423356,0.34291333615056396,35.54630998165486,18.00053462215157,hold,35.13695261579316,18.05442875486172
DEMO_008,T03,44,4.4,train,synthetic_demo,0.2494286735468249,0.2856183908292995,0.2218000912639619,0.2739454854851925,35.13695261579316,18.05442875486172,hold,35.0,18.2392010659051
DEMO_008,T03,45,4.5,train,synthetic_demo,0.27155393826633073,0.2967113252188629,0.29669925752660986,0.278170892751848,35.0,18.2392010659051,hold,35.13695261579316,18.552827151175826
DEMO_008,T03,46,4.6000000000000005,train,synthetic_demo,0.3298244847295758,0.27078357594358055,0.3261779190280259,0.25668008732297515,35.13695261579316,18.552827151175826,hold,35.54630998165486,18.991870857653183
DEMO_008,T03,47,4.7,train,synthetic_demo,0.3946355223228894,0.3099288003957822,0.45474598741570627,0.2419725789280621,35.54630998165486,18.991870857653183,hold,36.223587092621166,19.55152193061322
DEMO_008,T03,48,4.800000000000001,train,synthetic_demo,0.40744158226382593,0.2663344334299545,0.4209888194444507,0.2885220810419845,36.223587092621166,19.55152193061322,flexion,37.16136355893498,20.225648715786054
DEMO_008,T03,49,4.9,train,synthetic_demo,0.467538941209619,0.3009225783094531,0.36653627832610824,0.26686716487339307,37.16136355893498,20.225648715786054,flexion,38.34936490538904,21.006865339043237
DEMO_008,T03,50,5.0,train,synthetic_demo,0.5074714280284582,0.23569354664405223,0.3881773336494221,0.256554168386575,38.34936490538904,21.006865339043237,flexion,39.774575140626325,21.88661262758029
DEMO_008,T03,51,5.1000000000000005,train,synthetic_demo,0.5563141057277604,0.2170601750993793,0.401765050347918,0.2522262180909078,39.774575140626325,21.88661262758029,flexion,41.421379363065135,22.855251886005014
DEMO_008,T03,52,5.2,train,synthetic_demo,0.6388168878495658,0.22882147920759777,0.484409325433038,0.27946328452145974,41.421379363065135,22.855251886005014,flexion,43.27173484102855,23.902170499901345
DEMO_008,T03,53,5.300000000000001,train,synthetic_demo,0.676017001880621,0.21228558865093589,0.45541827449786665,0.3005597490135672,43.27173484102855,23.902170499901345,flexion,45.30536869268816,25.01589820985361
DEMO_008,T03,54,5.4,train,synthetic_demo,0.7614673264612919,0.24771720998680355,0.4386950065876663,0.2896283047937314,45.30536869268816,25.01589820985361,flexion,47.499999999999986,26.184232782009072
DEMO_008,T03,55,5.5,train,synthetic_demo,0.7711093640231577,0.2763835133105114,0.48510497763804217,0.2556112502454984,47.499999999999986,26.184232782009072,flexion,49.831583923105,27.394373698305476
DEMO_008,T03,56,5.6000000000000005,train,synthetic_demo,0.7818800441110322,0.35826697447216765,0.5665064496947567,0.3017848436710159,49.831583923105,27.394373698305476,flexion,52.27457514062633,28.633062401625605
DEMO_008,T03,57,5.7,train,synthetic_demo,0.7825223262198298,0.2673794497494279,0.5262446961415363,0.27543465587324495,52.27457514062633,28.633062401625605,flexion,54.802207729556045,29.886727559323603
DEMO_008,T03,58,5.800000000000001,train,synthetic_demo,0.7151313486710231,0.18629561473917872,0.5398785643955258,0.2734852814989169,54.802207729556045,29.886727559323603,flexion,57.38678841830866,31.141633753585417
DEMO_009,T01,0,0.0,train,synthetic_demo,0.6926851694176497,0.2673681039291598,0.44420303281681944,0.2229572381631281,60.0,32.384031969540736,flexion,62.61321158169134,33.600310232347006
DEMO_009,T01,1,0.1,train,synthetic_demo,0.6852284554788824,0.23691808061964426,0.4400252860304394,0.24791425028158126,62.61321158169134,33.600310232347006,flexion,65.19779227044398,34.77714274283433
DEMO_009,T01,2,0.2,train,synthetic_demo,0.7375071179159609,0.3283970802519092,0.35367102887995067,0.26028764887947325,65.19779227044398,34.77714274283433,flexion,67.72542485937369,35.901635877749776
DEMO_009,T01,3,0.30000000000000004,train,synthetic_demo,0.6693820581636777,0.240451586309951,0.4207476860753353,0.2710510277000041,67.72542485937369,35.901635877749776,flexion,70.168416076895,36.96146945499189
DEMO_009,T01,4,0.4,train,synthetic_demo,0.6593214221184363,0.26345224096637,0.388547260415731,0.218569994976067,70.168416076895,36.96146945499189,flexion,72.5,37.945031716103976
DEMO_009,T01,5,0.5,train,synthetic_demo,0.6210997010125973,0.24409126293272426,0.3427207290059171,0.1906818347845034,72.5,37.945031716103976,flexion,74.69463130731182,38.84154654712965
DEMO_009,T01,6,0.6000000000000001,train,synthetic_demo,0.6152270153736927,0.19852467558831266,0.34808642915318133,0.30883575470903013,74.69463130731182,38.84154654712965,flexion,76.72826515897145,39.64119154397241
DEMO_009,T01,7,0.7000000000000001,train,synthetic_demo,0.5952404818024426,0.34512508409844167,0.4012000675311674,0.2624287742465478,76.72826515897145,39.64119154397241,flexion,78.57862063693486,40.33520562871037
DEMO_009,T01,8,0.8,train,synthetic_demo,0.5705910081447483,0.2594574096870099,0.3536952771601985,0.27950230875105136,78.57862063693486,40.33520562871037,flexion,80.22542485937369,40.91598503779936
DEMO_009,T01,9,0.9,train,synthetic_demo,0.5178995040795238,0.26840026744629825,0.32187072787565685,0.2777239442975974,80.22542485937369,40.91598503779936,flexion,81.65063509461096,41.3771666304975
DEMO_009,T01,10,1.0,train,synthetic_demo,0.4227867395998292,0.34581037345970017,0.2924029590954237,0.21894450126904924,81.65063509461096,41.3771666304975,flexion,82.83863644106502,41.71369760476672
DEMO_009,T01,11,1.1,train,synthetic_demo,0.410415749470407,0.28465086559950153,0.2819495902256044,0.24037479080713967,82.83863644106502,41.71369760476672,flexion,83.77641290737884,41.921890856829314
DEMO_009,T01,12,1.2000000000000002,train,synthetic_demo,0.3691180277268708,0.2386160855882965,0.23137860097573162,0.18972066591035472,83.77641290737884,41.921890856829314,flexion,84.45369001834514,41.99946537784843
DEMO_009,T01,13,1.3,train,synthetic_demo,0.287408577404355,0.29427519144403347,0.2467051263316213,0.16077747965300843,84.45369001834514,41.99946537784843,hold,84.86304738420684,41.94557124513828
DEMO_009,T01,14,1.4000000000000001,train,synthetic_demo,0.25063393643850335,0.31495474855825617,0.24800372757594658,0.2915443710676049,84.86304738420684,41.94557124513828,hold,85.0,41.7607989340949
DEMO_009,T01,15,1.5,train,synthetic_demo,0.21385148075731958,0.1948303458434794,0.16671746544868568,0.2815743756805326,85.0,41.7607989340949,hold,84.86304738420684,41.44717284882418
DEMO_009,T01,16,1.6,train,synthetic_demo,0.19851306599179427,0.3830808625145826,0.2282692722550795,0.3083035523551204,84.86304738420684,41.44717284882418,hold,84.45369001834514,41.00812914234682
DEMO_009,T01,17,1.7000000000000002,train,synthetic_demo,0.26804936465032436,0.4217863884936522,0.23281977190327355,0.3294947723761141,84.45369001834514,41.00812914234682,hold,83.77641290737884,40.44847806938679
DEMO_009,T01,18,1.8,train,synthetic_demo,0.17919415977723335,0.39375932749837944,0.2440803268994504,0.3419005038225378,83.77641290737884,40.44847806938679,extension,82.83863644106502,39.77435128421395
DEMO_009,T01,19,1.9000000000000001,train,synthetic_demo,0.23212067169565917,0.45585910251931394,0.2532511482357576,0.36465311938646205,82.83863644106502,39.77435128421395,extension,81.65063509461098,38.99313466095676
DEMO_009,T01,20,2.0,train,synthetic_demo,0.23243749853965992,0.602516933464742,0.21792777441492892,0.3501512065238166,81.65063509461098,38.99313466095676,extension,80.22542485937369,38.113387372419716
DEMO_009,T01,21,2.1,train,synthetic_demo,0.28930092170186567,0.5410214818595586,0.20360119040732985,0.40540482627257746,80.22542485937369,38.113387372419716,extension,78.57862063693486,37.14474811399498
DEMO_009,T01,22,2.2,train,synthetic_demo,0.30568970668487716,0.5996468337589147,0.15522110517801418,0.4490849766105344,78.57862063693486,37.14474811399498,extension,76.72826515897145,36.097829500098655
DEMO_009,T01,23,2.3000000000000003,train,synthetic_demo,0.24548411727678063,0.6874160699174829,0.2466304760085618,0.4667335448321233,76.72826515897145,36.097829500098655,extension,74.69463130731182,34.98410179014638
DEMO_009,T01,24,2.4000000000000004,train,synthetic_demo,0.2505831194340399,0.6220989859888996,0.22567015041421537,0.4871548131494196,74.69463130731182,34.98410179014638,extension,72.5,33.815767217990924
DEMO_009,T01,25,2.5,train,synthetic_demo,0.3089719261343305,0.7577255971025202,0.23689537595419904,0.401788539575596,72.5,33.815767217990924,extension,70.16841607689501,32.60562630169453
DEMO_009,T01,26,2.6,train,synthetic_demo,0.30147128717777505,0.702659077759336,0.22957254856213016,0.4384272301153646,70.16841607689501,32.60562630169453,extension,67.72542485937369,31.366937598374406
DEMO_009,T01,27,2.7,train,synthetic_demo,0.2647014585396939,0.7792814684763902,0.33014388598555844,0.5056224531160047,67.72542485937369,31.366937598374406,extension,65.19779227044398,30.11327244067641
DEMO_009,T01,28,2.8000000000000003,train,synthetic_demo,0.2439125150348822,0.7616690054738291,0.18682103664299968,0.4805223818295427,65.19779227044398,30.11327244067641,extension,62.613211581691324,28.85836624641458
DEMO_009,T01,29,2.9000000000000004,train,synthetic_demo,0.18326194705145865,0.7258504477964529,0.22517687666588343,0.45941635010482584,62.613211581691324,28.85836624641458,extension,60.0,27.615968030459264
DEMO_009,T01,30,3.0,train,synthetic_demo,0.23152478085139894,0.8063966059696013,0.21386864314862092,0.49971338515584557,60.0,27.615968030459264,extension,57.38678841830866,26.39968976765299
DEMO_009,T01,31,3.1,train,synthetic_demo,0.26311911134371524,0.766257497103959,0.1965836793427338,0.5066382861661952,57.38678841830866,26.39968976765299,extension,54.802207729556024,25.22285725716567
DEMO_009,T01,32,3.2,train,synthetic_demo,0.23037901299009295,0.7165305848625666,0.2527943453060646,0.4133556939115217,54.802207729556024,25.22285725716567,extension,52.27457514062632,24.098364122250224
DEMO_009,T01,33,3.3000000000000003,train,synthetic_demo,0.33152568742437233,0.7399624928429256,0.18115250779589645,0.36879823213993007,52.27457514062632,24.098364122250224,extension,49.831583923104986,23.038530545008104
DEMO_009,T01,34,3.4000000000000004,train,synthetic_demo,0.17631611045469692,0.7658952610339422,0.2973637262096341,0.42032923677780354,49.831583923104986,23.038530545008104,extension,47.50000000000001,22.054968283896024
DEMO_009,T01,35,3.5,train,synthetic_demo,0.2370477057304898,0.6772369726271088,0.25751854231348625,0.3514065543300582,47.50000000000001,22.054968283896024,extension,45.30536869268818,21.158453452870347
DEMO_009,T01,36,3.6,train,synthetic_demo,0.2264821540178829,0.6756265598608442,0.26953621896505053,0.40733264508507266,45.30536869268818,21.158453452870347,extension,43.27173484102855,20.35880845602759
DEMO_009,T01,37,3.7,train,synthetic_demo,0.29865991570829775,0.7371270093474057,0.22424481545349165,0.4333718511524251,43.27173484102855,20.35880845602759,extension,41.42137936306515,19.66479437128963
DEMO_009,T01,38,3.8000000000000003,train,synthetic_demo,0.3042860651811346,0.6269730669791187,0.28268973879316056,0.3805489898067738,41.42137936306515,19.66479437128963,extension,39.774575140626304,19.084014962200634
DEMO_009,T01,39,3.9000000000000004,train,synthetic_demo,0.30940704155112275,0.48643396036133507,0.19739098946579461,0.27473655966878285,39.774575140626304,19.084014962200634,extension,38.34936490538904,18.6228333695025
DEMO_009,T01,40,4.0,train,synthetic_demo,0.25838433877472383,0.5416125661505338,0.18517631321368178,0.27497287082052824,38.34936490538904,18.6228333695025,extension,37.16136355893498,18.286302395233275
DEMO_009,T01,41,4.1000000000000005,train,synthetic_demo,0.2527445850391227,0.47926141872902195,0.23002794705740612,0.261366929688808,37.16136355893498,18.286302395233275,extension,36.22358709262116,18.078109143170686
DEMO_009,T01,42,4.2,train,synthetic_demo,0.20420941272119136,0.4573474026662628,0.18208284119006163,0.2808972013077292,36.22358709262116,18.078109143170686,extension,35.54630998165486,18.00053462215157
DEMO_009,T01,43,4.3,train,synthetic_demo,0.25529069971674,0.4178664470491257,0.2616347168926368,0.17492728236228094,35.54630998165486,18.00053462215157,hold,35.13695261579316,18.05442875486172
DEMO_009,T01,44,4.4,train,synthetic_demo,0.20341307448115684,0.24571378665701238,0.19851817641414427,0.1865101901734778,35.13695261579316,18.05442875486172,hold,35.0,18.2392010659051
DEMO_009,T01,45,4.5,train,synthetic_demo,0.2766893219668145,0.29781828409366706,0.21126721343566107,0.25213884291234806,35.0,18.2392010659051,hold,35.13695261579316,18.552827151175826
DEMO_009,T01,46,4.6000000000000005,train,synthetic_demo,0.2710289987155066,0.28561086178761563,0.29918635252022485,0.21576161082931578,35.13695261579316,18.552827151175826,hold,35.54630998165486,18.991870857653183
DEMO_009,T01,47,4.7,train,synthetic_demo,0.3815001429758668,0.22630234475786315,0.3408364031926323,0.2746556662181005,35.54630998165486,18.991870857653183,hold,36.223587092621166,19.55152193061322
DEMO_009,T01,48,4.800000000000001,train,synthetic_demo,0.37056251875000806,0.25712745946616355,0.307630628310644,0.2337186325500094,36.223587092621166,19.55152193061322,flexion,37.16136355893498,20.225648715786054
DEMO_009,T01,49,4.9,train,synthetic_demo,0.43979378081158704,0.2897844736080347,0.2832557591515109,0.2841715989145897,37.16136355893498,20.225648715786054,flexion,38.34936490538904,21.006865339043237
DEMO_009,T01,50,5.0,train,synthetic_demo,0.5004757831458074,0.2727093738465102,0.4004295397628719,0.17790732488114228,38.34936490538904,21.006865339043237,flexion,39.774575140626325,21.88661262758029
DEMO_009,T01,51,5.1000000000000005,train,synthetic_demo,0.5225826551689035,0.25287000241380897,0.4116119608177507,0.18829160275607507,39.774575140626325,21.88661262758029,flexion,41.421379363065135,22.855251886005014
DEMO_009,T01,52,5.2,train,synthetic_demo,0.5278523624001241,0.2969274662826404,0.393711934127352,0.23178818402469584,41.421379363065135,22.855251886005014,flexion,43.27173484102855,23.902170499901345
DEMO_009,T01,53,5.300000000000001,train,synthetic_demo,0.573835383895303,0.32499147677981005,0.4556049873123486,0.23287234261728157,43.27173484102855,23.902170499901345,flexion,45.30536869268816,25.01589820985361
DEMO_009,T01,54,5.4,train,synthetic_demo,0.687299824600642,0.2918890223960518,0.41714418343944637,0.2880866590766987,45.30536869268816,25.01589820985361,flexion,47.499999999999986,26.184232782009072
DEMO_009,T01,55,5.5,train,synthetic_demo,0.6187980770119056,0.2664779150597106,0.41173845944904297,0.22104393020370924,47.499999999999986,26.184232782009072,flexion,49.831583923105,27.394373698305476
DEMO_009,T01,56,5.6000000000000005,train,synthetic_demo,0.6795551269205166,0.21601498599361335,0.44913987185657905,0.16980590651039917,49.831583923105,27.394373698305476,flexion,52.27457514062633,28.633062401625605
DEMO_009,T01,57,5.7,train,synthetic_demo,0.7175083215012165,0.28000994376933436,0.5060744268414124,0.22192950708077572,52.27457514062633,28.633062401625605,flexion,54.802207729556045,29.886727559323603
DEMO_009,T01,58,5.800000000000001,train,synthetic_demo,0.6217453837716365,0.26255363568138973,0.5790452796472831,0.22684028687774796,54.802207729556045,29.886727559323603,flexion,57.38678841830866,31.141633753585417
DEMO_009,T02,0,0.0,train,synthetic_demo,0.7385166143815668,0.3184762604207652,0.4169121178024075,0.16637641622302002,60.0,32.384031969540736,flexion,62.61321158169134,33.600310232347006
DEMO_009,T02,1,0.1,train,synthetic_demo,0.6362365094219957,0.2513453775529079,0.433359547512835,0.242482511799473,62.61321158169134,33.600310232347006,flexion,65.19779227044398,34.77714274283433
DEMO_009,T02,2,0.2,train,synthetic_demo,0.6151905060784838,0.22650385309936402,0.44733139653094656,0.22530198532076615,65.19779227044398,34.77714274283433,flexion,67.72542485937369,35.901635877749776
DEMO_009,T02,3,0.30000000000000004,train,synthetic_demo,0.6550819185945718,0.3411116257592605,0.3907483731586614,0.25576363210995096,67.72542485937369,35.901635877749776,flexion,70.168416076895,36.96146945499189
DEMO_009,T02,4,0.4,train,synthetic_demo,0.6562571252765325,0.26588855841863007,0.3854637358389569,0.16334398092613395,70.168416076895,36.96146945499189,flexion,72.5,37.945031716103976
DEMO_009,T02,5,0.5,train,synthetic_demo,0.5843120731085253,0.2646034415259692,0.36904358756490346,0.19640984490865518,72.5,37.945031716103976,flexion,74.69463130731182,38.84154654712965
DEMO_009,T02,6,0.6000000000000001,train,synthetic_demo,0.5998394165020074,0.32192151337549624,0.3999499712445172,0.22532790929354943,74.69463130731182,38.84154654712965,flexion,76.72826515897145,39.64119154397241
DEMO_009,T02,7,0.7000000000000001,train,synthetic_demo,0.5400017914013895,0.26840223453203393,0.37421036111234957,0.1976276895796215,76.72826515897145,39.64119154397241,flexion,78.57862063693486,40.33520562871037
DEMO_009,T02,8,0.8,train,synthetic_demo,0.5585668086119197,0.27648743720462476,0.3639269117826394,0.32872452452492584,78.57862063693486,40.33520562871037,flexion,80.22542485937369,40.91598503779936
DEMO_009,T02,9,0.9,train,synthetic_demo,0.5154391361023699,0.2921446455726994,0.3105850516226199,0.25330873119147945,80.22542485937369,40.91598503779936,flexion,81.65063509461096,41.3771666304975
DEMO_009,T02,10,1.0,train,synthetic_demo,0.44198861407450146,0.2823677551061182,0.2349371547481683,0.2867698666749021,81.65063509461096,41.3771666304975,flexion,82.83863644106502,41.71369760476672
DEMO_009,T02,11,1.1,train,synthetic_demo,0.4642952169745393,0.24191310385136283,0.33403675922014586,0.23516734721864013,82.83863644106502,41.71369760476672,flexion,83.77641290737884,41.921890856829314
DEMO_009,T02,12,1.2000000000000002,train,synthetic_demo,0.40676786800088094,0.28500026829844044,0.24668932999816542,0.25514784558323483,83.77641290737884,41.921890856829314,flexion,84.45369001834514,41.99946537784843
DEMO_009,T02,13,1.3,train,synthetic_demo,0.3251586984858407,0.23978387823007025,0.27676633025000574,0.22265477658644534,84.45369001834514,41.99946537784843,hold,84.86304738420684,41.94557124513828
DEMO_009,T02,14,1.4000000000000001,train,synthetic_demo,0.3239636140681122,0.27667479203531825,0.25940489856262655,0.18631065990627593,84.86304738420684,41.94557124513828,hold,85.0,41.7607989340949
DEMO_009,T02,15,1.5,train,synthetic_demo,0.27323908033531524,0.2943634776845952,0.19879696328083662,0.2950155231886818,85.0,41.7607989340949,hold,84.86304738420684,41.44717284882418
DEMO_009,T02,16,1.6,train,synthetic_demo,0.2706725102076667,0.3349042811799313,0.258347814930744,0.2677454364667191,84.86304738420684,41.44717284882418,hold,84.45369001834514,41.00812914234682
DEMO_009,T02,17,1.7000000000000002,train,synthetic_demo,0.2133449593428782,0.3319505566435015,0.24781552989983668,0.3243254364574994,84.45369001834514,41.00812914234682,hold,83.77641290737884,40.44847806938679
DEMO_009,T02,18,1.8,train,synthetic_demo,0.1879680336010856,0.45848139935010834,0.2612518926925084,0.4075642046892132,83.77641290737884,40.44847806938679,extension,82.83863644106502,39.77435128421395
DEMO_009,T02,19,1.9000000000000001,train,synthetic_demo,0.24627005882293018,0.5400981789992607,0.17503229398545744,0.40144437517982,82.83863644106502,39.77435128421395,extension,81.65063509461098,38.99313466095676
DEMO_009,T02,20,2.0,train,synthetic_demo,0.28227510956291735,0.5236664020369856,0.25833101284286114,0.30239247251343543,81.65063509461098,38.99313466095676,extension,80.22542485937369,38.113387372419716
DEMO_009,T02,21,2.1,train,synthetic_demo,0.25114860126853195,0.5908693132883431,0.23327677297812582,0.4229788058200855,80.22542485937369,38.113387372419716,extension,78.57862063693486,37.14474811399498
DEMO_009,T02,22,2.2,train,synthetic_demo,0.2752827783204808,0.5666115718186516,0.246143498372825,0.38465327028011165,78.57862063693486,37.14474811399498,extension,76.72826515897145,36.097829500098655
DEMO_009,T02,23,2.3000000000000003,train,synthetic_demo,0.28897025154718864,0.664904978626922,0.2655483304181916,0.5095608265701858,76.72826515897145,36.097829500098655,extension,74.69463130731182,34.98410179014638
DEMO_009,T02,24,2.4000000000000004,train,synthetic_demo,0.2923799509189779,0.611363147186552,0.18951998783503488,0.43507071549857546,74.69463130731182,34.98410179014638,extension,72.5,33.815767217990924
DEMO_009,T02,25,2.5,train,synthetic_demo,0.26049304860470124,0.7223917845587006,0.22928383115296955,0.4740700311713416,72.5,33.815767217990924,extension,70.16841607689501,32.60562630169453
DEMO_009,T02,26,2.6,train,synthetic_demo,0.2206488418072971,0.7564834913494244,0.21666307443531163,0.48756499085076443,70.16841607689501,32.60562630169453,extension,67.72542485937369,31.366937598374406
DEMO_009,T02,27,2.7,train,synthetic_demo,0.256437862483715,0.7229187428568832,0.1938788330617169,0.5241761222561621,67.72542485937369,31.366937598374406,extension,65.19779227044398,30.11327244067641
DEMO_009,T02,28,2.8000000000000003,train,synthetic_demo,0.27190892145073353,0.8013925949957412,0.21376335976748698,0.4411586417295003,65.19779227044398,30.11327244067641,extension,62.613211581691324,28.85836624641458
DEMO_009,T02,29,2.9000000000000004,train,synthetic_demo,0.17362122852633083,0.8093484891309316,0.23051351628220001,0.4948547880817196,62.613211581691324,28.85836624641458,extension,60.0,27.615968030459264
DEMO_009,T02,30,3.0,train,synthetic_demo,0.29630737351256714,0.7888441123309713,0.24575365195313506,0.4890021507298328,60.0,27.615968030459264,extension,57.38678841830866,26.39968976765299
DEMO_009,T02,31,3.1,train,synthetic_demo,0.23467677641300855,0.8130547350786327,0.16423014673396433,0.4640601237060894,57.38678841830866,26.39968976765299,extension,54.802207729556024,25.22285725716567
DEMO_009,T02,32,3.2,train,synthetic_demo,0.23815657461953782,0.7783237286365814,0.19351238872675228,0.4053542105176581,54.802207729556024,25.22285725716567,extension,52.27457514062632,24.098364122250224
DEMO_009,T02,33,3.3000000000000003,train,synthetic_demo,0.22542783473665767,0.7579732671746954,0.20029914198727894,0.3707926345176451,52.27457514062632,24.098364122250224,extension,49.831583923104986,23.038530545008104
DEMO_009,T02,34,3.4000000000000004,train,synthetic_demo,0.3182675505635042,0.7615037320269286,0.19647317539289752,0.39803423143745664,49.831583923104986,23.038530545008104,extension,47.50000000000001,22.054968283896024
DEMO_009,T02,35,3.5,train,synthetic_demo,0.24348451279452088,0.7312218187585353,0.19530246158675332,0.37043146670401206,47.50000000000001,22.054968283896024,extension,45.30536869268818,21.158453452870347
DEMO_009,T02,36,3.6,train,synthetic_demo,0.2731009496088883,0.781791970758381,0.2553198693137205,0.38120877085495625,45.30536869268818,21.158453452870347,extension,43.27173484102855,20.35880845602759
DEMO_009,T02,37,3.7,train,synthetic_demo,0.20052324680068767,0.6757249729070787,0.19171277229574857,0.396308392375259,43.27173484102855,20.35880845602759,extension,41.42137936306515,19.66479437128963
DEMO_009,T02,38,3.8000000000000003,train,synthetic_demo,0.2410265289678007,0.5910587777825522,0.2734043740806737,0.3355848652402784,41.42137936306515,19.66479437128963,extension,39.774575140626304,19.084014962200634
DEMO_009,T02,39,3.9000000000000004,train,synthetic_demo,0.2246183098505483,0.5766208185361169,0.30968745183834734,0.3367787759686009,39.774575140626304,19.084014962200634,extension,38.34936490538904,18.6228333695025
DEMO_009,T02,40,4.0,train,synthetic_demo,0.25468447686816026,0.4690877571137253,0.289645911984565,0.25170035786891715,38.34936490538904,18.6228333695025,extension,37.16136355893498,18.286302395233275
DEMO_009,T02,41,4.1000000000000005,train,synthetic_demo,0.2510593820980522,0.47622514995155146,0.2290126806137632,0.2760691677470999,37.16136355893498,18.286302395233275,extension,36.22358709262116,18.078109143170686
DEMO_009,T02,42,4.2,train,synthetic_demo,0.19638495482312918,0.429292256138267,0.19422872646293582,0.20785178716272285,36.22358709262116,18.078109143170686,extension,35.54630998165486,18.00053462215157
DEMO_009,T02,43,4.3,train,synthetic_demo,0.23798264016722862,0.42029341371510437,0.23947929985775823,0.20106697385506128,35.54630998165486,18.00053462215157,hold,35.13695261579316,18.05442875486172
DEMO_009,T02,44,4.4,train,synthetic_demo,0.2816469676056585,0.39397581674088406,0.20235554063072156,0.1761410576067164,35.13695261579316,18.05442875486172,hold,35.0,18.2392010659051
DEMO_009,T02,45,4.5,train,synthetic_demo,0.30983085215310824,0.25760205989630863,0.30600749686280715,0.20051560362957996,35.0,18.2392010659051,hold,35.13695261579316,18.552827151175826
DEMO_009,T02,46,4.6000000000000005,train,synthetic_demo,0.30664234641024224,0.30343102077229445,0.2500253385582255,0.2698995118195774,35.13695261579316,18.552827151175826,hold,35.54630998165486,18.991870857653183
DEMO_009,T02,47,4.7,train,synthetic_demo,0.31304000235819157,0.2797744126264656,0.3059853769042251,0.2420022842510275,35.54630998165486,18.991870857653183,hold,36.223587092621166,19.55152193061322
DEMO_009,T02,48,4.800000000000001,train,synthetic_demo,0.40404572699893215,0.24934245643121689,0.3849265747511521,0.2173546129254346,36.223587092621166,19.55152193061322,flexion,37.16136355893498,20.225648715786054
DEMO_009,T02,49,4.9,train,synthetic_demo,0.4420755815611607,0.3033021977205156,0.3505241378345886,0.2267786683033893,37.16136355893498,20.225648715786054,flexion,38.34936490538904,21.006865339043237
DEMO_009,T02,50,5.0,train,synthetic_demo,0.5009208410262849,0.2303081425070871,0.3725941797254183,0.30182748119729963,38.34936490538904,21.006865339043237,flexion,39.774575140626325,21.88661262758029
DEMO_009,T02,51,5.1000000000000005,train,synthetic_demo,0.48808698914959303,0.33747429677809654,0.4434410371419686,0.2692121919002596,39.774575140626325,21.88661262758029,flexion,41.421379363065135,22.855251886005014
DEMO_009,T02,52,5.2,train,synthetic_demo,0.5807553133053475,0.2766305555225631,0.42583268334044666,0.28328411892080363,41.421379363065135,22.855251886005014,flexion,43.27173484102855,23.902170499901345
DEMO_009,T02,53,5.300000000000001,train,synthetic_demo,0.5259663157973894,0.33039201692024556,0.41884213206247506,0.28936518447645543,43.27173484102855,23.902170499901345,flexion,45.30536869268816,25.01589820985361
DEMO_009,T02,54,5.4,train,synthetic_demo,0.6681519588510937,0.3087840222793698,0.47665279677524736,0.2052412592943402,45.30536869268816,25.01589820985361,flexion,47.499999999999986,26.184232782009072
DEMO_009,T02,55,5.5,train,synthetic_demo,0.6609340341314021,0.29755562258193624,0.47951695664396454,0.2838750879167423,47.499999999999986,26.184232782009072,flexion,49.831583923105,27.394373698305476
DEMO_009,T02,56,5.6000000000000005,train,synthetic_demo,0.6536779330133619,0.25732551578047447,0.4529990998783191,0.23681049707236781,49.831583923105,27.394373698305476,flexion,52.27457514062633,28.633062401625605
DEMO_009,T02,57,5.7,train,synthetic_demo,0.6578729399331756,0.2962854182100994,0.47471017045112135,0.2197666207586667,52.27457514062633,28.633062401625605,flexion,54.802207729556045,29.886727559323603
DEMO_009,T02,58,5.800000000000001,train,synthetic_demo,0.7322215630747397,0.24843690439749944,0.4867989533697028,0.24113461777112355,54.802207729556045,29.886727559323603,flexion,57.38678841830866,31.141633753585417
DEMO_009,T03,0,0.0,train,synthetic_demo,0.7106464459690229,0.2773091454583889,0.45427105255214223,0.19337497854782743,60.0,32.384031969540736,flexion,62.61321158169134,33.600310232347006
DEMO_009,T03,1,0.1,train,synthetic_demo,0.6469465289335693,0.23860777339935096,0.440069586712269,0.16717395678015073,62.61321158169134,33.600310232347006,flexion,65.19779227044398,34.77714274283433
DEMO_009,T03,2,0.2,train,synthetic_demo,0.6553918765086612,0.3116518286162781,0.42639220016345525,0.17883521632368318,65.19779227044398,34.77714274283433,flexion,67.72542485937369,35.901635877749776
DEMO_009,T03,3,0.30000000000000004,train,synthetic_demo,0.7154108603815768,0.25619888418841985,0.39359398067353607,0.19175378753243222,67.72542485937369,35.901635877749776,flexion,70.168416076895,36.96146945499189
DEMO_009,T03,4,0.4,train,synthetic_demo,0.6912149118817865,0.2800396163973542,0.4128027337803194,0.24696475449142885,70.168416076895,36.96146945499189,flexion,72.5,37.945031716103976
DEMO_009,T03,5,0.5,train,synthetic_demo,0.6294306612671601,0.2863849436420794,0.37070405373061005,0.23865185763561003,72.5,37.945031716103976,flexion,74.69463130731182,38.84154654712965
DEMO_009,T03,6,0.6000000000000001,train,synthetic_demo,0.5716050206979355,0.28217042791182784,0.3258488720732275,0.23390516650594526,74.69463130731182,38.84154654712965,flexion,76.72826515897145,39.64119154397241
DEMO_009,T03,7,0.7000000000000001,train,synthetic_demo,0.6168479857784008,0.29416744681555146,0.3643197497201851,0.22468751359973052,76.72826515897145,39.64119154397241,flexion,78.57862063693486,40.33520562871037
DEMO_009,T03,8,0.8,train,synthetic_demo,0.5349794070009505,0.19509130129034935,0.378136232976309,0.24383626599658914,78.57862063693486,40.33520562871037,flexion,80.22542485937369,40.91598503779936
DEMO_009,T03,9,0.9,train,synthetic_demo,0.47501007658267863,0.27678022677921216,0.36674200354455694,0.18293466152242788,80.22542485937369,40.91598503779936,flexion,81.65063509461096,41.3771666304975
DEMO_009,T03,10,1.0,train,synthetic_demo,0.46998799826079923,0.3003924524528301,0.2759259832857096,0.24603383614200142,81.65063509461096,41.3771666304975,flexion,82.83863644106502,41.71369760476672
DEMO_009,T03,11,1.1,train,synthetic_demo,0.39649673736578844,0.32033872711218225,0.265474373404098,0.19651141362336033,82.83863644106502,41.71369760476672,flexion,83.77641290737884,41.921890856829314
DEMO_009,T03,12,1.2000000000000002,train,synthetic_demo,0.3952021262142916,0.21674439316614558,0.24895119988841571,0.2198245890663679,83.77641290737884,41.921890856829314,flexion,84.45369001834514,41.99946537784843
DEMO_009,T03,13,1.3,train,synthetic_demo,0.4092182859754956,0.30068577021820836,0.27071535193932256,0.19983529546144024,84.45369001834514,41.99946537784843,hold,84.86304738420684,41.94557124513828
DEMO_009,T03,14,1.4000000000000001,train,synthetic_demo,0.2535876106423768,0.22641155312223982,0.253427351030131,0.21376493834801655,84.86304738420684,41.94557124513828,hold,85.0,41.7607989340949
DEMO_009,T03,15,1.5,train,synthetic_demo,0.20102357979662017,0.31611205501299383,0.26274545581964814,0.2557626639539527,85.0,41.7607989340949,hold,84.86304738420684,41.44717284882418
DEMO_009,T03,16,1.6,train,synthetic_demo,0.23394994477643782,0.3265025371494519,0.2009713020699061,0.26089460586080315,84.86304738420684,41.44717284882418,hold,84.45369001834514,41.00812914234682
DEMO_009,T03,17,1.7000000000000002,train,synthetic_demo,0.25249603783903557,0.3838238407559958,0.1983695546551986,0.35016618290396256,84.45369001834514,41.00812914234682,hold,83.77641290737884,40.44847806938679
DEMO_009,T03,18,1.8,train,synthetic_demo,0.31836488437861277,0.4014457434502172,0.21950341107076446,0.2606276333710724,83.77641290737884,40.44847806938679,extension,82.83863644106502,39.77435128421395
DEMO_009,T03,19,1.9000000000000001,train,synthetic_demo,0.28298297369998066,0.4349305339791283,0.2283141174111343,0.3779160237695943,82.83863644106502,39.77435128421395,extension,81.65063509461098,38.99313466095676
DEMO_009,T03,20,2.0,train,synthetic_demo,0.27402956229706926,0.48853320742451967,0.20148513599537568,0.3655966521307101,81.65063509461098,38.99313466095676,extension,80.22542485937369,38.113387372419716
DEMO_009,T03,21,2.1,train,synthetic_demo,0.1885525390133339,0.5500846445283062,0.2479865027253115,0.4270621877385879,80.22542485937369,38.113387372419716,extension,78.57862063693486,37.14474811399498
DEMO_009,T03,22,2.2,train,synthetic_demo,0.20040405619540208,0.5828116034231835,0.2011137226396526,0.4520544954603524,78.57862063693486,37.14474811399498,extension,76.72826515897145,36.097829500098655
DEMO_009,T03,23,2.3000000000000003,train,synthetic_demo,0.22340340218768448,0.6560293458827298,0.2671455381638792,0.44375425676087765,76.72826515897145,36.097829500098655,extension,74.69463130731182,34.98410179014638
DEMO_009,T03,24,2.4000000000000004,train,synthetic_demo,0.270058091182596,0.7282541172686401,0.1674096920815557,0.4428946329214799,74.69463130731182,34.98410179014638,extension,72.5,33.815767217990924
DEMO_009,T03,25,2.5,train,synthetic_demo,0.25265888039231393,0.6918812529406764,0.2638527661225391,0.4831339596212991,72.5,33.815767217990924,extension,70.16841607689501,32.60562630169453
DEMO_009,T03,26,2.6,train,synthetic_demo,0.22515736079034412,0.6860619999687861,0.13045096752759963,0.5172324904173498,70.16841607689501,32.60562630169453,extension,67.72542485937369,31.366937598374406
DEMO_009,T03,27,2.7,train,synthetic_demo,0.2258230202336541,0.767853899848819,0.22994408641533193,0.5047418207840556,67.72542485937369,31.366937598374406,extension,65.19779227044398,30.11327244067641
DEMO_009,T03,28,2.8000000000000003,train,synthetic_demo,0.19583390107509985,0.7630446643141403,0.19937338918976735,0.4353919274928099,65.19779227044398,30.11327244067641,extension,62.613211581691324,28.85836624641458
DEMO_009,T03,29,2.9000000000000004,train,synthetic_demo,0.2072031313466992,0.7422964255308723,0.23574354718655305,0.4562425260346974,62.613211581691324,28.85836624641458,extension,60.0,27.615968030459264
DEMO_009,T03,30,3.0,train,synthetic_demo,0.2036767774101783,0.77590747265789,0.1911890267175135,0.4729282119534393,60.0,27.615968030459264,extension,57.38678841830866,26.39968976765299
DEMO_009,T03,31,3.1,train,synthetic_demo,0.27407084428669565,0.8194441861903852,0.21906599419092848,0.4210756384195271,57.38678841830866,26.39968976765299,extension,54.802207729556024,25.22285725716567
DEMO_009,T03,32,3.2,train,synthetic_demo,0.24607616897283166,0.7534923752198129,0.22914461984535137,0.4156890489980846,54.802207729556024,25.22285725716567,extension,52.27457514062632,24.098364122250224
DEMO_009,T03,33,3.3000000000000003,train,synthetic_demo,0.20500385417789885,0.7672749608780747,0.2586422565864387,0.4468408078151399,52.27457514062632,24.098364122250224,extension,49.831583923104986,23.038530545008104
DEMO_009,T03,34,3.4000000000000004,train,synthetic_demo,0.20503018532821962,0.7859666612273388,0.16937640460099226,0.38734717836076105,49.831583923104986,23.038530545008104,extension,47.50000000000001,22.054968283896024
DEMO_009,T03,35,3.5,train,synthetic_demo,0.2507088837601912,0.717325834875723,0.21897741287268319,0.379120732204579,47.50000000000001,22.054968283896024,extension,45.30536869268818,21.158453452870347
DEMO_009,T03,36,3.6,train,synthetic_demo,0.23328984391413263,0.7227893048574874,0.26748008713573007,0.38371284616982876,45.30536869268818,21.158453452870347,extension,43.27173484102855,20.35880845602759
DEMO_009,T03,37,3.7,train,synthetic_demo,0.2115511671540074,0.6759936012164823,0.2799244155881724,0.3868705281396248,43.27173484102855,20.35880845602759,extension,41.42137936306515,19.66479437128963
DEMO_009,T03,38,3.8000000000000003,train,synthetic_demo,0.22403583715755704,0.6036396878651382,0.2775239103220172,0.3525217840255209,41.42137936306515,19.66479437128963,extension,39.774575140626304,19.084014962200634
DEMO_009,T03,39,3.9000000000000004,train,synthetic_demo,0.21180180931909917,0.6203672505452884,0.21197861599106563,0.38104146399263256,39.774575140626304,19.084014962200634,extension,38.34936490538904,18.6228333695025
DEMO_009,T03,40,4.0,train,synthetic_demo,0.33353271470709683,0.5874129175663275,0.25882204096535383,0.302128454407848,38.34936490538904,18.6228333695025,extension,37.16136355893498,18.286302395233275
DEMO_009,T03,41,4.1000000000000005,train,synthetic_demo,0.1997296167885359,0.4618155343014251,0.1917649678415305,0.2578655344172183,37.16136355893498,18.286302395233275,extension,36.22358709262116,18.078109143170686
DEMO_009,T03,42,4.2,train,synthetic_demo,0.26029603919969985,0.41841111093043404,0.261409507721741,0.22571824666697732,36.22358709262116,18.078109143170686,extension,35.54630998165486,18.00053462215157
DEMO_009,T03,43,4.3,train,synthetic_demo,0.2652423732438447,0.4261314299474346,0.20573256805112566,0.22448610066603578,35.54630998165486,18.00053462215157,hold,35.13695261579316,18.05442875486172
DEMO_009,T03,44,4.4,train,synthetic_demo,0.21326482128527735,0.30714117456812123,0.2592663296413929,0.23414586209194532,35.13695261579316,18.05442875486172,hold,35.0,18.2392010659051
DEMO_009,T03,45,4.5,train,synthetic_demo,0.27650325085806704,0.2538515599289085,0.28260905412128917,0.2502487206883871,35.0,18.2392010659051,hold,35.13695261579316,18.552827151175826
DEMO_009,T03,46,4.6000000000000005,train,synthetic_demo,0.2897883924483803,0.2890171119095115,0.24579950434548395,0.1933367440519469,35.13695261579316,18.552827151175826,hold,35.54630998165486,18.991870857653183
DEMO_009,T03,47,4.7,train,synthetic_demo,0.380271433989227,0.21829120232893787,0.25582426428988725,0.23066018882757447,35.54630998165486,18.991870857653183,hold,36.223587092621166,19.55152193061322
DEMO_009,T03,48,4.800000000000001,train,synthetic_demo,0.3303346700789152,0.33225885634966823,0.3867473905553197,0.2006659442326099,36.223587092621166,19.55152193061322,flexion,37.16136355893498,20.225648715786054
DEMO_009,T03,49,4.9,train,synthetic_demo,0.43196620286615695,0.24654067454743772,0.29241371919799886,0.23550334332153006,37.16136355893498,20.225648715786054,flexion,38.34936490538904,21.006865339043237
DEMO_009,T03,50,5.0,train,synthetic_demo,0.4156495503036691,0.3006329643805655,0.433131564162162,0.23785267187293724,38.34936490538904,21.006865339043237,flexion,39.774575140626325,21.88661262758029
DEMO_009,T03,51,5.1000000000000005,train,synthetic_demo,0.5598041863093867,0.27589422550831794,0.4272380592181906,0.25877608059239116,39.774575140626325,21.88661262758029,flexion,41.421379363065135,22.855251886005014
DEMO_009,T03,52,5.2,train,synthetic_demo,0.5303989847939607,0.29957954909250206,0.41898984149268936,0.1719458502395041,41.421379363065135,22.855251886005014,flexion,43.27173484102855,23.902170499901345
DEMO_009,T03,53,5.300000000000001,train,synthetic_demo,0.5502624255636389,0.2545309753957005,0.3932642628747951,0.1991494030035534,43.27173484102855,23.902170499901345,flexion,45.30536869268816,25.01589820985361
DEMO_009,T03,54,5.4,train,synthetic_demo,0.649474279801389,0.25599253179159986,0.45572003482463247,0.28619907154817387,45.30536869268816,25.01589820985361,flexion,47.499999999999986,26.184232782009072
DEMO_009,T03,55,5.5,train,synthetic_demo,0.629136283719764,0.26235993068664676,0.4590268143330626,0.16381516810435398,47.499999999999986,26.184232782009072,flexion,49.831583923105,27.394373698305476
DEMO_009,T03,56,5.6000000000000005,train,synthetic_demo,0.6252284945002211,0.28443589637966155,0.3766802805407499,0.27045530610798524,49.831583923105,27.394373698305476,flexion,52.27457514062633,28.633062401625605
DEMO_009,T03,57,5.7,train,synthetic_demo,0.6899944265902869,0.32431480164036586,0.44174580554115933,0.22422835523609444,52.27457514062633,28.633062401625605,flexion,54.802207729556045,29.886727559323603
DEMO_009,T03,58,5.800000000000001,train,synthetic_demo,0.7154122442574061,0.3446349611921327,0.49127770144892524,0.24484222878765322,54.802207729556045,29.886727559323603,flexion,57.38678841830866,31.141633753585417
DEMO_010,T01,0,0.0,train,synthetic_demo,0.6738026066170144,0.19826090984415656,0.5262239701880596,0.2775972291740501,60.0,32.384031969540736,flexion,62.61321158169134,33.600310232347006
DEMO_010,T01,1,0.1,train,synthetic_demo,0.6627780760363736,0.2791277298567296,0.5142119044545812,0.30417477496291334,62.61321158169134,33.600310232347006,flexion,65.19779227044398,34.77714274283433
DEMO_010,T01,2,0.2,train,synthetic_demo,0.6555797917667793,0.21709639904539935,0.4899340748791731,0.28710053167436117,65.19779227044398,34.77714274283433,flexion,67.72542485937369,35.901635877749776
DEMO_010,T01,3,0.30000000000000004,train,synthetic_demo,0.6510767075182899,0.23987468321108418,0.49163845782793925,0.31605982961971746,67.72542485937369,35.901635877749776,flexion,70.168416076895,36.96146945499189
DEMO_010,T01,4,0.4,train,synthetic_demo,0.594469177324163,0.201096004387268,0.3576913305796297,0.2807738605431039,70.168416076895,36.96146945499189,flexion,72.5,37.945031716103976
DEMO_010,T01,5,0.5,train,synthetic_demo,0.5681080678297393,0.16476913059092724,0.43685012420118857,0.2428592491332265,72.5,37.945031716103976,flexion,74.69463130731182,38.84154654712965
DEMO_010,T01,6,0.6000000000000001,train,synthetic_demo,0.6209032517402455,0.2761191674757176,0.4464235748850808,0.2618962351511708,74.69463130731182,38.84154654712965,flexion,76.72826515897145,39.64119154397241
DEMO_010,T01,7,0.7000000000000001,train,synthetic_demo,0.5089210184902759,0.20021222330253446,0.36939258770008204,0.26238425030765766,76.72826515897145,39.64119154397241,flexion,78.57862063693486,40.33520562871037
DEMO_010,T01,8,0.8,train,synthetic_demo,0.5145683023492815,0.29295014333317304,0.4104447443123209,0.3424223546495376,78.57862063693486,40.33520562871037,flexion,80.22542485937369,40.91598503779936
DEMO_010,T01,9,0.9,train,synthetic_demo,0.49924203541763373,0.20111319186127852,0.33553939036575775,0.2753462732746056,80.22542485937369,40.91598503779936,flexion,81.65063509461096,41.3771666304975
DEMO_010,T01,10,1.0,train,synthetic_demo,0.46694478571402365,0.27209009813542034,0.31293554748936336,0.2630663598510052,81.65063509461096,41.3771666304975,flexion,82.83863644106502,41.71369760476672
DEMO_010,T01,11,1.1,train,synthetic_demo,0.4198037376259829,0.27829737235415153,0.29246700231957695,0.2944765336627753,82.83863644106502,41.71369760476672,flexion,83.77641290737884,41.921890856829314
DEMO_010,T01,12,1.2000000000000002,train,synthetic_demo,0.3328642854390178,0.2461195000966047,0.29873206514108475,0.2967321211202492,83.77641290737884,41.921890856829314,flexion,84.45369001834514,41.99946537784843
DEMO_010,T01,13,1.3,train,synthetic_demo,0.3741342136389484,0.22986072747396313,0.2784559425514434,0.2453239506821888,84.45369001834514,41.99946537784843,hold,84.86304738420684,41.94557124513828
DEMO_010,T01,14,1.4000000000000001,train,synthetic_demo,0.24203061739399867,0.22993443664759902,0.2439366480864048,0.36240930651248426,84.86304738420684,41.94557124513828,hold,85.0,41.7607989340949
DEMO_010,T01,15,1.5,train,synthetic_demo,0.26304037956620496,0.28093244588914684,0.26659300000360286,0.36087666326269946,85.0,41.7607989340949,hold,84.86304738420684,41.44717284882418
DEMO_010,T01,16,1.6,train,synthetic_demo,0.22891971855822754,0.2990852484237139,0.2346904194412585,0.34216812415616354,84.86304738420684,41.44717284882418,hold,84.45369001834514,41.00812914234682
DEMO_010,T01,17,1.7000000000000002,train,synthetic_demo,0.1564441981906612,0.3320419160458438,0.2844144080205364,0.41017575710805015,84.45369001834514,41.00812914234682,hold,83.77641290737884,40.44847806938679
DEMO_010,T01,18,1.8,train,synthetic_demo,0.24791537529491556,0.3454343752987754,0.17143026063367728,0.37175967394810533,83.77641290737884,40.44847806938679,extension,82.83863644106502,39.77435128421395
DEMO_010,T01,19,1.9000000000000001,train,synthetic_demo,0.23408017640985979,0.42613356803561053,0.29529640486344905,0.4768191828358585,82.83863644106502,39.77435128421395,extension,81.65063509461098,38.99313466095676
DEMO_010,T01,20,2.0,train,synthetic_demo,0.21563835658647898,0.4332532663421668,0.208027853549965,0.3950288407053101,81.65063509461098,38.99313466095676,extension,80.22542485937369,38.113387372419716
DEMO_010,T01,21,2.1,train,synthetic_demo,0.20883058726308762,0.4493871735247903,0.2214914263889397,0.5081742748061956,80.22542485937369,38.113387372419716,extension,78.57862063693486,37.14474811399498
DEMO_010,T01,22,2.2,train,synthetic_demo,0.2906156999930624,0.48292092017385674,0.3121030165914637,0.4392148714455376,78.57862063693486,37.14474811399498,extension,76.72826515897145,36.097829500098655
DEMO_010,T01,23,2.3000000000000003,train,synthetic_demo,0.2535295034776522,0.562500803259264,0.20404563702345135,0.5494341967860764,76.72826515897145,36.097829500098655,extension,74.69463130731182,34.98410179014638
DEMO_010,T01,24,2.4000000000000004,train,synthetic_demo,0.22539606980435128,0.5788615905395107,0.2928667043489307,0.551786750333538,74.69463130731182,34.98410179014638,extension,72.5,33.815767217990924
DEMO_010,T01,25,2.5,train,synthetic_demo,0.2228900665146617,0.5914216717090435,0.31391143772099234,0.47824765325284535,72.5,33.815767217990924,extension,70.16841607689501,32.60562630169453
DEMO_010,T01,26,2.6,train,synthetic_demo,0.2718718658458435,0.6468157300741223,0.3190752598115434,0.5935376792049023,70.16841607689501,32.60562630169453,extension,67.72542485937369,31.366937598374406
DEMO_010,T01,27,2.7,train,synthetic_demo,0.18511555844272526,0.6499363294152184,0.26590682106333724,0.5812634517903111,67.72542485937369,31.366937598374406,extension,65.19779227044398,30.11327244067641
DEMO_010,T01,28,2.8000000000000003,train,synthetic_demo,0.3029156559383515,0.6527644132817835,0.24633688853741842,0.5460017789015231,65.19779227044398,30.11327244067641,extension,62.613211581691324,28.85836624641458
DEMO_010,T01,29,2.9000000000000004,train,synthetic_demo,0.2770257572370049,0.610425848389029,0.2764981912405217,0.5649288932367845,62.613211581691324,28.85836624641458,extension,60.0,27.615968030459264
DEMO_010,T01,30,3.0,train,synthetic_demo,0.17571218672682007,0.6668202597729851,0.21429771002848963,0.6177617540168674,60.0,27.615968030459264,extension,57.38678841830866,26.39968976765299
DEMO_010,T01,31,3.1,train,synthetic_demo,0.20641061795426235,0.681494290485577,0.24438424984398388,0.5038327578074343,57.38678841830866,26.39968976765299,extension,54.802207729556024,25.22285725716567
DEMO_010,T01,32,3.2,train,synthetic_demo,0.254295485392811,0.5942614578734787,0.24596903408524784,0.5801112472889352,54.802207729556024,25.22285725716567,extension,52.27457514062632,24.098364122250224
DEMO_010,T01,33,3.3000000000000003,train,synthetic_demo,0.22687298899666214,0.7068399255936182,0.29054767191601694,0.4643744003781807,52.27457514062632,24.098364122250224,extension,49.831583923104986,23.038530545008104
DEMO_010,T01,34,3.4000000000000004,train,synthetic_demo,0.3161789582354957,0.673217119397879,0.18434780543816764,0.49167252973272296,49.831583923104986,23.038530545008104,extension,47.50000000000001,22.054968283896024
DEMO_010,T01,35,3.5,train,synthetic_demo,0.3035598714960796,0.5907049475638235,0.2545211198329545,0.45230273966979195,47.50000000000001,22.054968283896024,extension,45.30536869268818,21.158453452870347
DEMO_010,T01,36,3.6,train,synthetic_demo,0.24043182596854487,0.5882053896049865,0.3205186228528748,0.44032364713045935,45.30536869268818,21.158453452870347,extension,43.27173484102855,20.35880845602759
DEMO_010,T01,37,3.7,train,synthetic_demo,0.2441665076736467,0.6027912838404084,0.27361754239626956,0.3975915495078084,43.27173484102855,20.35880845602759,extension,41.42137936306515,19.66479437128963
DEMO_010,T01,38,3.8000000000000003,train,synthetic_demo,0.2691483641191257,0.526055706241549,0.19389821042017377,0.46770942395189175,41.42137936306515,19.66479437128963,extension,39.774575140626304,19.084014962200634
DEMO_010,T01,39,3.9000000000000004,train,synthetic_demo,0.191577374921089,0.5208844426199285,0.262511506750928,0.416452669556316,39.774575140626304,19.084014962200634,extension,38.34936490538904,18.6228333695025
DEMO_010,T01,40,4.0,train,synthetic_demo,0.19617325879062072,0.414994502921013,0.2578892767348534,0.34364905342850854,38.34936490538904,18.6228333695025,extension,37.16136355893498,18.286302395233275
DEMO_010,T01,41,4.1000000000000005,train,synthetic_demo,0.20051275167684451,0.3856282714969811,0.22051385587914601,0.3409795265976703,37.16136355893498,18.286302395233275,extension,36.22358709262116,18.078109143170686
DEMO_010,T01,42,4.2,train,synthetic_demo,0.21037498870455143,0.2463046250075667,0.31576297454849633,0.3088067822834157,36.22358709262116,18.078109143170686,extension,35.54630998165486,18.00053462215157
DEMO_010,T01,43,4.3,train,synthetic_demo,0.2610846079711475,0.2455355255490171,0.21163538219376526,0.279713951516314,35.54630998165486,18.00053462215157,hold,35.13695261579316,18.05442875486172
DEMO_010,T01,44,4.4,train,synthetic_demo,0.31851387906326867,0.2900096411926269,0.26086037965562303,0.282920200724035,35.13695261579316,18.05442875486172,hold,35.0,18.2392010659051
DEMO_010,T01,45,4.5,train,synthetic_demo,0.1856535195932156,0.19210381725966263,0.33252820099895686,0.27859961909057085,35.0,18.2392010659051,hold,35.13695261579316,18.552827151175826
DEMO_010,T01,46,4.6000000000000005,train,synthetic_demo,0.29069930343286154,0.2756603170822472,0.335947228182257,0.21984544026061575,35.13695261579316,18.552827151175826,hold,35.54630998165486,18.991870857653183
DEMO_010,T01,47,4.7,train,synthetic_demo,0.3870682196492523,0.2564252230576821,0.39201965039512965,0.2562901819033025,35.54630998165486,18.991870857653183,hold,36.223587092621166,19.55152193061322
DEMO_010,T01,48,4.800000000000001,train,synthetic_demo,0.3887703752657315,0.28946775630224186,0.35520791866963053,0.307231304215675,36.223587092621166,19.55152193061322,flexion,37.16136355893498,20.225648715786054
DEMO_010,T01,49,4.9,train,synthetic_demo,0.4656997229512941,0.30100134786451616,0.3566077538701129,0.23732429427636278,37.16136355893498,20.225648715786054,flexion,38.34936490538904,21.006865339043237
DEMO_010,T01,50,5.0,train,synthetic_demo,0.42446354263525565,0.2317961315660287,0.41599221756134,0.2815846706154162,38.34936490538904,21.006865339043237,flexion,39.774575140626325,21.88661262758029
DEMO_010,T01,51,5.1000000000000005,train,synthetic_demo,0.5086949750302832,0.2036081616070917,0.4605395731051809,0.23666064333136094,39.774575140626325,21.88661262758029,flexion,41.421379363065135,22.855251886005014
DEMO_010,T01,52,5.2,train,synthetic_demo,0.5192640811616406,0.1792790675073544,0.5169104423897593,0.18015908396749336,41.421379363065135,22.855251886005014,flexion,43.27173484102855,23.902170499901345
DEMO_010,T01,53,5.300000000000001,train,synthetic_demo,0.537225250197208,0.17694616765467097,0.49119147310716554,0.3009066884701986,43.27173484102855,23.902170499901345,flexion,45.30536869268816,25.01589820985361
DEMO_010,T01,54,5.4,train,synthetic_demo,0.578541528912802,0.19181300956840652,0.4287693292094896,0.24704256683138046,45.30536869268816,25.01589820985361,flexion,47.499999999999986,26.184232782009072
DEMO_010,T01,55,5.5,train,synthetic_demo,0.6119231374483589,0.27726423511096376,0.5101399268574177,0.3181351452747245,47.499999999999986,26.184232782009072,flexion,49.831583923105,27.394373698305476
DEMO_010,T01,56,5.6000000000000005,train,synthetic_demo,0.6294067868283354,0.22785884246062238,0.5145562365949802,0.2876110389928005,49.831583923105,27.394373698305476,flexion,52.27457514062633,28.633062401625605
DEMO_010,T01,57,5.7,train,synthetic_demo,0.6231869308466205,0.2575237316529735,0.5171973805625765,0.2557785714579025,52.27457514062633,28.633062401625605,flexion,54.802207729556045,29.886727559323603
DEMO_010,T01,58,5.800000000000001,train,synthetic_demo,0.6805479513938223,0.21371852511994083,0.5000023967399645,0.26114035207847347,54.802207729556045,29.886727559323603,flexion,57.38678841830866,31.141633753585417
DEMO_010,T02,0,0.0,train,synthetic_demo,0.6605189112645808,0.20712682850424632,0.45821152597345854,0.30093153414586776,60.0,32.384031969540736,flexion,62.61321158169134,33.600310232347006
DEMO_010,T02,1,0.1,train,synthetic_demo,0.6542221543013085,0.24186039887705998,0.5066625938880661,0.331789732468536,62.61321158169134,33.600310232347006,flexion,65.19779227044398,34.77714274283433
DEMO_010,T02,2,0.2,train,synthetic_demo,0.7124966600865079,0.2656931407148978,0.5207087144345885,0.3564448103097908,65.19779227044398,34.77714274283433,flexion,67.72542485937369,35.901635877749776
DEMO_010,T02,3,0.30000000000000004,train,synthetic_demo,0.6640247860971471,0.2585038472374406,0.4965347289000398,0.25669910450360867,67.72542485937369,35.901635877749776,flexion,70.168416076895,36.96146945499189
DEMO_010,T02,4,0.4,train,synthetic_demo,0.6362016759765212,0.23988803695464322,0.46896060489362856,0.28666898961091297,70.168416076895,36.96146945499189,flexion,72.5,37.945031716103976
DEMO_010,T02,5,0.5,train,synthetic_demo,0.6111898462832538,0.26050322740613213,0.4050592942438009,0.2955729298563645,72.5,37.945031716103976,flexion,74.69463130731182,38.84154654712965
DEMO_010,T02,6,0.6000000000000001,train,synthetic_demo,0.5631924777967856,0.16173441549280965,0.3744609541991224,0.2770146881225245,74.69463130731182,38.84154654712965,flexion,76.72826515897145,39.64119154397241
DEMO_010,T02,7,0.7000000000000001,train,synthetic_demo,0.584545273693879,0.21649602548427901,0.4019564101079884,0.29575573759127466,76.72826515897145,39.64119154397241,flexion,78.57862063693486,40.33520562871037
DEMO_010,T02,8,0.8,train,synthetic_demo,0.5160343086776565,0.25498200315951514,0.4338661675626753,0.31943631396662386,78.57862063693486,40.33520562871037,flexion,80.22542485937369,40.91598503779936
DEMO_010,T02,9,0.9,train,synthetic_demo,0.4678383597034253,0.19711301975264117,0.4282440099377163,0.3212167890650752,80.22542485937369,40.91598503779936,flexion,81.65063509461096,41.3771666304975
DEMO_010,T02,10,1.0,train,synthetic_demo,0.5072363654258791,0.24610243526860828,0.3163276694585726,0.3050351378987839,81.65063509461096,41.3771666304975,flexion,82.83863644106502,41.71369760476672
DEMO_010,T02,11,1.1,train,synthetic_demo,0.3795237440103083,0.22667655057154243,0.330953552952089,0.2881103285920391,82.83863644106502,41.71369760476672,flexion,83.77641290737884,41.921890856829314
DEMO_010,T02,12,1.2000000000000002,train,synthetic_demo,0.34679115712682956,0.25467893447142775,0.2764762356338814,0.30521619224705715,83.77641290737884,41.921890856829314,flexion,84.45369001834514,41.99946537784843
DEMO_010,T02,13,1.3,train,synthetic_demo,0.3223843326599461,0.23251439283009673,0.2239988593878879,0.34532647187711624,84.45369001834514,41.99946537784843,hold,84.86304738420684,41.94557124513828
DEMO_010,T02,14,1.4000000000000001,train,synthetic_demo,0.3421046234573426,0.2067268454019899,0.240525297371163,0.3494276181991129,84.86304738420684,41.94557124513828,hold,85.0,41.7607989340949
DEMO_010,T02,15,1.5,train,synthetic_demo,0.20267615353044424,0.2713149546879203,0.28591752477261917,0.3202920234333028,85.0,41.7607989340949,hold,84.86304738420684,41.44717284882418
DEMO_010,T02,16,1.6,train,synthetic_demo,0.2810973887630508,0.29240560851306874,0.26251855297644505,0.3741259297569624,84.86304738420684,41.44717284882418,hold,84.45369001834514,41.00812914234682
DEMO_010,T02,17,1.7000000000000002,train,synthetic_demo,0.25109788077819883,0.2833111154730642,0.2594979453087923,0.383799531983221,84.45369001834514,41.00812914234682,hold,83.77641290737884,40.44847806938679
DEMO_010,T02,18,1.8,train,synthetic_demo,0.2336269943486166,0.37983003955944994,0.24457120167055732,0.4220779927508032,83.77641290737884,40.44847806938679,extension,82.83863644106502,39.77435128421395
DEMO_010,T02,19,1.9000000000000001,train,synthetic_demo,0.26346748521090513,0.37973897134360857,0.2527959359328114,0.40831631342546665,82.83863644106502,39.77435128421395,extension,81.65063509461098,38.99313466095676
DEMO_010,T02,20,2.0,train,synthetic_demo,0.23304433456993945,0.47089118077473446,0.27185817099556303,0.4014938777082713,81.65063509461098,38.99313466095676,extension,80.22542485937369,38.113387372419716
DEMO_010,T02,21,2.1,train,synthetic_demo,0.20924323910013667,0.49258517445136113,0.16148337541687074,0.4668309362920728,80.22542485937369,38.113387372419716,extension,78.57862063693486,37.14474811399498
DEMO_010,T02,22,2.2,train,synthetic_demo,0.201250545793576,0.5108902369449232,0.1775223788837974,0.48616171306380906,78.57862063693486,37.14474811399498,extension,76.72826515897145,36.097829500098655
DEMO_010,T02,23,2.3000000000000003,train,synthetic_demo,0.23485879462504275,0.47952713629404864,0.2697968329624536,0.5265670058833757,76.72826515897145,36.097829500098655,extension,74.69463130731182,34.98410179014638
DEMO_010,T02,24,2.4000000000000004,train,synthetic_demo,0.26275424637570155,0.532048212789734,0.2624716164822357,0.5240375031399489,74.69463130731182,34.98410179014638,extension,72.5,33.815767217990924
DEMO_010,T02,25,2.5,train,synthetic_demo,0.2663832274157106,0.6150728223381516,0.23331655094988224,0.5420887751489178,72.5,33.815767217990924,extension,70.16841607689501,32.60562630169453
DEMO_010,T02,26,2.6,train,synthetic_demo,0.2599646736661372,0.6076990529543056,0.27982743222266354,0.5592655660692326,70.16841607689501,32.60562630169453,extension,67.72542485937369,31.366937598374406
DEMO_010,T02,27,2.7,train,synthetic_demo,0.245801171198286,0.6096415273456693,0.2243658760918285,0.48180428257509617,67.72542485937369,31.366937598374406,extension,65.19779227044398,30.11327244067641
DEMO_010,T02,28,2.8000000000000003,train,synthetic_demo,0.17002159142105447,0.5924670201263529,0.25507922298976954,0.5262584982767952,65.19779227044398,30.11327244067641,extension,62.613211581691324,28.85836624641458
DEMO_010,T02,29,2.9000000000000004,train,synthetic_demo,0.22664178773434132,0.6530919773974382,0.16915708561750964,0.5434735410824725,62.613211581691324,28.85836624641458,extension,60.0,27.615968030459264
DEMO_010,T02,30,3.0,train,synthetic_demo,0.306213737696289,0.6442204453952199,0.2229507923685526,0.5295903916424182,60.0,27.615968030459264,extension,57.38678841830866,26.39968976765299
DEMO_010,T02,31,3.1,train,synthetic_demo,0.19614614393639657,0.6551132951674283,0.3239885220787919,0.6085924126117183,57.38678841830866,26.39968976765299,extension,54.802207729556024,25.22285725716567
DEMO_010,T02,32,3.2,train,synthetic_demo,0.1725161746312279,0.6219028345068713,0.27835178601548166,0.511058684752103,54.802207729556024,25.22285725716567,extension,52.27457514062632,24.098364122250224
DEMO_010,T02,33,3.3000000000000003,train,synthetic_demo,0.3088242119846553,0.5927698241281937,0.27873815084987835,0.5057344305456345,52.27457514062632,24.098364122250224,extension,49.831583923104986,23.038530545008104
DEMO_010,T02,34,3.4000000000000004,train,synthetic_demo,0.2106272721422112,0.5406898691651033,0.25713788370812246,0.5311537399655998,49.831583923104986,23.038530545008104,extension,47.50000000000001,22.054968283896024
DEMO_010,T02,35,3.5,train,synthetic_demo,0.2610658063353602,0.6199106960317257,0.25854525110187315,0.49213896726997564,47.50000000000001,22.054968283896024,extension,45.30536869268818,21.158453452870347
DEMO_010,T02,36,3.6,train,synthetic_demo,0.2824037670664012,0.5007772745924541,0.29011261572530406,0.464224137102981,45.30536869268818,21.158453452870347,extension,43.27173484102855,20.35880845602759
DEMO_010,T02,37,3.7,train,synthetic_demo,0.1916503398659989,0.5513733238278726,0.18700416305036638,0.4651873494179331,43.27173484102855,20.35880845602759,extension,41.42137936306515,19.66479437128963
DEMO_010,T02,38,3.8000000000000003,train,synthetic_demo,0.23059233519198274,0.47913654839614117,0.3107201234083286,0.34709954858807607,41.42137936306515,19.66479437128963,extension,39.774575140626304,19.084014962200634
DEMO_010,T02,39,3.9000000000000004,train,synthetic_demo,0.29169001604907746,0.5086923025155352,0.20888310757262138,0.3807010450583779,39.774575140626304,19.084014962200634,extension,38.34936490538904,18.6228333695025
DEMO_010,T02,40,4.0,train,synthetic_demo,0.194468193509843,0.39940157996253445,0.33713531815979986,0.332035653685206,38.34936490538904,18.6228333695025,extension,37.16136355893498,18.286302395233275
DEMO_010,T02,41,4.1000000000000005,train,synthetic_demo,0.24184963753209793,0.4333362047872773,0.2404088573820498,0.31116853436591724,37.16136355893498,18.286302395233275,extension,36.22358709262116,18.078109143170686
DEMO_010,T02,42,4.2,train,synthetic_demo,0.24294354447107497,0.35912806958286186,0.21698409430066842,0.3103006374394474,36.22358709262116,18.078109143170686,extension,35.54630998165486,18.00053462215157
DEMO_010,T02,43,4.3,train,synthetic_demo,0.20059128704584386,0.3041901630456184,0.25881620472723005,0.31580986607949485,35.54630998165486,18.00053462215157,hold,35.13695261579316,18.05442875486172
DEMO_010,T02,44,4.4,train,synthetic_demo,0.21770780445364277,0.2288624493909044,0.27236703427385445,0.29013255046174474,35.13695261579316,18.05442875486172,hold,35.0,18.2392010659051
DEMO_010,T02,45,4.5,train,synthetic_demo,0.27070722573242373,0.22959371661202968,0.26531510735780856,0.23750466026476538,35.0,18.2392010659051,hold,35.13695261579316,18.552827151175826
DEMO_010,T02,46,4.6000000000000005,train,synthetic_demo,0.23401272442966542,0.23028822555506118,0.28935744342426334,0.25796504765199263,35.13695261579316,18.552827151175826,hold,35.54630998165486,18.991870857653183
DEMO_010,T02,47,4.7,train,synthetic_demo,0.35552969792254246,0.21360160600653405,0.35354737852796414,0.2795209022898744,35.54630998165486,18.991870857653183,hold,36.223587092621166,19.55152193061322
DEMO_010,T02,48,4.800000000000001,train,synthetic_demo,0.33459666087845347,0.20983490627583012,0.39597197934081674,0.23288610256334277,36.223587092621166,19.55152193061322,flexion,37.16136355893498,20.225648715786054
DEMO_010,T02,49,4.9,train,synthetic_demo,0.45580548134561405,0.24975782778503525,0.4232463244870596,0.2595464410386052,37.16136355893498,20.225648715786054,flexion,38.34936490538904,21.006865339043237
DEMO_010,T02,50,5.0,train,synthetic_demo,0.4230085037222514,0.24924757783413787,0.4928193106198944,0.30418993453228577,38.34936490538904,21.006865339043237,flexion,39.774575140626325,21.88661262758029
DEMO_010,T02,51,5.1000000000000005,train,synthetic_demo,0.4662528515771597,0.16512194152233556,0.4259808462049998,0.25711018678436476,39.774575140626325,21.88661262758029,flexion,41.421379363065135,22.855251886005014
DEMO_010,T02,52,5.2,train,synthetic_demo,0.48416503874432487,0.20636935970577172,0.5006674794147594,0.24910502009950608,41.421379363065135,22.855251886005014,flexion,43.27173484102855,23.902170499901345
DEMO_010,T02,53,5.300000000000001,train,synthetic_demo,0.5639087712142992,0.2685706097687686,0.5022935213269777,0.30244047777893796,43.27173484102855,23.902170499901345,flexion,45.30536869268816,25.01589820985361
DEMO_010,T02,54,5.4,train,synthetic_demo,0.5481915394672828,0.24871093368193067,0.40499554557717654,0.22998901879548833,45.30536869268816,25.01589820985361,flexion,47.499999999999986,26.184232782009072
DEMO_010,T02,55,5.5,train,synthetic_demo,0.6309569349806017,0.25982382668333037,0.5228416015213585,0.2816506210595833,47.499999999999986,26.184232782009072,flexion,49.831583923105,27.394373698305476
DEMO_010,T02,56,5.6000000000000005,train,synthetic_demo,0.6535698561111137,0.21719531367160178,0.4565514147339604,0.2833233506546787,49.831583923105,27.394373698305476,flexion,52.27457514062633,28.633062401625605
DEMO_010,T02,57,5.7,train,synthetic_demo,0.692401973305643,0.29050874309642216,0.5229013094861114,0.22602676891596904,52.27457514062633,28.633062401625605,flexion,54.802207729556045,29.886727559323603
DEMO_010,T02,58,5.800000000000001,train,synthetic_demo,0.6630520968095999,0.22595209327230456,0.4813051989657947,0.2816172653184669,54.802207729556045,29.886727559323603,flexion,57.38678841830866,31.141633753585417
DEMO_010,T03,0,0.0,train,synthetic_demo,0.6962904263894101,0.21290740628721794,0.5084314793545008,0.33827142880599725,60.0,32.384031969540736,flexion,62.61321158169134,33.600310232347006
DEMO_010,T03,1,0.1,train,synthetic_demo,0.6422246812004878,0.2238542819016527,0.5239624412273367,0.29554556382452574,62.61321158169134,33.600310232347006,flexion,65.19779227044398,34.77714274283433
DEMO_010,T03,2,0.2,train,synthetic_demo,0.7429800611430905,0.2604382491487636,0.4860837232908805,0.24410072605095315,65.19779227044398,34.77714274283433,flexion,67.72542485937369,35.901635877749776
DEMO_010,T03,3,0.30000000000000004,train,synthetic_demo,0.6565795540597594,0.30805234767533285,0.4864153694784666,0.23360607092215735,67.72542485937369,35.901635877749776,flexion,70.168416076895,36.96146945499189
DEMO_010,T03,4,0.4,train,synthetic_demo,0.6208427019151579,0.20939670211858413,0.4682549200462602,0.2675847947064772,70.168416076895,36.96146945499189,flexion,72.5,37.945031716103976
DEMO_010,T03,5,0.5,train,synthetic_demo,0.588106697835502,0.19447133207671902,0.432612876603574,0.2917997891322467,72.5,37.945031716103976,flexion,74.69463130731182,38.84154654712965
DEMO_010,T03,6,0.6000000000000001,train,synthetic_demo,0.6211818133553936,0.21386722217199047,0.46347277225138833,0.20382383437173873,74.69463130731182,38.84154654712965,flexion,76.72826515897145,39.64119154397241
DEMO_010,T03,7,0.7000000000000001,train,synthetic_demo,0.6146241139298826,0.17268329253089482,0.378505162689114,0.26995564858133025,76.72826515897145,39.64119154397241,flexion,78.57862063693486,40.33520562871037
DEMO_010,T03,8,0.8,train,synthetic_demo,0.504099384187426,0.3015211705261413,0.35860140642827476,0.34388481435641083,78.57862063693486,40.33520562871037,flexion,80.22542485937369,40.91598503779936
DEMO_010,T03,9,0.9,train,synthetic_demo,0.35154042454239465,0.15472702382368636,0.3600708953495723,0.23337200632213473,80.22542485937369,40.91598503779936,flexion,81.65063509461096,41.3771666304975
DEMO_010,T03,10,1.0,train,synthetic_demo,0.3961851596989307,0.2159448870512479,0.3117964124203437,0.24963384505314534,81.65063509461096,41.3771666304975,flexion,82.83863644106502,41.71369760476672
DEMO_010,T03,11,1.1,train,synthetic_demo,0.38952788286494117,0.22993061859539232,0.3253036772685495,0.3028947837829133,82.83863644106502,41.71369760476672,flexion,83.77641290737884,41.921890856829314
DEMO_010,T03,12,1.2000000000000002,train,synthetic_demo,0.3695420509412185,0.18038081811560985,0.24750371427091455,0.2536941828371747,83.77641290737884,41.921890856829314,flexion,84.45369001834514,41.99946537784843
DEMO_010,T03,13,1.3,train,synthetic_demo,0.350304804004944,0.19040432067319948,0.2868571063031241,0.22516537862300764,84.45369001834514,41.99946537784843,hold,84.86304738420684,41.94557124513828
DEMO_010,T03,14,1.4000000000000001,train,synthetic_demo,0.28434259824765745,0.21706305476915974,0.27426991579160115,0.3367838122518347,84.86304738420684,41.94557124513828,hold,85.0,41.7607989340949
DEMO_010,T03,15,1.5,train,synthetic_demo,0.2309262099163261,0.21130373938452887,0.28041037745269404,0.3061848776040467,85.0,41.7607989340949,hold,84.86304738420684,41.44717284882418
DEMO_010,T03,16,1.6,train,synthetic_demo,0.2470581957162971,0.27976349838980963,0.23529453269407705,0.3328468961794089,84.86304738420684,41.44717284882418,hold,84.45369001834514,41.00812914234682
DEMO_010,T03,17,1.7000000000000002,train,synthetic_demo,0.26544729714269577,0.329346597190932,0.21432222345024857,0.34048676031802755,84.45369001834514,41.00812914234682,hold,83.77641290737884,40.44847806938679
DEMO_010,T03,18,1.8,train,synthetic_demo,0.27482869630788,0.42870074524660445,0.2480989922397665,0.40576772335517164,83.77641290737884,40.44847806938679,extension,82.83863644106502,39.77435128421395
DEMO_010,T03,19,1.9000000000000001,train,synthetic_demo,0.2668015710951345,0.37977449195182056,0.20698311683859547,0.4610688218609051,82.83863644106502,39.77435128421395,extension,81.65063509461098,38.99313466095676
DEMO_010,T03,20,2.0,train,synthetic_demo,0.23097035278318792,0.48532171455546924,0.25954684006214424,0.48616900389795753,81.65063509461098,38.99313466095676,extension,80.22542485937369,38.113387372419716
DEMO_010,T03,21,2.1,train,synthetic_demo,0.2154422539261558,0.4959241197079267,0.23834699025756292,0.512847121137173,80.22542485937369,38.113387372419716,extension,78.57862063693486,37.14474811399498
DEMO_010,T03,22,2.2,train,synthetic_demo,0.28936694677031866,0.5061771000158616,0.24461900718575713,0.43572561207334404,78.57862063693486,37.14474811399498,extension,76.72826515897145,36.097829500098655
DEMO_010,T03,23,2.3000000000000003,train,synthetic_demo,0.3025870295119116,0.6129142359511773,0.29713235141901134,0.4712934142572792,76.72826515897145,36.097829500098655,extension,74.69463130731182,34.98410179014638
DEMO_010,T03,24,2.4000000000000004,train,synthetic_demo,0.23603895465247873,0.5392064941440406,0.25847773716545824,0.5151350186524838,74.69463130731182,34.98410179014638,extension,72.5,33.815767217990924
DEMO_010,T03,25,2.5,train,synthetic_demo,0.22943156301835163,0.5177359952316667,0.2509199101108432,0.5701634858364606,72.5,33.815767217990924,extension,70.16841607689501,32.60562630169453
DEMO_010,T03,26,2.6,train,synthetic_demo,0.22317213108882297,0.5762189219234917,0.21981547360775083,0.5236641711832356,70.16841607689501,32.60562630169453,extension,67.72542485937369,31.366937598374406
DEMO_010,T03,27,2.7,train,synthetic_demo,0.21891325702272965,0.6083683219800395,0.3279362971065083,0.527589138852581,67.72542485937369,31.366937598374406,extension,65.19779227044398,30.11327244067641
DEMO_010,T03,28,2.8000000000000003,train,synthetic_demo,0.22945218314887555,0.6674807596130024,0.25835995721086336,0.5185526713125067,65.19779227044398,30.11327244067641,extension,62.613211581691324,28.85836624641458
DEMO_010,T03,29,2.9000000000000004,train,synthetic_demo,0.21816529276097354,0.6432087782655012,0.26476577149660496,0.5081632777864775,62.613211581691324,28.85836624641458,extension,60.0,27.615968030459264
DEMO_010,T03,30,3.0,train,synthetic_demo,0.26828325737663594,0.6815963245654404,0.22712161715423917,0.542522284030979,60.0,27.615968030459264,extension,57.38678841830866,26.39968976765299
DEMO_010,T03,31,3.1,train,synthetic_demo,0.26183735005690073,0.6314105582663838,0.17135902309261428,0.5087086685726713,57.38678841830866,26.39968976765299,extension,54.802207729556024,25.22285725716567
DEMO_010,T03,32,3.2,train,synthetic_demo,0.33063263427025136,0.6082734664776894,0.24353141392285235,0.5999079487438577,54.802207729556024,25.22285725716567,extension,52.27457514062632,24.098364122250224
DEMO_010,T03,33,3.3000000000000003,train,synthetic_demo,0.21889185888532162,0.6066064422158028,0.21880900983191728,0.5349331143540271,52.27457514062632,24.098364122250224,extension,49.831583923104986,23.038530545008104
DEMO_010,T03,34,3.4000000000000004,train,synthetic_demo,0.2048428291434179,0.645058630819313,0.2940841725547384,0.5568273386934676,49.831583923104986,23.038530545008104,extension,47.50000000000001,22.054968283896024
DEMO_010,T03,35,3.5,train,synthetic_demo,0.28308038563833426,0.5835482345438501,0.19801984031799802,0.4507963110971037,47.50000000000001,22.054968283896024,extension,45.30536869268818,21.158453452870347
DEMO_010,T03,36,3.6,train,synthetic_demo,0.31947476362477734,0.5691111187051219,0.27569061526157074,0.4119959335818178,45.30536869268818,21.158453452870347,extension,43.27173484102855,20.35880845602759
DEMO_010,T03,37,3.7,train,synthetic_demo,0.2793396425071099,0.5505867640759117,0.22599492311969377,0.4760625331919874,43.27173484102855,20.35880845602759,extension,41.42137936306515,19.66479437128963
DEMO_010,T03,38,3.8000000000000003,train,synthetic_demo,0.2539396130038011,0.43439825991912817,0.27635042862301556,0.4253967140629049,41.42137936306515,19.66479437128963,extension,39.774575140626304,19.084014962200634
DEMO_010,T03,39,3.9000000000000004,train,synthetic_demo,0.19587679020788915,0.4631937997883683,0.22841507437712694,0.43751064223605174,39.774575140626304,19.084014962200634,extension,38.34936490538904,18.6228333695025
DEMO_010,T03,40,4.0,train,synthetic_demo,0.26244460705903605,0.43850623122453547,0.2548908727548383,0.3800950643118378,38.34936490538904,18.6228333695025,extension,37.16136355893498,18.286302395233275
DEMO_010,T03,41,4.1000000000000005,train,synthetic_demo,0.26254177770740544,0.4450759764586085,0.31217348242857773,0.3076418766390578,37.16136355893498,18.286302395233275,extension,36.22358709262116,18.078109143170686
DEMO_010,T03,42,4.2,train,synthetic_demo,0.21878455721167103,0.35879614835522994,0.23682128940809985,0.3403185287930529,36.22358709262116,18.078109143170686,extension,35.54630998165486,18.00053462215157
DEMO_010,T03,43,4.3,train,synthetic_demo,0.215543769671144,0.3149883058880707,0.2429927126406492,0.30910928823016415,35.54630998165486,18.00053462215157,hold,35.13695261579316,18.05442875486172
DEMO_010,T03,44,4.4,train,synthetic_demo,0.2858332415052132,0.25115198677719947,0.2540403170460636,0.3162262252282655,35.13695261579316,18.05442875486172,hold,35.0,18.2392010659051
DEMO_010,T03,45,4.5,train,synthetic_demo,0.27215984927665426,0.2567141208060495,0.36855559354141665,0.2990040145683597,35.0,18.2392010659051,hold,35.13695261579316,18.552827151175826
DEMO_010,T03,46,4.6000000000000005,train,synthetic_demo,0.28873618184249145,0.20587604836246443,0.324995181440189,0.30875258867307187,35.13695261579316,18.552827151175826,hold,35.54630998165486,18.991870857653183
DEMO_010,T03,47,4.7,train,synthetic_demo,0.36001626732728653,0.20468833409782045,0.3136697720195242,0.20175224415692322,35.54630998165486,18.991870857653183,hold,36.223587092621166,19.55152193061322
DEMO_010,T03,48,4.800000000000001,train,synthetic_demo,0.36275444164507603,0.26228789720911605,0.40107286759962,0.2758797232463178,36.223587092621166,19.55152193061322,flexion,37.16136355893498,20.225648715786054
DEMO_010,T03,49,4.9,train,synthetic_demo,0.3821372887613872,0.2977055361980384,0.40112271576229175,0.27550240443464585,37.16136355893498,20.225648715786054,flexion,38.34936490538904,21.006865339043237
DEMO_010,T03,50,5.0,train,synthetic_demo,0.5023606371186005,0.2796775037830177,0.43056510867745573,0.23397559630248863,38.34936490538904,21.006865339043237,flexion,39.774575140626325,21.88661262758029
DEMO_010,T03,51,5.1000000000000005,train,synthetic_demo,0.5176404080104464,0.2642555821282409,0.43239990336191947,0.336782267712237,39.774575140626325,21.88661262758029,flexion,41.421379363065135,22.855251886005014
DEMO_010,T03,52,5.2,train,synthetic_demo,0.5128662626787082,0.2519905058682404,0.43316780235305763,0.26032278482380533,41.421379363065135,22.855251886005014,flexion,43.27173484102855,23.902170499901345
DEMO_010,T03,53,5.300000000000001,train,synthetic_demo,0.5818985969468068,0.2901952688827594,0.4107322899820031,0.33737548717464244,43.27173484102855,23.902170499901345,flexion,45.30536869268816,25.01589820985361
DEMO_010,T03,54,5.4,train,synthetic_demo,0.6057868179523347,0.16695937491443852,0.4590089598335816,0.31580729144387953,45.30536869268816,25.01589820985361,flexion,47.499999999999986,26.184232782009072
DEMO_010,T03,55,5.5,train,synthetic_demo,0.5496196717878074,0.20517037999819737,0.5313931048745655,0.3490932732365239,47.499999999999986,26.184232782009072,flexion,49.831583923105,27.394373698305476
DEMO_010,T03,56,5.6000000000000005,train,synthetic_demo,0.5761768086820871,0.24769673743960843,0.5431995709511083,0.26854983808888333,49.831583923105,27.394373698305476,flexion,52.27457514062633,28.633062401625605
DEMO_010,T03,57,5.7,train,synthetic_demo,0.6378908879273408,0.21317013830692605,0.5174021950691176,0.27828210911470486,52.27457514062633,28.633062401625605,flexion,54.802207729556045,29.886727559323603
DEMO_010,T03,58,5.800000000000001,train,synthetic_demo,0.6429641952050958,0.20026179338279648,0.5450982215051241,0.23930005663198503,54.802207729556045,29.886727559323603,flexion,57.38678841830866,31.141633753585417
DEMO_011,T01,0,0.0,train,synthetic_demo,0.5402093924942377,0.29837770265296953,0.4774340149115749,0.23379307560950702,60.0,32.384031969540736,flexion,62.61321158169134,33.600310232347006
DEMO_011,T01,1,0.1,train,synthetic_demo,0.5694802864816016,0.20934243261876562,0.4319965993516652,0.29005472905064456,62.61321158169134,33.600310232347006,flexion,65.19779227044398,34.77714274283433
DEMO_011,T01,2,0.2,train,synthetic_demo,0.5401411741498378,0.26144426198309767,0.494240061324916,0.2643253577359225,65.19779227044398,34.77714274283433,flexion,67.72542485937369,35.901635877749776
DEMO_011,T01,3,0.30000000000000004,train,synthetic_demo,0.5820233813390112,0.1870528515792707,0.5337300351688574,0.25568174963967566,67.72542485937369,35.901635877749776,flexion,70.168416076895,36.96146945499189
DEMO_011,T01,4,0.4,train,synthetic_demo,0.5253077303924486,0.28371818579229163,0.5491503840137245,0.3253975222256358,70.168416076895,36.96146945499189,flexion,72.5,37.945031716103976
DEMO_011,T01,5,0.5,train,synthetic_demo,0.5207148888181968,0.16664177724874524,0.4096927173494611,0.2581942725810374,72.5,37.945031716103976,flexion,74.69463130731182,38.84154654712965
DEMO_011,T01,6,0.6000000000000001,train,synthetic_demo,0.47372094922628105,0.23109914964207554,0.4333300736158424,0.19246777996954656,74.69463130731182,38.84154654712965,flexion,76.72826515897145,39.64119154397241
DEMO_011,T01,7,0.7000000000000001,train,synthetic_demo,0.47382282773284984,0.2636473763052468,0.41436937148328995,0.22669545768611526,76.72826515897145,39.64119154397241,flexion,78.57862063693486,40.33520562871037
DEMO_011,T01,8,0.8,train,synthetic_demo,0.39853080763202514,0.2235473175520171,0.4171744724813641,0.2448075763310491,78.57862063693486,40.33520562871037,flexion,80.22542485937369,40.91598503779936
DEMO_011,T01,9,0.9,train,synthetic_demo,0.43059920048694994,0.2599962282186819,0.3977795298766258,0.1530858369773584,80.22542485937369,40.91598503779936,flexion,81.65063509461096,41.3771666304975
DEMO_011,T01,10,1.0,train,synthetic_demo,0.42602772955983514,0.2227912679091295,0.30313810141680037,0.26735953866642564,81.65063509461096,41.3771666304975,flexion,82.83863644106502,41.71369760476672
DEMO_011,T01,11,1.1,train,synthetic_demo,0.31982150517242114,0.1779708375275555,0.3364416755275793,0.2807486806986526,82.83863644106502,41.71369760476672,flexion,83.77641290737884,41.921890856829314
DEMO_011,T01,12,1.2000000000000002,train,synthetic_demo,0.3623579895326259,0.2113068069845002,0.307900752089965,0.23443323973151162,83.77641290737884,41.921890856829314,flexion,84.45369001834514,41.99946537784843
DEMO_011,T01,13,1.3,train,synthetic_demo,0.2412184799070682,0.1250458035537797,0.30323388703865894,0.2585795310078188,84.45369001834514,41.99946537784843,hold,84.86304738420684,41.94557124513828
DEMO_011,T01,14,1.4000000000000001,train,synthetic_demo,0.25868659185020504,0.21434515492036985,0.288613251986842,0.24780788661835113,84.86304738420684,41.94557124513828,hold,85.0,41.7607989340949
DEMO_011,T01,15,1.5,train,synthetic_demo,0.24686264024016563,0.25857848333328703,0.3202589919092413,0.26414074842299795,85.0,41.7607989340949,hold,84.86304738420684,41.44717284882418
DEMO_011,T01,16,1.6,train,synthetic_demo,0.2239150228533267,0.2420849667460055,0.2523187855626598,0.3275060105009233,84.86304738420684,41.44717284882418,hold,84.45369001834514,41.00812914234682
DEMO_011,T01,17,1.7000000000000002,train,synthetic_demo,0.19413708960994927,0.24113001088835526,0.2882144529889819,0.36870287454552264,84.45369001834514,41.00812914234682,hold,83.77641290737884,40.44847806938679
DEMO_011,T01,18,1.8,train,synthetic_demo,0.20529560214853787,0.3402002044268142,0.23136033641814766,0.38456829635007134,83.77641290737884,40.44847806938679,extension,82.83863644106502,39.77435128421395
DEMO_011,T01,19,1.9000000000000001,train,synthetic_demo,0.26403758987432313,0.33558438816766795,0.2504566784270254,0.36761035141698745,82.83863644106502,39.77435128421395,extension,81.65063509461098,38.99313466095676
DEMO_011,T01,20,2.0,train,synthetic_demo,0.17822653239064498,0.4361393451342186,0.3221577345993046,0.4660248604007276,81.65063509461098,38.99313466095676,extension,80.22542485937369,38.113387372419716
DEMO_011,T01,21,2.1,train,synthetic_demo,0.15454981016784206,0.4449414353540229,0.2529714734707059,0.470845915321322,80.22542485937369,38.113387372419716,extension,78.57862063693486,37.14474811399498
DEMO_011,T01,22,2.2,train,synthetic_demo,0.2540693575064189,0.46179264199153963,0.20401922889562957,0.4671898187943348,78.57862063693486,37.14474811399498,extension,76.72826515897145,36.097829500098655
DEMO_011,T01,23,2.3000000000000003,train,synthetic_demo,0.20000611836195897,0.537499360045888,0.28491273071235335,0.4667554742851307,76.72826515897145,36.097829500098655,extension,74.69463130731182,34.98410179014638
DEMO_011,T01,24,2.4000000000000004,train,synthetic_demo,0.17730449155155484,0.49386592656266176,0.2933689595420469,0.4410029074321841,74.69463130731182,34.98410179014638,extension,72.5,33.815767217990924
DEMO_011,T01,25,2.5,train,synthetic_demo,0.2027244948183575,0.5386080555590425,0.23651823059115606,0.4159267819129536,72.5,33.815767217990924,extension,70.16841607689501,32.60562630169453
DEMO_011,T01,26,2.6,train,synthetic_demo,0.22703334534482839,0.6314861311081297,0.2075194651595647,0.5348435429984842,70.16841607689501,32.60562630169453,extension,67.72542485937369,31.366937598374406
DEMO_011,T01,27,2.7,train,synthetic_demo,0.11639650695694659,0.6215247305826515,0.2515852396746091,0.49908333730003757,67.72542485937369,31.366937598374406,extension,65.19779227044398,30.11327244067641
DEMO_011,T01,28,2.8000000000000003,train,synthetic_demo,0.18566962458965408,0.6890523777245853,0.26026380957234063,0.4259284678137152,65.19779227044398,30.11327244067641,extension,62.613211581691324,28.85836624641458
DEMO_011,T01,29,2.9000000000000004,train,synthetic_demo,0.21424619491124455,0.6592480661464513,0.23050945970757428,0.5342206856416644,62.613211581691324,28.85836624641458,extension,60.0,27.615968030459264
DEMO_011,T01,30,3.0,train,synthetic_demo,0.1253988786971351,0.6605986813019479,0.22733317643466291,0.5207722862171925,60.0,27.615968030459264,extension,57.38678841830866,26.39968976765299
DEMO_011,T01,31,3.1,train,synthetic_demo,0.2282847524963902,0.6456430788884482,0.3165831810636829,0.51242101100127,57.38678841830866,26.39968976765299,extension,54.802207729556024,25.22285725716567
DEMO_011,T01,32,3.2,train,synthetic_demo,0.16754778532203826,0.5792948036627928,0.2445668872881054,0.48421768054243586,54.802207729556024,25.22285725716567,extension,52.27457514062632,24.098364122250224
DEMO_011,T01,33,3.3000000000000003,train,synthetic_demo,0.17688787125515593,0.5729198564455247,0.2909526403724812,0.5201546319334546,52.27457514062632,24.098364122250224,extension,49.831583923104986,23.038530545008104
DEMO_011,T01,34,3.4000000000000004,train,synthetic_demo,0.19334682419880944,0.5783690486308358,0.26778672709929346,0.4539111159421844,49.831583923104986,23.038530545008104,extension,47.50000000000001,22.054968283896024
DEMO_011,T01,35,3.5,train,synthetic_demo,0.2283199790715988,0.561422995120509,0.2892704299107788,0.4345893180186283,47.50000000000001,22.054968283896024,extension,45.30536869268818,21.158453452870347
DEMO_011,T01,36,3.6,train,synthetic_demo,0.1339861040246803,0.5314433591993343,0.29230822041478455,0.3901729514835144,45.30536869268818,21.158453452870347,extension,43.27173484102855,20.35880845602759
DEMO_011,T01,37,3.7,train,synthetic_demo,0.23475073671285673,0.4702243235591521,0.25742003722000767,0.3898570109606582,43.27173484102855,20.35880845602759,extension,41.42137936306515,19.66479437128963
DEMO_011,T01,38,3.8000000000000003,train,synthetic_demo,0.12918067542996947,0.44716468965716183,0.22100177981539953,0.3621363356963317,41.42137936306515,19.66479437128963,extension,39.774575140626304,19.084014962200634
DEMO_011,T01,39,3.9000000000000004,train,synthetic_demo,0.21451370064029984,0.37533859958013405,0.23857084013904656,0.36077228459961364,39.774575140626304,19.084014962200634,extension,38.34936490538904,18.6228333695025
DEMO_011,T01,40,4.0,train,synthetic_demo,0.23826985465787937,0.4499883681265262,0.2598384510810984,0.3208490324198936,38.34936490538904,18.6228333695025,extension,37.16136355893498,18.286302395233275
DEMO_011,T01,41,4.1000000000000005,train,synthetic_demo,0.22894125921360786,0.3926361612242432,0.3104304513505628,0.25660513840213955,37.16136355893498,18.286302395233275,extension,36.22358709262116,18.078109143170686
DEMO_011,T01,42,4.2,train,synthetic_demo,0.21716334257270628,0.35611362558063553,0.2977374193696681,0.19484373191417476,36.22358709262116,18.078109143170686,extension,35.54630998165486,18.00053462215157
DEMO_011,T01,43,4.3,train,synthetic_demo,0.2019624725362044,0.3270798546519349,0.2994448156225622,0.2810561247097255,35.54630998165486,18.00053462215157,hold,35.13695261579316,18.05442875486172
DEMO_011,T01,44,4.4,train,synthetic_demo,0.125015779514209,0.23193374206273898,0.3117463729125435,0.22582693570414908,35.13695261579316,18.05442875486172,hold,35.0,18.2392010659051
DEMO_011,T01,45,4.5,train,synthetic_demo,0.15188947233718475,0.18521844238784013,0.3108705881091859,0.2623538753914183,35.0,18.2392010659051,hold,35.13695261579316,18.552827151175826
DEMO_011,T01,46,4.6000000000000005,train,synthetic_demo,0.23220322060945559,0.1894691708946034,0.3748197215940073,0.20851713131781596,35.13695261579316,18.552827151175826,hold,35.54630998165486,18.991870857653183
DEMO_011,T01,47,4.7,train,synthetic_demo,0.32595209909137784,0.19693094294729346,0.4005547054447882,0.23464390377516214,35.54630998165486,18.991870857653183,hold,36.223587092621166,19.55152193061322
DEMO_011,T01,48,4.800000000000001,train,synthetic_demo,0.4042948994601372,0.2585651811101129,0.4372016787222432,0.2074340249606489,36.223587092621166,19.55152193061322,flexion,37.16136355893498,20.225648715786054
DEMO_011,T01,49,4.9,train,synthetic_demo,0.3453179012762547,0.2103250064772862,0.38162486655267636,0.2815872578642729,37.16136355893498,20.225648715786054,flexion,38.34936490538904,21.006865339043237
DEMO_011,T01,50,5.0,train,synthetic_demo,0.4399491477156197,0.19135308304795928,0.4168153821638992,0.28533440561930096,38.34936490538904,21.006865339043237,flexion,39.774575140626325,21.88661262758029
DEMO_011,T01,51,5.1000000000000005,train,synthetic_demo,0.43327260348217955,0.23189013004985704,0.4663712258638893,0.21823149193059294,39.774575140626325,21.88661262758029,flexion,41.421379363065135,22.855251886005014
DEMO_011,T01,52,5.2,train,synthetic_demo,0.4180191180927845,0.23219792517180854,0.4885982478470939,0.2146732561518611,41.421379363065135,22.855251886005014,flexion,43.27173484102855,23.902170499901345
DEMO_011,T01,53,5.300000000000001,train,synthetic_demo,0.5045665707082573,0.20565881079111015,0.5393847790499068,0.2681090905407675,43.27173484102855,23.902170499901345,flexion,45.30536869268816,25.01589820985361
DEMO_011,T01,54,5.4,train,synthetic_demo,0.5198458366768294,0.23154647488007435,0.5281973276937307,0.24838405715954817,45.30536869268816,25.01589820985361,flexion,47.499999999999986,26.184232782009072
DEMO_011,T01,55,5.5,train,synthetic_demo,0.4711986521003127,0.19791692241763406,0.5390266531123648,0.2668738850552582,47.499999999999986,26.184232782009072,flexion,49.831583923105,27.394373698305476
DEMO_011,T01,56,5.6000000000000005,train,synthetic_demo,0.5739300356085144,0.16776175499000173,0.5323519760299708,0.26171822561565583,49.831583923105,27.394373698305476,flexion,52.27457514062633,28.633062401625605
DEMO_011,T01,57,5.7,train,synthetic_demo,0.591142863062457,0.2800756479987752,0.47941245686354605,0.25974697187743784,52.27457514062633,28.633062401625605,flexion,54.802207729556045,29.886727559323603
DEMO_011,T01,58,5.800000000000001,train,synthetic_demo,0.5407716498789702,0.18559805465154242,0.5400790139856178,0.2979862987224433,54.802207729556045,29.886727559323603,flexion,57.38678841830866,31.141633753585417
DEMO_011,T02,0,0.0,train,synthetic_demo,0.5753779877218962,0.17733940968490247,0.5279481955457973,0.2382614699831085,60.0,32.384031969540736,flexion,62.61321158169134,33.600310232347006
DEMO_011,T02,1,0.1,train,synthetic_demo,0.6036981162249797,0.23771261410007594,0.5002608580299662,0.2361854678998905,62.61321158169134,33.600310232347006,flexion,65.19779227044398,34.77714274283433
DEMO_011,T02,2,0.2,train,synthetic_demo,0.5112944922956745,0.23504960162889837,0.4260971861128327,0.27708376017504566,65.19779227044398,34.77714274283433,flexion,67.72542485937369,35.901635877749776
DEMO_011,T02,3,0.30000000000000004,train,synthetic_demo,0.5043187498904639,0.1825510445924431,0.5018308644437725,0.23209720011871526,67.72542485937369,35.901635877749776,flexion,70.168416076895,36.96146945499189
DEMO_011,T02,4,0.4,train,synthetic_demo,0.4920646409657004,0.20389803490239844,0.5305792017264745,0.22586654036217357,70.168416076895,36.96146945499189,flexion,72.5,37.945031716103976
DEMO_011,T02,5,0.5,train,synthetic_demo,0.45081777151287195,0.26202191857633306,0.42112419040588617,0.2229261512051324,72.5,37.945031716103976,flexion,74.69463130731182,38.84154654712965
DEMO_011,T02,6,0.6000000000000001,train,synthetic_demo,0.5221725382814241,0.21781881480454277,0.45617414182088317,0.24821880734169238,74.69463130731182,38.84154654712965,flexion,76.72826515897145,39.64119154397241
DEMO_011,T02,7,0.7000000000000001,train,synthetic_demo,0.44550524837374017,0.23499263224634645,0.42060758222772865,0.18690663618061787,76.72826515897145,39.64119154397241,flexion,78.57862063693486,40.33520562871037
DEMO_011,T02,8,0.8,train,synthetic_demo,0.4538511592297008,0.20083847549117959,0.4206366493980661,0.24640147432302184,78.57862063693486,40.33520562871037,flexion,80.22542485937369,40.91598503779936
DEMO_011,T02,9,0.9,train,synthetic_demo,0.36904249692710817,0.16589758524510417,0.3956966817488954,0.21798914849461015,80.22542485937369,40.91598503779936,flexion,81.65063509461096,41.3771666304975
DEMO_011,T02,10,1.0,train,synthetic_demo,0.34281799976369576,0.2058224507130735,0.3656989954080693,0.26363764128348915,81.65063509461096,41.3771666304975,flexion,82.83863644106502,41.71369760476672
DEMO_011,T02,11,1.1,train,synthetic_demo,0.3268334736475256,0.2057267906669206,0.38837457555072463,0.1961260694241156,82.83863644106502,41.71369760476672,flexion,83.77641290737884,41.921890856829314
DEMO_011,T02,12,1.2000000000000002,train,synthetic_demo,0.27566210082138476,0.21431676520464238,0.31958308961325327,0.22763475929329552,83.77641290737884,41.921890856829314,flexion,84.45369001834514,41.99946537784843
DEMO_011,T02,13,1.3,train,synthetic_demo,0.26840607299123875,0.25982929039657976,0.2789858557332794,0.27722639106703356,84.45369001834514,41.99946537784843,hold,84.86304738420684,41.94557124513828
DEMO_011,T02,14,1.4000000000000001,train,synthetic_demo,0.17280553883861766,0.17658823849657723,0.2869598693405588,0.33923444464253794,84.86304738420684,41.94557124513828,hold,85.0,41.7607989340949
DEMO_011,T02,15,1.5,train,synthetic_demo,0.23509145137356774,0.2825370318242076,0.2585276017738787,0.3323212070651786,85.0,41.7607989340949,hold,84.86304738420684,41.44717284882418
DEMO_011,T02,16,1.6,train,synthetic_demo,0.16911848021721282,0.23325403071042733,0.2696473293757969,0.36522923672043045,84.86304738420684,41.44717284882418,hold,84.45369001834514,41.00812914234682
DEMO_011,T02,17,1.7000000000000002,train,synthetic_demo,0.18523881549499438,0.2988402969875075,0.30434045402199855,0.29887391563352084,84.45369001834514,41.00812914234682,hold,83.77641290737884,40.44847806938679
DEMO_011,T02,18,1.8,train,synthetic_demo,0.24536526561201458,0.3738283429721784,0.27087822475283785,0.4397478751653259,83.77641290737884,40.44847806938679,extension,82.83863644106502,39.77435128421395
DEMO_011,T02,19,1.9000000000000001,train,synthetic_demo,0.16672663762752798,0.3784651963096267,0.2997079707101881,0.4030476435085786,82.83863644106502,39.77435128421395,extension,81.65063509461098,38.99313466095676
DEMO_011,T02,20,2.0,train,synthetic_demo,0.15991861727992404,0.3917150070332449,0.2164969825246279,0.4472376618601356,81.65063509461098,38.99313466095676,extension,80.22542485937369,38.113387372419716
DEMO_011,T02,21,2.1,train,synthetic_demo,0.2418587588058812,0.4086920399010143,0.28782683961229666,0.35982482963943296,80.22542485937369,38.113387372419716,extension,78.57862063693486,37.14474811399498
DEMO_011,T02,22,2.2,train,synthetic_demo,0.15198738015188495,0.4729403217844888,0.2505616536280433,0.4226038628973473,78.57862063693486,37.14474811399498,extension,76.72826515897145,36.097829500098655
DEMO_011,T02,23,2.3000000000000003,train,synthetic_demo,0.20152408086848544,0.4580925899397463,0.2262913549363141,0.4859557008356564,76.72826515897145,36.097829500098655,extension,74.69463130731182,34.98410179014638
DEMO_011,T02,24,2.4000000000000004,train,synthetic_demo,0.14750879482283402,0.613128242319909,0.23788107190514296,0.4573627475774278,74.69463130731182,34.98410179014638,extension,72.5,33.815767217990924
DEMO_011,T02,25,2.5,train,synthetic_demo,0.19700295544832225,0.5757365466048379,0.2345898159963148,0.41943507879218056,72.5,33.815767217990924,extension,70.16841607689501,32.60562630169453
DEMO_011,T02,26,2.6,train,synthetic_demo,0.17914468545693796,0.6050102724775362,0.2554837847387939,0.48932449775012155,70.16841607689501,32.60562630169453,extension,67.72542485937369,31.366937598374406
DEMO_011,T02,27,2.7,train,synthetic_demo,0.21047124861204727,0.5912449053089438,0.25149375193995593,0.535362516314551,67.72542485937369,31.366937598374406,extension,65.19779227044398,30.11327244067641
DEMO_011,T02,28,2.8000000000000003,train,synthetic_demo,0.17079095051733933,0.6109965566007834,0.2397559098863381,0.49276314609688737,65.19779227044398,30.11327244067641,extension,62.613211581691324,28.85836624641458
DEMO_011,T02,29,2.9000000000000004,train,synthetic_demo,0.2617201152764878,0.636006671083942,0.27879092480245476,0.4863010579343603,62.613211581691324,28.85836624641458,extension,60.0,27.615968030459264
DEMO_011,T02,30,3.0,train,synthetic_demo,0.2598628260087444,0.6337156080302094,0.26943345049285183,0.4591159766846942,60.0,27.615968030459264,extension,57.38678841830866,26.39968976765299
DEMO_011,T02,31,3.1,train,synthetic_demo,0.16472719926859675,0.6171148554649358,0.25741657036340576,0.498865619026953,57.38678841830866,26.39968976765299,extension,54.802207729556024,25.22285725716567
DEMO_011,T02,32,3.2,train,synthetic_demo,0.17763082744511552,0.5799848267477237,0.2749016700572306,0.5003015636821838,54.802207729556024,25.22285725716567,extension,52.27457514062632,24.098364122250224
DEMO_011,T02,33,3.3000000000000003,train,synthetic_demo,0.17897275381310282,0.587240203435014,0.27155128758325364,0.445492321028625,52.27457514062632,24.098364122250224,extension,49.831583923104986,23.038530545008104
DEMO_011,T02,34,3.4000000000000004,train,synthetic_demo,0.20686077973623002,0.6427224361891659,0.34768581673782833,0.3791711210281513,49.831583923104986,23.038530545008104,extension,47.50000000000001,22.054968283896024
DEMO_011,T02,35,3.5,train,synthetic_demo,0.2063508404017056,0.5495686350762401,0.31147265437662314,0.43684039505690625,47.50000000000001,22.054968283896024,extension,45.30536869268818,21.158453452870347
DEMO_011,T02,36,3.6,train,synthetic_demo,0.17929814772653382,0.5772454744837212,0.2912100919207893,0.3611276156818094,45.30536869268818,21.158453452870347,extension,43.27173484102855,20.35880845602759
DEMO_011,T02,37,3.7,train,synthetic_demo,0.16328832823799452,0.5359329941152701,0.26561139150380086,0.3576270863322183,43.27173484102855,20.35880845602759,extension,41.42137936306515,19.66479437128963
DEMO_011,T02,38,3.8000000000000003,train,synthetic_demo,0.20902019118152088,0.537854993727984,0.27035518630430183,0.3742232656111791,41.42137936306515,19.66479437128963,extension,39.774575140626304,19.084014962200634
DEMO_011,T02,39,3.9000000000000004,train,synthetic_demo,0.2634322866651957,0.44599725432320786,0.32017440768802097,0.3529622488361148,39.774575140626304,19.084014962200634,extension,38.34936490538904,18.6228333695025
DEMO_011,T02,40,4.0,train,synthetic_demo,0.19861543509622442,0.3846932081603576,0.21444902545340905,0.3277826550391537,38.34936490538904,18.6228333695025,extension,37.16136355893498,18.286302395233275
DEMO_011,T02,41,4.1000000000000005,train,synthetic_demo,0.21254915859918413,0.33980820204900225,0.2486225712224963,0.29401746848437593,37.16136355893498,18.286302395233275,extension,36.22358709262116,18.078109143170686
DEMO_011,T02,42,4.2,train,synthetic_demo,0.14337427188476737,0.317632983221624,0.1992284836817825,0.2602060152790133,36.22358709262116,18.078109143170686,extension,35.54630998165486,18.00053462215157
DEMO_011,T02,43,4.3,train,synthetic_demo,0.2010408416935503,0.33749302673503284,0.20117365476045437,0.21570610713312074,35.54630998165486,18.00053462215157,hold,35.13695261579316,18.05442875486172
DEMO_011,T02,44,4.4,train,synthetic_demo,0.2258553215350919,0.2765543288741834,0.28043605403723354,0.31296247489614387,35.13695261579316,18.05442875486172,hold,35.0,18.2392010659051
DEMO_011,T02,45,4.5,train,synthetic_demo,0.1825300418228283,0.24735772380737409,0.35132520623435853,0.18764970312204365,35.0,18.2392010659051,hold,35.13695261579316,18.552827151175826
DEMO_011,T02,46,4.6000000000000005,train,synthetic_demo,0.2565960919596088,0.2301952079081272,0.3037182279508001,0.3064110338110689,35.13695261579316,18.552827151175826,hold,35.54630998165486,18.991870857653183
DEMO_011,T02,47,4.7,train,synthetic_demo,0.26964282687388863,0.27749406306024077,0.32285098475467244,0.22241482482042058,35.54630998165486,18.991870857653183,hold,36.223587092621166,19.55152193061322
DEMO_011,T02,48,4.800000000000001,train,synthetic_demo,0.3343488191802741,0.2028650683642338,0.44064772643638817,0.23126420220108648,36.223587092621166,19.55152193061322,flexion,37.16136355893498,20.225648715786054
DEMO_011,T02,49,4.9,train,synthetic_demo,0.27470364087196286,0.25680507280366965,0.412277493245646,0.2481483387522801,37.16136355893498,20.225648715786054,flexion,38.34936490538904,21.006865339043237
DEMO_011,T02,50,5.0,train,synthetic_demo,0.3724738724209476,0.24295796873914488,0.4684053344901951,0.14613317973241235,38.34936490538904,21.006865339043237,flexion,39.774575140626325,21.88661262758029
DEMO_011,T02,51,5.1000000000000005,train,synthetic_demo,0.42826075957436643,0.153781465405401,0.4678998580428773,0.240751908686905,39.774575140626325,21.88661262758029,flexion,41.421379363065135,22.855251886005014
DEMO_011,T02,52,5.2,train,synthetic_demo,0.4642947069379829,0.14935829504179501,0.4723862745452016,0.3143023520513953,41.421379363065135,22.855251886005014,flexion,43.27173484102855,23.902170499901345
DEMO_011,T02,53,5.300000000000001,train,synthetic_demo,0.5474552905042446,0.16604062155519972,0.47424053948054645,0.19927923344378484,43.27173484102855,23.902170499901345,flexion,45.30536869268816,25.01589820985361
DEMO_011,T02,54,5.4,train,synthetic_demo,0.48268055802641235,0.2539638007010193,0.5427420411639351,0.2186984879876037,45.30536869268816,25.01589820985361,flexion,47.499999999999986,26.184232782009072
DEMO_011,T02,55,5.5,train,synthetic_demo,0.48661273489745704,0.1600068803145333,0.49230767434017303,0.26876432548617446,47.499999999999986,26.184232782009072,flexion,49.831583923105,27.394373698305476
DEMO_011,T02,56,5.6000000000000005,train,synthetic_demo,0.5383698523559824,0.24944503875341462,0.5556373972498816,0.28213804707560464,49.831583923105,27.394373698305476,flexion,52.27457514062633,28.633062401625605
DEMO_011,T02,57,5.7,train,synthetic_demo,0.5732939672617273,0.18431792518577617,0.5537499789125286,0.20630078235956748,52.27457514062633,28.633062401625605,flexion,54.802207729556045,29.886727559323603
DEMO_011,T02,58,5.800000000000001,train,synthetic_demo,0.4771297756150921,0.15259747431595388,0.525343470825523,0.27402356584838816,54.802207729556045,29.886727559323603,flexion,57.38678841830866,31.141633753585417
DEMO_011,T03,0,0.0,train,synthetic_demo,0.5709570054394766,0.20476412832320678,0.5009301916238416,0.2141133089012879,60.0,32.384031969540736,flexion,62.61321158169134,33.600310232347006
DEMO_011,T03,1,0.1,train,synthetic_demo,0.5652543715874112,0.26606859114307535,0.5846564590026853,0.18475808278447087,62.61321158169134,33.600310232347006,flexion,65.19779227044398,34.77714274283433
DEMO_011,T03,2,0.2,train,synthetic_demo,0.5649263344536882,0.28405659757378143,0.4472698590777249,0.25125712723682136,65.19779227044398,34.77714274283433,flexion,67.72542485937369,35.901635877749776
DEMO_011,T03,3,0.30000000000000004,train,synthetic_demo,0.6037119602292863,0.2588860801636169,0.550781311871305,0.252409622046382,67.72542485937369,35.901635877749776,flexion,70.168416076895,36.96146945499189
DEMO_011,T03,4,0.4,train,synthetic_demo,0.5396460994897861,0.2794579569605925,0.49488925524756655,0.2846670211893391,70.168416076895,36.96146945499189,flexion,72.5,37.945031716103976
DEMO_011,T03,5,0.5,train,synthetic_demo,0.5613584891425103,0.20195786953018707,0.48978336932672034,0.2926679115307662,72.5,37.945031716103976,flexion,74.69463130731182,38.84154654712965
DEMO_011,T03,6,0.6000000000000001,train,synthetic_demo,0.5224290054396642,0.23485689121758319,0.4854848898675844,0.299997632093722,74.69463130731182,38.84154654712965,flexion,76.72826515897145,39.64119154397241
DEMO_011,T03,7,0.7000000000000001,train,synthetic_demo,0.5007945709551145,0.23454089071767598,0.4086776679759822,0.254402892849633,76.72826515897145,39.64119154397241,flexion,78.57862063693486,40.33520562871037
DEMO_011,T03,8,0.8,train,synthetic_demo,0.48417364549980413,0.2170166607807647,0.40838311815841716,0.2703806170165483,78.57862063693486,40.33520562871037,flexion,80.22542485937369,40.91598503779936
DEMO_011,T03,9,0.9,train,synthetic_demo,0.3646329149052619,0.19032527908969313,0.38596490168097225,0.3072540205614783,80.22542485937369,40.91598503779936,flexion,81.65063509461096,41.3771666304975
DEMO_011,T03,10,1.0,train,synthetic_demo,0.38181035290039816,0.26823271300677354,0.37029862680710707,0.2526311020230063,81.65063509461096,41.3771666304975,flexion,82.83863644106502,41.71369760476672
DEMO_011,T03,11,1.1,train,synthetic_demo,0.3639757021185038,0.2228892560010617,0.32732225071137616,0.2459620175634684,82.83863644106502,41.71369760476672,flexion,83.77641290737884,41.921890856829314
DEMO_011,T03,12,1.2000000000000002,train,synthetic_demo,0.2882507432473621,0.26357583928949657,0.29071989192701486,0.22089433013840942,83.77641290737884,41.921890856829314,flexion,84.45369001834514,41.99946537784843
DEMO_011,T03,13,1.3,train,synthetic_demo,0.24966394074650244,0.23037291064143148,0.2814222282204726,0.24205189892275059,84.45369001834514,41.99946537784843,hold,84.86304738420684,41.94557124513828
DEMO_011,T03,14,1.4000000000000001,train,synthetic_demo,0.19696303769354098,0.233663103198726,0.23442021371809965,0.2888922185330206,84.86304738420684,41.94557124513828,hold,85.0,41.7607989340949
DEMO_011,T03,15,1.5,train,synthetic_demo,0.13245868377072456,0.2552313747552268,0.28494591329433583,0.2859117860916455,85.0,41.7607989340949,hold,84.86304738420684,41.44717284882418
DEMO_011,T03,16,1.6,train,synthetic_demo,0.18613291785307048,0.24147133261438264,0.2903140077870607,0.31785804417124225,84.86304738420684,41.44717284882418,hold,84.45369001834514,41.00812914234682
DEMO_011,T03,17,1.7000000000000002,train,synthetic_demo,0.2540667800796613,0.28458645943563915,0.2975206965555892,0.3982737948811037,84.45369001834514,41.00812914234682,hold,83.77641290737884,40.44847806938679
DEMO_011,T03,18,1.8,train,synthetic_demo,0.18685284093893814,0.3584193217559354,0.2338319226518299,0.2978612962701772,83.77641290737884,40.44847806938679,extension,82.83863644106502,39.77435128421395
DEMO_011,T03,19,1.9000000000000001,train,synthetic_demo,0.21224282176548412,0.38313553997103844,0.28532090019337186,0.3538429382584541,82.83863644106502,39.77435128421395,extension,81.65063509461098,38.99313466095676
DEMO_011,T03,20,2.0,train,synthetic_demo,0.2093499021478383,0.3615175303841199,0.24884588503282518,0.45505160838341796,81.65063509461098,38.99313466095676,extension,80.22542485937369,38.113387372419716
DEMO_011,T03,21,2.1,train,synthetic_demo,0.15282583665167757,0.47180789583525773,0.22266605231435968,0.44316234047725844,80.22542485937369,38.113387372419716,extension,78.57862063693486,37.14474811399498
DEMO_011,T03,22,2.2,train,synthetic_demo,0.1673414432142862,0.4370386908054601,0.20581168238584557,0.4589144958835999,78.57862063693486,37.14474811399498,extension,76.72826515897145,36.097829500098655
DEMO_011,T03,23,2.3000000000000003,train,synthetic_demo,0.1427696599527885,0.5123205437721554,0.25981029514997145,0.3917531087897596,76.72826515897145,36.097829500098655,extension,74.69463130731182,34.98410179014638
DEMO_011,T03,24,2.4000000000000004,train,synthetic_demo,0.1881665827925454,0.495981291001625,0.2798606043103022,0.4779639729348475,74.69463130731182,34.98410179014638,extension,72.5,33.815767217990924
DEMO_011,T03,25,2.5,train,synthetic_demo,0.2506305631299356,0.5650831324810932,0.2701131596199055,0.4977385740186904,72.5,33.815767217990924,extension,70.16841607689501,32.60562630169453
DEMO_011,T03,26,2.6,train,synthetic_demo,0.21157341260605805,0.565668781338501,0.2861840698181778,0.49765194774609134,70.16841607689501,32.60562630169453,extension,67.72542485937369,31.366937598374406
DEMO_011,T03,27,2.7,train,synthetic_demo,0.21846331620535403,0.5454109633764586,0.2641884070434815,0.5235941371270719,67.72542485937369,31.366937598374406,extension,65.19779227044398,30.11327244067641
DEMO_011,T03,28,2.8000000000000003,train,synthetic_demo,0.22238762315223393,0.6220063562006409,0.2906205962870918,0.5078258714346138,65.19779227044398,30.11327244067641,extension,62.613211581691324,28.85836624641458
DEMO_011,T03,29,2.9000000000000004,train,synthetic_demo,0.23643765065615344,0.5751294087682541,0.2923368963037063,0.5015785405221782,62.613211581691324,28.85836624641458,extension,60.0,27.615968030459264
DEMO_011,T03,30,3.0,train,synthetic_demo,0.1921619372424217,0.6137980846010016,0.2755405792004281,0.4480682010808493,60.0,27.615968030459264,extension,57.38678841830866,26.39968976765299
DEMO_011,T03,31,3.1,train,synthetic_demo,0.17042557807668884,0.6367825923970595,0.23906277033107576,0.5145883363594822,57.38678841830866,26.39968976765299,extension,54.802207729556024,25.22285725716567
DEMO_011,T03,32,3.2,train,synthetic_demo,0.22681361442519374,0.6159097796652075,0.27263189586305464,0.5242777765249682,54.802207729556024,25.22285725716567,extension,52.27457514062632,24.098364122250224
DEMO_011,T03,33,3.3000000000000003,train,synthetic_demo,0.21905183848255758,0.6303539273020083,0.3006228172039126,0.45943800246097943,52.27457514062632,24.098364122250224,extension,49.831583923104986,23.038530545008104
DEMO_011,T03,34,3.4000000000000004,train,synthetic_demo,0.19412975262260185,0.5718231474300561,0.28628120268248486,0.4154169162734658,49.831583923104986,23.038530545008104,extension,47.50000000000001,22.054968283896024
DEMO_011,T03,35,3.5,train,synthetic_demo,0.146802887466776,0.5514940743835001,0.2184539015859388,0.4093845731856422,47.50000000000001,22.054968283896024,extension,45.30536869268818,21.158453452870347
DEMO_011,T03,36,3.6,train,synthetic_demo,0.211862631743936,0.5451976425132905,0.3184315017004235,0.37636730381765815,45.30536869268818,21.158453452870347,extension,43.27173484102855,20.35880845602759
DEMO_011,T03,37,3.7,train,synthetic_demo,0.1443112433973849,0.5314025741058481,0.2197728860194336,0.4130831336942246,43.27173484102855,20.35880845602759,extension,41.42137936306515,19.66479437128963
DEMO_011,T03,38,3.8000000000000003,train,synthetic_demo,0.14192308612020177,0.44333945195143537,0.2907287530082135,0.32141088868672496,41.42137936306515,19.66479437128963,extension,39.774575140626304,19.084014962200634
DEMO_011,T03,39,3.9000000000000004,train,synthetic_demo,0.19732089207291087,0.45817015908484227,0.22160164713203198,0.36259551291601444,39.774575140626304,19.084014962200634,extension,38.34936490538904,18.6228333695025
DEMO_011,T03,40,4.0,train,synthetic_demo,0.23703610642302103,0.4060043932818101,0.259765681461,0.3659400965856971,38.34936490538904,18.6228333695025,extension,37.16136355893498,18.286302395233275
DEMO_011,T03,41,4.1000000000000005,train,synthetic_demo,0.1544976302056827,0.39849736214910847,0.2654732013070633,0.3201189370768971,37.16136355893498,18.286302395233275,extension,36.22358709262116,18.078109143170686
DEMO_011,T03,42,4.2,train,synthetic_demo,0.19842837519753262,0.29827345811635797,0.28218665812081073,0.2891986655504185,36.22358709262116,18.078109143170686,extension,35.54630998165486,18.00053462215157
DEMO_011,T03,43,4.3,train,synthetic_demo,0.18146512044794674,0.24256985273970838,0.27455721356877955,0.26044006213262194,35.54630998165486,18.00053462215157,hold,35.13695261579316,18.05442875486172
DEMO_011,T03,44,4.4,train,synthetic_demo,0.14344531341860453,0.2172105433009553,0.21147737094211233,0.2574366296832497,35.13695261579316,18.05442875486172,hold,35.0,18.2392010659051
DEMO_011,T03,45,4.5,train,synthetic_demo,0.20745711285619628,0.19750496226427786,0.34202963130955794,0.31912008553946764,35.0,18.2392010659051,hold,35.13695261579316,18.552827151175826
DEMO_011,T03,46,4.6000000000000005,train,synthetic_demo,0.21841791426915882,0.18187778031117458,0.38782657279355137,0.18035332107546523,35.13695261579316,18.552827151175826,hold,35.54630998165486,18.991870857653183
DEMO_011,T03,47,4.7,train,synthetic_demo,0.19802539750817108,0.24665590680421068,0.3672683627762889,0.20205309619462383,35.54630998165486,18.991870857653183,hold,36.223587092621166,19.55152193061322
DEMO_011,T03,48,4.800000000000001,train,synthetic_demo,0.29450502516925087,0.21380660794474218,0.3894579060282949,0.26157179756870985,36.223587092621166,19.55152193061322,flexion,37.16136355893498,20.225648715786054
DEMO_011,T03,49,4.9,train,synthetic_demo,0.32991294246681246,0.15369563560095106,0.3658650951198373,0.2840226031032721,37.16136355893498,20.225648715786054,flexion,38.34936490538904,21.006865339043237
DEMO_011,T03,50,5.0,train,synthetic_demo,0.3588602815567099,0.1952458691760854,0.3524075223888933,0.19712673572571063,38.34936490538904,21.006865339043237,flexion,39.774575140626325,21.88661262758029
DEMO_011,T03,51,5.1000000000000005,train,synthetic_demo,0.41585889930494513,0.1942017160530033,0.4655384017982721,0.2613334347235053,39.774575140626325,21.88661262758029,flexion,41.421379363065135,22.855251886005014
DEMO_011,T03,52,5.2,train,synthetic_demo,0.4256780939563221,0.3039663818545988,0.46459791355973057,0.2708233507286939,41.421379363065135,22.855251886005014,flexion,43.27173484102855,23.902170499901345
DEMO_011,T03,53,5.300000000000001,train,synthetic_demo,0.48233671303926257,0.2789041529350399,0.4843054511650417,0.22603138107686338,43.27173484102855,23.902170499901345,flexion,45.30536869268816,25.01589820985361
DEMO_011,T03,54,5.4,train,synthetic_demo,0.4737020151282856,0.23032575580944784,0.5297775511256967,0.22076872161845826,45.30536869268816,25.01589820985361,flexion,47.499999999999986,26.184232782009072
DEMO_011,T03,55,5.5,train,synthetic_demo,0.5227655970114844,0.15990636645763837,0.5733308468857512,0.2871629548461484,47.499999999999986,26.184232782009072,flexion,49.831583923105,27.394373698305476
DEMO_011,T03,56,5.6000000000000005,train,synthetic_demo,0.5600413482081149,0.21230941850320875,0.5048185937328104,0.26516985423553824,49.831583923105,27.394373698305476,flexion,52.27457514062633,28.633062401625605
DEMO_011,T03,57,5.7,train,synthetic_demo,0.5203142084357844,0.16454475669680985,0.5490016815322376,0.2532981824441786,52.27457514062633,28.633062401625605,flexion,54.802207729556045,29.886727559323603
DEMO_011,T03,58,5.800000000000001,train,synthetic_demo,0.6049874714435427,0.18851637467302074,0.5655189082239817,0.22561008365688714,54.802207729556045,29.886727559323603,flexion,57.38678841830866,31.141633753585417
DEMO_012,T01,0,0.0,train,synthetic_demo,0.860512790889842,0.2730345700832464,0.40373681385298493,0.225537351397177,60.0,32.384031969540736,flexion,62.61321158169134,33.600310232347006
DEMO_012,T01,1,0.1,train,synthetic_demo,0.816572725714684,0.30462395833446554,0.43962525614776554,0.32452091202948646,62.61321158169134,33.600310232347006,flexion,65.19779227044398,34.77714274283433
DEMO_012,T01,2,0.2,train,synthetic_demo,0.8085166674701868,0.2992689390620377,0.42059500138213163,0.29798586719389286,65.19779227044398,34.77714274283433,flexion,67.72542485937369,35.901635877749776
DEMO_012,T01,3,0.30000000000000004,train,synthetic_demo,0.8477669411527836,0.3055154877036456,0.3697620504519435,0.30792567530211873,67.72542485937369,35.901635877749776,flexion,70.168416076895,36.96146945499189
DEMO_012,T01,4,0.4,train,synthetic_demo,0.7174351566207593,0.25468370767166176,0.3767823536198995,0.2842673432113719,70.168416076895,36.96146945499189,flexion,72.5,37.945031716103976
DEMO_012,T01,5,0.5,train,synthetic_demo,0.7998260146086779,0.30117574009051296,0.3643027271941512,0.31375344460827603,72.5,37.945031716103976,flexion,74.69463130731182,38.84154654712965
DEMO_012,T01,6,0.6000000000000001,train,synthetic_demo,0.7453385157737162,0.319841465262794,0.3927805724899076,0.3142034258222942,74.69463130731182,38.84154654712965,flexion,76.72826515897145,39.64119154397241
DEMO_012,T01,7,0.7000000000000001,train,synthetic_demo,0.6895880159674507,0.2795262582048228,0.2934542833320663,0.31312177064333596,76.72826515897145,39.64119154397241,flexion,78.57862063693486,40.33520562871037
DEMO_012,T01,8,0.8,train,synthetic_demo,0.6549667444692002,0.32863676350734333,0.31610551805972525,0.3027046145403375,78.57862063693486,40.33520562871037,flexion,80.22542485937369,40.91598503779936
DEMO_012,T01,9,0.9,train,synthetic_demo,0.6119487273921734,0.24640371977115538,0.2895536723390324,0.21495356285724354,80.22542485937369,40.91598503779936,flexion,81.65063509461096,41.3771666304975
DEMO_012,T01,10,1.0,train,synthetic_demo,0.5624703364454167,0.40368730695875016,0.31923938700998533,0.33595662654479996,81.65063509461096,41.3771666304975,flexion,82.83863644106502,41.71369760476672
DEMO_012,T01,11,1.1,train,synthetic_demo,0.5024621470076867,0.26992954329276325,0.24480803510089172,0.31316914027122916,82.83863644106502,41.71369760476672,flexion,83.77641290737884,41.921890856829314
DEMO_012,T01,12,1.2000000000000002,train,synthetic_demo,0.42183134600685146,0.38146274696311244,0.21895649934786984,0.27787755913698386,83.77641290737884,41.921890856829314,flexion,84.45369001834514,41.99946537784843
DEMO_012,T01,13,1.3,train,synthetic_demo,0.4482605003442351,0.31331922313480787,0.24539827714598303,0.2105069214687052,84.45369001834514,41.99946537784843,hold,84.86304738420684,41.94557124513828
DEMO_012,T01,14,1.4000000000000001,train,synthetic_demo,0.3394493382202249,0.2944239898031406,0.21350559837805455,0.3755295993198843,84.86304738420684,41.94557124513828,hold,85.0,41.7607989340949
DEMO_012,T01,15,1.5,train,synthetic_demo,0.27282428606923087,0.30759047254242444,0.2730990833145094,0.2696306982129417,85.0,41.7607989340949,hold,84.86304738420684,41.44717284882418
DEMO_012,T01,16,1.6,train,synthetic_demo,0.24604413516447732,0.34063334620115004,0.18081383800943296,0.3317747189715935,84.86304738420684,41.44717284882418,hold,84.45369001834514,41.00812914234682
DEMO_012,T01,17,1.7000000000000002,train,synthetic_demo,0.3034410240718468,0.4601596212281852,0.16817661539722945,0.4418666589695891,84.45369001834514,41.00812914234682,hold,83.77641290737884,40.44847806938679
DEMO_012,T01,18,1.8,train,synthetic_demo,0.26024699070228463,0.44399934413523545,0.2486023938637324,0.4522024196106674,83.77641290737884,40.44847806938679,extension,82.83863644106502,39.77435128421395
DEMO_012,T01,19,1.9000000000000001,train,synthetic_demo,0.2959520144789612,0.5147772925820295,0.20973395482509713,0.41047089475138504,82.83863644106502,39.77435128421395,extension,81.65063509461098,38.99313466095676
DEMO_012,T01,20,2.0,train,synthetic_demo,0.3378697135033231,0.5855379282542718,0.14801208209624894,0.5134300263343272,81.65063509461098,38.99313466095676,extension,80.22542485937369,38.113387372419716
DEMO_012,T01,21,2.1,train,synthetic_demo,0.24764998047148867,0.6359937901075796,0.16516459141395637,0.5696090728723492,80.22542485937369,38.113387372419716,extension,78.57862063693486,37.14474811399498
DEMO_012,T01,22,2.2,train,synthetic_demo,0.3381424741779184,0.691314183366254,0.23593580093637806,0.473631956177501,78.57862063693486,37.14474811399498,extension,76.72826515897145,36.097829500098655
DEMO_012,T01,23,2.3000000000000003,train,synthetic_demo,0.2569209499233859,0.7433761509635071,0.2302830818309271,0.5509535660853775,76.72826515897145,36.097829500098655,extension,74.69463130731182,34.98410179014638
DEMO_012,T01,24,2.4000000000000004,train,synthetic_demo,0.2659541271573012,0.7132888755690928,0.19987042774158892,0.5668291239197637,74.69463130731182,34.98410179014638,extension,72.5,33.815767217990924
DEMO_012,T01,25,2.5,train,synthetic_demo,0.33741645335211984,0.833356965696981,0.21276457850056912,0.5699589461711452,72.5,33.815767217990924,extension,70.16841607689501,32.60562630169453
DEMO_012,T01,26,2.6,train,synthetic_demo,0.2694313521303644,0.7143387131239793,0.2353308507937333,0.5093391361706008,70.16841607689501,32.60562630169453,extension,67.72542485937369,31.366937598374406
DEMO_012,T01,27,2.7,train,synthetic_demo,0.2775730903431175,0.8101711560668082,0.23114107657283517,0.5690103020216135,67.72542485937369,31.366937598374406,extension,65.19779227044398,30.11327244067641
DEMO_012,T01,28,2.8000000000000003,train,synthetic_demo,0.3272744114836297,0.8583637065799755,0.192262652499314,0.5359088593663328,65.19779227044398,30.11327244067641,extension,62.613211581691324,28.85836624641458
DEMO_012,T01,29,2.9000000000000004,train,synthetic_demo,0.3096651391372062,0.8382244760428003,0.2199731584009194,0.5923399674475293,62.613211581691324,28.85836624641458,extension,60.0,27.615968030459264
DEMO_012,T01,30,3.0,train,synthetic_demo,0.23761803866814935,0.8218091574039361,0.2702674188758871,0.5513302389980268,60.0,27.615968030459264,extension,57.38678841830866,26.39968976765299
DEMO_012,T01,31,3.1,train,synthetic_demo,0.3120581031450265,0.805984426810488,0.24999945549653715,0.5656722807781855,57.38678841830866,26.39968976765299,extension,54.802207729556024,25.22285725716567
DEMO_012,T01,32,3.2,train,synthetic_demo,0.2624418528990786,0.8797910365059882,0.12190282118624549,0.517357557345774,54.802207729556024,25.22285725716567,extension,52.27457514062632,24.098364122250224
DEMO_012,T01,33,3.3000000000000003,train,synthetic_demo,0.3262186338523825,0.7690161720756358,0.16722338142136747,0.48673152872277337,52.27457514062632,24.098364122250224,extension,49.831583923104986,23.038530545008104
DEMO_012,T01,34,3.4000000000000004,train,synthetic_demo,0.2761882031262328,0.7894575121334501,0.1644861837740937,0.5349083986386336,49.831583923104986,23.038530545008104,extension,47.50000000000001,22.054968283896024
DEMO_012,T01,35,3.5,train,synthetic_demo,0.31165730396902286,0.7838411466516106,0.1730694427771592,0.5160228804887241,47.50000000000001,22.054968283896024,extension,45.30536869268818,21.158453452870347
DEMO_012,T01,36,3.6,train,synthetic_demo,0.26089466601957734,0.7271338869775169,0.2191371511303528,0.5424634123211458,45.30536869268818,21.158453452870347,extension,43.27173484102855,20.35880845602759
DEMO_012,T01,37,3.7,train,synthetic_demo,0.3344557481349382,0.7216579391077892,0.26499831698272536,0.4260732303660257,43.27173484102855,20.35880845602759,extension,41.42137936306515,19.66479437128963
DEMO_012,T01,38,3.8000000000000003,train,synthetic_demo,0.2690418072985043,0.6583122859652748,0.24993581605682874,0.45527557940175445,41.42137936306515,19.66479437128963,extension,39.774575140626304,19.084014962200634
DEMO_012,T01,39,3.9000000000000004,train,synthetic_demo,0.3042479216204845,0.6672478938395541,0.23052116597912417,0.41175838105441903,39.774575140626304,19.084014962200634,extension,38.34936490538904,18.6228333695025
DEMO_012,T01,40,4.0,train,synthetic_demo,0.2825291457728066,0.5981159310558742,0.1791458928235014,0.4017124136903,38.34936490538904,18.6228333695025,extension,37.16136355893498,18.286302395233275
DEMO_012,T01,41,4.1000000000000005,train,synthetic_demo,0.32082841133045215,0.5259242326323816,0.25586245496867444,0.4133110695617927,37.16136355893498,18.286302395233275,extension,36.22358709262116,18.078109143170686
DEMO_012,T01,42,4.2,train,synthetic_demo,0.2639037343304584,0.486735899923915,0.1875839765215444,0.3344455754756702,36.22358709262116,18.078109143170686,extension,35.54630998165486,18.00053462215157
DEMO_012,T01,43,4.3,train,synthetic_demo,0.2834403669049207,0.39132912229242806,0.20394222150769858,0.3119995115548858,35.54630998165486,18.00053462215157,hold,35.13695261579316,18.05442875486172
DEMO_012,T01,44,4.4,train,synthetic_demo,0.3017905993973443,0.3500377663491793,0.27654786116259156,0.3292421604743463,35.13695261579316,18.05442875486172,hold,35.0,18.2392010659051
DEMO_012,T01,45,4.5,train,synthetic_demo,0.3020916780850596,0.24677213796627612,0.17121533130969546,0.2769956527161163,35.0,18.2392010659051,hold,35.13695261579316,18.552827151175826
DEMO_012,T01,46,4.6000000000000005,train,synthetic_demo,0.37421734210007224,0.260573327360645,0.320447586909989,0.25672760643953935,35.13695261579316,18.552827151175826,hold,35.54630998165486,18.991870857653183
DEMO_012,T01,47,4.7,train,synthetic_demo,0.4547652786542388,0.3441190166764302,0.3272025519183866,0.26123009494561233,35.54630998165486,18.991870857653183,hold,36.223587092621166,19.55152193061322
DEMO_012,T01,48,4.800000000000001,train,synthetic_demo,0.5165289189766107,0.2936204347861142,0.31289075679121314,0.28938085595797086,36.223587092621166,19.55152193061322,flexion,37.16136355893498,20.225648715786054
DEMO_012,T01,49,4.9,train,synthetic_demo,0.46281417050062046,0.32480141416446817,0.37999825603932014,0.32063740782478123,37.16136355893498,20.225648715786054,flexion,38.34936490538904,21.006865339043237
DEMO_012,T01,50,5.0,train,synthetic_demo,0.5513873937957832,0.27568343772457815,0.33537426544016097,0.3415564465082638,38.34936490538904,21.006865339043237,flexion,39.774575140626325,21.88661262758029
DEMO_012,T01,51,5.1000000000000005,train,synthetic_demo,0.6459752891407293,0.29259650713178875,0.3513136939916789,0.24441228326330808,39.774575140626325,21.88661262758029,flexion,41.421379363065135,22.855251886005014
DEMO_012,T01,52,5.2,train,synthetic_demo,0.6401242902765285,0.2796520391084538,0.43142946615917505,0.23081570106364724,41.421379363065135,22.855251886005014,flexion,43.27173484102855,23.902170499901345
DEMO_012,T01,53,5.300000000000001,train,synthetic_demo,0.6896699143261136,0.3544989213024166,0.39752676898542866,0.27677990172889455,43.27173484102855,23.902170499901345,flexion,45.30536869268816,25.01589820985361
DEMO_012,T01,54,5.4,train,synthetic_demo,0.6643250159982053,0.33244459074572513,0.40142541512350227,0.26222666757691043,45.30536869268816,25.01589820985361,flexion,47.499999999999986,26.184232782009072
DEMO_012,T01,55,5.5,train,synthetic_demo,0.7859609995077279,0.2959247402168435,0.36397288270056627,0.3030669129180666,47.499999999999986,26.184232782009072,flexion,49.831583923105,27.394373698305476
DEMO_012,T01,56,5.6000000000000005,train,synthetic_demo,0.8143118482665845,0.27573008301155555,0.4848216677551626,0.24947525099568305,49.831583923105,27.394373698305476,flexion,52.27457514062633,28.633062401625605
DEMO_012,T01,57,5.7,train,synthetic_demo,0.872792213417681,0.2856114887528299,0.49902365671803833,0.2948517496306587,52.27457514062633,28.633062401625605,flexion,54.802207729556045,29.886727559323603
DEMO_012,T01,58,5.800000000000001,train,synthetic_demo,0.8091008681690693,0.2661923314790096,0.409752042725874,0.23738524304871744,54.802207729556045,29.886727559323603,flexion,57.38678841830866,31.141633753585417
DEMO_012,T02,0,0.0,train,synthetic_demo,0.821056123994036,0.30331826784223315,0.4255949254912351,0.26172022279149515,60.0,32.384031969540736,flexion,62.61321158169134,33.600310232347006
DEMO_012,T02,1,0.1,train,synthetic_demo,0.8596940124197349,0.2832381930071588,0.39170016738181074,0.3356445527115526,62.61321158169134,33.600310232347006,flexion,65.19779227044398,34.77714274283433
DEMO_012,T02,2,0.2,train,synthetic_demo,0.7974566914353788,0.2578101553176218,0.3899925594124099,0.31162850497036265,65.19779227044398,34.77714274283433,flexion,67.72542485937369,35.901635877749776
DEMO_012,T02,3,0.30000000000000004,train,synthetic_demo,0.7860019408609464,0.30818525355862747,0.42176486751901254,0.3221430044089407,67.72542485937369,35.901635877749776,flexion,70.168416076895,36.96146945499189
DEMO_012,T02,4,0.4,train,synthetic_demo,0.8352874479484659,0.34084222013144083,0.39791900684381765,0.26319319250380885,70.168416076895,36.96146945499189,flexion,72.5,37.945031716103976
DEMO_012,T02,5,0.5,train,synthetic_demo,0.7519458352591462,0.258021041815543,0.3533353047223655,0.31722467454506675,72.5,37.945031716103976,flexion,74.69463130731182,38.84154654712965
DEMO_012,T02,6,0.6000000000000001,train,synthetic_demo,0.7321049743594422,0.28007080349488267,0.3642432901505864,0.2552421555836458,74.69463130731182,38.84154654712965,flexion,76.72826515897145,39.64119154397241
DEMO_012,T02,7,0.7000000000000001,train,synthetic_demo,0.7243706223862196,0.29623248193782586,0.40444949265595687,0.24928565181837153,76.72826515897145,39.64119154397241,flexion,78.57862063693486,40.33520562871037
DEMO_012,T02,8,0.8,train,synthetic_demo,0.6203770079321443,0.28125802286747026,0.3275514541516438,0.28856691452128225,78.57862063693486,40.33520562871037,flexion,80.22542485937369,40.91598503779936
DEMO_012,T02,9,0.9,train,synthetic_demo,0.6042393718271705,0.33773328312614403,0.32233834945155204,0.24106390669955086,80.22542485937369,40.91598503779936,flexion,81.65063509461096,41.3771666304975
DEMO_012,T02,10,1.0,train,synthetic_demo,0.5604381907661131,0.24461542002741576,0.3409627772307427,0.2626845266214443,81.65063509461096,41.3771666304975,flexion,82.83863644106502,41.71369760476672
DEMO_012,T02,11,1.1,train,synthetic_demo,0.5284533512056024,0.28471788162656075,0.2435393342510863,0.22868807835041433,82.83863644106502,41.71369760476672,flexion,83.77641290737884,41.921890856829314
DEMO_012,T02,12,1.2000000000000002,train,synthetic_demo,0.44873365576361435,0.29127264491655347,0.2495433306011392,0.33079551033401905,83.77641290737884,41.921890856829314,flexion,84.45369001834514,41.99946537784843
DEMO_012,T02,13,1.3,train,synthetic_demo,0.45814216198120933,0.3885115147495986,0.1503447868516209,0.3631200426271797,84.45369001834514,41.99946537784843,hold,84.86304738420684,41.94557124513828
DEMO_012,T02,14,1.4000000000000001,train,synthetic_demo,0.36867930577887376,0.32011658413719735,0.20578054430060863,0.3164450731620345,84.86304738420684,41.94557124513828,hold,85.0,41.7607989340949
DEMO_012,T02,15,1.5,train,synthetic_demo,0.3191150286497974,0.3151153044816747,0.18268542071499302,0.3187585329563699,85.0,41.7607989340949,hold,84.86304738420684,41.44717284882418
DEMO_012,T02,16,1.6,train,synthetic_demo,0.2652014496893944,0.3347717601394721,0.17077961437844455,0.3431704697006538,84.86304738420684,41.44717284882418,hold,84.45369001834514,41.00812914234682
DEMO_012,T02,17,1.7000000000000002,train,synthetic_demo,0.33534210226914146,0.4366312607613905,0.19992721194371013,0.3747845128955554,84.45369001834514,41.00812914234682,hold,83.77641290737884,40.44847806938679
DEMO_012,T02,18,1.8,train,synthetic_demo,0.24351768614446712,0.45912902343846285,0.14604115959214226,0.45008694799927257,83.77641290737884,40.44847806938679,extension,82.83863644106502,39.77435128421395
DEMO_012,T02,19,1.9000000000000001,train,synthetic_demo,0.29640729855779513,0.4857192146533484,0.1607440842637317,0.4249316214571101,82.83863644106502,39.77435128421395,extension,81.65063509461098,38.99313466095676
DEMO_012,T02,20,2.0,train,synthetic_demo,0.33045054637609583,0.5911575924069539,0.21735625061041733,0.48938700712197447,81.65063509461098,38.99313466095676,extension,80.22542485937369,38.113387372419716
DEMO_012,T02,21,2.1,train,synthetic_demo,0.3052895729195916,0.6367981755562068,0.16538795080529514,0.5037428360747562,80.22542485937369,38.113387372419716,extension,78.57862063693486,37.14474811399498
DEMO_012,T02,22,2.2,train,synthetic_demo,0.28638290964124236,0.6711284239605763,0.19405802048183834,0.5092362897324278,78.57862063693486,37.14474811399498,extension,76.72826515897145,36.097829500098655
DEMO_012,T02,23,2.3000000000000003,train,synthetic_demo,0.30335946759436533,0.7213181351612046,0.18606561885428022,0.5524349973879437,76.72826515897145,36.097829500098655,extension,74.69463130731182,34.98410179014638
DEMO_012,T02,24,2.4000000000000004,train,synthetic_demo,0.2891703140244503,0.7012388513244256,0.22039033031951014,0.5259013801374391,74.69463130731182,34.98410179014638,extension,72.5,33.815767217990924
DEMO_012,T02,25,2.5,train,synthetic_demo,0.25875242667634507,0.8195558675808857,0.2266777807295433,0.5267047702895287,72.5,33.815767217990924,extension,70.16841607689501,32.60562630169453
DEMO_012,T02,26,2.6,train,synthetic_demo,0.3243806795139915,0.797887566097749,0.22759513938535345,0.5734747936432348,70.16841607689501,32.60562630169453,extension,67.72542485937369,31.366937598374406
DEMO_012,T02,27,2.7,train,synthetic_demo,0.2533299709003597,0.7573791321539699,0.21230692071271584,0.5230767797365868,67.72542485937369,31.366937598374406,extension,65.19779227044398,30.11327244067641
DEMO_012,T02,28,2.8000000000000003,train,synthetic_demo,0.2789960357913251,0.760643919915113,0.195313715714643,0.5765062673255403,65.19779227044398,30.11327244067641,extension,62.613211581691324,28.85836624641458
DEMO_012,T02,29,2.9000000000000004,train,synthetic_demo,0.285811431672634,0.8475165999847212,0.21485345123630598,0.5908535432383026,62.613211581691324,28.85836624641458,extension,60.0,27.615968030459264
DEMO_012,T02,30,3.0,train,synthetic_demo,0.3058926215847385,0.8549192843956157,0.19810688064756446,0.5950775382107332,60.0,27.615968030459264,extension,57.38678841830866,26.39968976765299
DEMO_012,T02,31,3.1,train,synthetic_demo,0.29515527463009417,0.8384885212514458,0.21271954906096593,0.5494886143590023,57.38678841830866,26.39968976765299,extension,54.802207729556024,25.22285725716567
DEMO_012,T02,32,3.2,train,synthetic_demo,0.3118920553461167,0.7672210065039279,0.17451282223143258,0.49232258066657136,54.802207729556024,25.22285725716567,extension,52.27457514062632,24.098364122250224
DEMO_012,T02,33,3.3000000000000003,train,synthetic_demo,0.316875753334137,0.7922486368713607,0.22774860052591125,0.6006076687713916,52.27457514062632,24.098364122250224,extension,49.831583923104986,23.038530545008104
DEMO_012,T02,34,3.4000000000000004,train,synthetic_demo,0.31975567266378496,0.7124292750943386,0.17576150380612676,0.5568291436685942,49.831583923104986,23.038530545008104,extension,47.50000000000001,22.054968283896024
DEMO_012,T02,35,3.5,train,synthetic_demo,0.29223820356022046,0.7975725147624293,0.27947334508383,0.4758137546905559,47.50000000000001,22.054968283896024,extension,45.30536869268818,21.158453452870347
DEMO_012,T02,36,3.6,train,synthetic_demo,0.37763280398309035,0.7268547512288619,0.21073745366072685,0.5098857538265932,45.30536869268818,21.158453452870347,extension,43.27173484102855,20.35880845602759
DEMO_012,T02,37,3.7,train,synthetic_demo,0.4208572809466774,0.6968242986626993,0.27302725977775977,0.4952947774274483,43.27173484102855,20.35880845602759,extension,41.42137936306515,19.66479437128963
DEMO_012,T02,38,3.8000000000000003,train,synthetic_demo,0.30034661123342027,0.6736543959998867,0.1830295879218278,0.4234373212259871,41.42137936306515,19.66479437128963,extension,39.774575140626304,19.084014962200634
DEMO_012,T02,39,3.9000000000000004,train,synthetic_demo,0.24847506891262985,0.6421851964301399,0.17547571048794208,0.40532644522238076,39.774575140626304,19.084014962200634,extension,38.34936490538904,18.6228333695025
DEMO_012,T02,40,4.0,train,synthetic_demo,0.24014349559158504,0.534877192191427,0.1537629722466582,0.3777671171356625,38.34936490538904,18.6228333695025,extension,37.16136355893498,18.286302395233275
DEMO_012,T02,41,4.1000000000000005,train,synthetic_demo,0.2669849118997361,0.5090101484302094,0.2548462737123519,0.39759755291854454,37.16136355893498,18.286302395233275,extension,36.22358709262116,18.078109143170686
DEMO_012,T02,42,4.2,train,synthetic_demo,0.23602050731510651,0.41095341840836896,0.232984164321871,0.3297765016856717,36.22358709262116,18.078109143170686,extension,35.54630998165486,18.00053462215157
DEMO_012,T02,43,4.3,train,synthetic_demo,0.31165383150998005,0.42980944403064175,0.25124236420664886,0.30471936139352845,35.54630998165486,18.00053462215157,hold,35.13695261579316,18.05442875486172
DEMO_012,T02,44,4.4,train,synthetic_demo,0.3113224668551375,0.3530378445145162,0.19583745156802615,0.29437108334237366,35.13695261579316,18.05442875486172,hold,35.0,18.2392010659051
DEMO_012,T02,45,4.5,train,synthetic_demo,0.3156832772746604,0.2564328143487565,0.31971386184740436,0.32372035166286584,35.0,18.2392010659051,hold,35.13695261579316,18.552827151175826
DEMO_012,T02,46,4.6000000000000005,train,synthetic_demo,0.28755936588385467,0.30899288180908924,0.261603774530842,0.3429631293455294,35.13695261579316,18.552827151175826,hold,35.54630998165486,18.991870857653183
DEMO_012,T02,47,4.7,train,synthetic_demo,0.4422211349874455,0.3325210199668644,0.3048956983768265,0.3118701498474626,35.54630998165486,18.991870857653183,hold,36.223587092621166,19.55152193061322
DEMO_012,T02,48,4.800000000000001,train,synthetic_demo,0.4954012361448171,0.2507927356246277,0.32144113218529813,0.28394022385553624,36.223587092621166,19.55152193061322,flexion,37.16136355893498,20.225648715786054
DEMO_012,T02,49,4.9,train,synthetic_demo,0.5127861321192768,0.33101812179408363,0.320052131850555,0.24131040146130506,37.16136355893498,20.225648715786054,flexion,38.34936490538904,21.006865339043237
DEMO_012,T02,50,5.0,train,synthetic_demo,0.5159586383651623,0.32388735035232813,0.3094044921781359,0.26959268486479954,38.34936490538904,21.006865339043237,flexion,39.774575140626325,21.88661262758029
DEMO_012,T02,51,5.1000000000000005,train,synthetic_demo,0.6227743818194187,0.26674228415326673,0.30126606213549945,0.2829294755789081,39.774575140626325,21.88661262758029,flexion,41.421379363065135,22.855251886005014
DEMO_012,T02,52,5.2,train,synthetic_demo,0.6557353892768135,0.2505119231679436,0.40175760478193234,0.24544514502108924,41.421379363065135,22.855251886005014,flexion,43.27173484102855,23.902170499901345
DEMO_012,T02,53,5.300000000000001,train,synthetic_demo,0.6243653118972876,0.32047225083723396,0.40197478389174557,0.2911901425887972,43.27173484102855,23.902170499901345,flexion,45.30536869268816,25.01589820985361
DEMO_012,T02,54,5.4,train,synthetic_demo,0.6712067403652805,0.22551602404155718,0.3951054136319583,0.2658890692984436,45.30536869268816,25.01589820985361,flexion,47.499999999999986,26.184232782009072
DEMO_012,T02,55,5.5,train,synthetic_demo,0.7222780283113753,0.294364874292364,0.4391865784585996,0.24776934258989347,47.499999999999986,26.184232782009072,flexion,49.831583923105,27.394373698305476
DEMO_012,T02,56,5.6000000000000005,train,synthetic_demo,0.7795228777268772,0.28937721160823854,0.4942942406224619,0.2687795914263742,49.831583923105,27.394373698305476,flexion,52.27457514062633,28.633062401625605
DEMO_012,T02,57,5.7,train,synthetic_demo,0.7635992539621332,0.3005722033772922,0.5181477447181988,0.24960982570927945,52.27457514062633,28.633062401625605,flexion,54.802207729556045,29.886727559323603
DEMO_012,T02,58,5.800000000000001,train,synthetic_demo,0.784909298825556,0.2906891681845262,0.383545965155001,0.313109205061055,54.802207729556045,29.886727559323603,flexion,57.38678841830866,31.141633753585417
DEMO_012,T03,0,0.0,train,synthetic_demo,0.869891149980225,0.3102201862799662,0.39249024954907913,0.2946460520233301,60.0,32.384031969540736,flexion,62.61321158169134,33.600310232347006
DEMO_012,T03,1,0.1,train,synthetic_demo,0.8057517502930016,0.30555480241053273,0.4008994769826349,0.2835198001530214,62.61321158169134,33.600310232347006,flexion,65.19779227044398,34.77714274283433
DEMO_012,T03,2,0.2,train,synthetic_demo,0.794551653837191,0.3038456377147318,0.4773064814883043,0.34320110054256037,65.19779227044398,34.77714274283433,flexion,67.72542485937369,35.901635877749776
DEMO_012,T03,3,0.30000000000000004,train,synthetic_demo,0.7918448191687879,0.30796705739163277,0.3406506226291005,0.3136827265959754,67.72542485937369,35.901635877749776,flexion,70.168416076895,36.96146945499189
DEMO_012,T03,4,0.4,train,synthetic_demo,0.8138911104904698,0.24416083633650212,0.34108387822309116,0.23826810841478158,70.168416076895,36.96146945499189,flexion,72.5,37.945031716103976
DEMO_012,T03,5,0.5,train,synthetic_demo,0.749076330961148,0.26598756821470926,0.3924396251304548,0.30027814160047156,72.5,37.945031716103976,flexion,74.69463130731182,38.84154654712965
DEMO_012,T03,6,0.6000000000000001,train,synthetic_demo,0.6740204783457701,0.2647705521529065,0.343603581827946,0.2760454497188887,74.69463130731182,38.84154654712965,flexion,76.72826515897145,39.64119154397241
DEMO_012,T03,7,0.7000000000000001,train,synthetic_demo,0.7207559135209124,0.3179822515066635,0.4006004431062084,0.21054444080415413,76.72826515897145,39.64119154397241,flexion,78.57862063693486,40.33520562871037
DEMO_012,T03,8,0.8,train,synthetic_demo,0.7441955527048525,0.3205248192138007,0.3130367034247273,0.25321858481470055,78.57862063693486,40.33520562871037,flexion,80.22542485937369,40.91598503779936
DEMO_012,T03,9,0.9,train,synthetic_demo,0.6332966157000093,0.3490089753863763,0.32660682311181716,0.32410421357934666,80.22542485937369,40.91598503779936,flexion,81.65063509461096,41.3771666304975
DEMO_012,T03,10,1.0,train,synthetic_demo,0.5615446267138032,0.28447612261436306,0.25226368269844335,0.2228273515091979,81.65063509461096,41.3771666304975,flexion,82.83863644106502,41.71369760476672
DEMO_012,T03,11,1.1,train,synthetic_demo,0.5049235461074393,0.337158692034271,0.32929424577388056,0.2887931000093081,82.83863644106502,41.71369760476672,flexion,83.77641290737884,41.921890856829314
DEMO_012,T03,12,1.2000000000000002,train,synthetic_demo,0.40451010821843114,0.2875512768724546,0.25261973710515606,0.3457602267361745,83.77641290737884,41.921890856829314,flexion,84.45369001834514,41.99946537784843
DEMO_012,T03,13,1.3,train,synthetic_demo,0.4131816543739753,0.3437003504951875,0.2395962073336797,0.3045835379445117,84.45369001834514,41.99946537784843,hold,84.86304738420684,41.94557124513828
DEMO_012,T03,14,1.4000000000000001,train,synthetic_demo,0.36424673650293915,0.3097779301911147,0.20497987516533162,0.31534410219559905,84.86304738420684,41.94557124513828,hold,85.0,41.7607989340949
DEMO_012,T03,15,1.5,train,synthetic_demo,0.27876256974915303,0.3256151086545277,0.1630017729571321,0.3158958234910182,85.0,41.7607989340949,hold,84.86304738420684,41.44717284882418
DEMO_012,T03,16,1.6,train,synthetic_demo,0.327228765684739,0.3223452868728015,0.22810524523891973,0.3605935658918001,84.86304738420684,41.44717284882418,hold,84.45369001834514,41.00812914234682
DEMO_012,T03,17,1.7000000000000002,train,synthetic_demo,0.24828099489510225,0.41065724527982017,0.2595523929735359,0.39330386521445215,84.45369001834514,41.00812914234682,hold,83.77641290737884,40.44847806938679
DEMO_012,T03,18,1.8,train,synthetic_demo,0.3230418708675031,0.49462851575401384,0.16486254878586165,0.45834016095235197,83.77641290737884,40.44847806938679,extension,82.83863644106502,39.77435128421395
DEMO_012,T03,19,1.9000000000000001,train,synthetic_demo,0.27659589740091195,0.551530311318952,0.20228055152166421,0.47868458358793053,82.83863644106502,39.77435128421395,extension,81.65063509461098,38.99313466095676
DEMO_012,T03,20,2.0,train,synthetic_demo,0.40555350298390413,0.5484302477707624,0.1734968979452709,0.48299797895132196,81.65063509461098,38.99313466095676,extension,80.22542485937369,38.113387372419716
DEMO_012,T03,21,2.1,train,synthetic_demo,0.3224005519289928,0.6698536848599932,0.26533912695413414,0.4913914950738329,80.22542485937369,38.113387372419716,extension,78.57862063693486,37.14474811399498
DEMO_012,T03,22,2.2,train,synthetic_demo,0.2822115903419948,0.6124532699079508,0.18487504625841725,0.5178299437952193,78.57862063693486,37.14474811399498,extension,76.72826515897145,36.097829500098655
DEMO_012,T03,23,2.3000000000000003,train,synthetic_demo,0.3344868632391691,0.7495018039233557,0.18129539129759992,0.5131300887235389,76.72826515897145,36.097829500098655,extension,74.69463130731182,34.98410179014638
DEMO_012,T03,24,2.4000000000000004,train,synthetic_demo,0.30076437548756707,0.7460726260718182,0.23238142354762775,0.4988596757972037,74.69463130731182,34.98410179014638,extension,72.5,33.815767217990924
DEMO_012,T03,25,2.5,train,synthetic_demo,0.2542962592819167,0.7939332061161275,0.25451801035918276,0.5375454435344195,72.5,33.815767217990924,extension,70.16841607689501,32.60562630169453
DEMO_012,T03,26,2.6,train,synthetic_demo,0.2984839300624259,0.8164104698761538,0.22468112057898956,0.5340324837105112,70.16841607689501,32.60562630169453,extension,67.72542485937369,31.366937598374406
DEMO_012,T03,27,2.7,train,synthetic_demo,0.3041729890234091,0.7688882802271108,0.2298862550624549,0.5619751164077463,67.72542485937369,31.366937598374406,extension,65.19779227044398,30.11327244067641
DEMO_012,T03,28,2.8000000000000003,train,synthetic_demo,0.26935931909560484,0.8237678404420444,0.18811062893942063,0.5345305657548429,65.19779227044398,30.11327244067641,extension,62.613211581691324,28.85836624641458
DEMO_012,T03,29,2.9000000000000004,train,synthetic_demo,0.3157390574717779,0.8065757573097384,0.25809473471154776,0.6121589004577683,62.613211581691324,28.85836624641458,extension,60.0,27.615968030459264
DEMO_012,T03,30,3.0,train,synthetic_demo,0.3243219335970621,0.7857488912620579,0.2334792376003843,0.5376774732682892,60.0,27.615968030459264,extension,57.38678841830866,26.39968976765299
DEMO_012,T03,31,3.1,train,synthetic_demo,0.3303752274680047,0.7947561541073064,0.20313013182207243,0.5850845668131898,57.38678841830866,26.39968976765299,extension,54.802207729556024,25.22285725716567
DEMO_012,T03,32,3.2,train,synthetic_demo,0.27697063426556934,0.8078221585986489,0.2169936384391022,0.5448412638465734,54.802207729556024,25.22285725716567,extension,52.27457514062632,24.098364122250224
DEMO_012,T03,33,3.3000000000000003,train,synthetic_demo,0.30354649575690745,0.8149357028023507,0.1680191778737687,0.6207793109808515,52.27457514062632,24.098364122250224,extension,49.831583923104986,23.038530545008104
DEMO_012,T03,34,3.4000000000000004,train,synthetic_demo,0.33530134765303127,0.8052391880489597,0.18824677135805384,0.5555778120730874,49.831583923104986,23.038530545008104,extension,47.50000000000001,22.054968283896024
DEMO_012,T03,35,3.5,train,synthetic_demo,0.27910253492501175,0.7646896022230386,0.20553647193966054,0.5100599910064713,47.50000000000001,22.054968283896024,extension,45.30536869268818,21.158453452870347
DEMO_012,T03,36,3.6,train,synthetic_demo,0.35529307105214897,0.7176644727087932,0.2597210675736648,0.4988390690692432,45.30536869268818,21.158453452870347,extension,43.27173484102855,20.35880845602759
DEMO_012,T03,37,3.7,train,synthetic_demo,0.2658915584718926,0.7770155352204217,0.23939117732440252,0.40799456629827274,43.27173484102855,20.35880845602759,extension,41.42137936306515,19.66479437128963
DEMO_012,T03,38,3.8000000000000003,train,synthetic_demo,0.2839063225118234,0.6266022556100844,0.18399922048163928,0.40543058184479114,41.42137936306515,19.66479437128963,extension,39.774575140626304,19.084014962200634
DEMO_012,T03,39,3.9000000000000004,train,synthetic_demo,0.2972677437437257,0.6190657014097052,0.23838985010892205,0.4089911685278019,39.774575140626304,19.084014962200634,extension,38.34936490538904,18.6228333695025
DEMO_012,T03,40,4.0,train,synthetic_demo,0.2972871313458189,0.6174619399707053,0.19006928637894185,0.39645216024209956,38.34936490538904,18.6228333695025,extension,37.16136355893498,18.286302395233275
DEMO_012,T03,41,4.1000000000000005,train,synthetic_demo,0.3315483254888203,0.5528356012714435,0.1869219448199443,0.3358406744023379,37.16136355893498,18.286302395233275,extension,36.22358709262116,18.078109143170686
DEMO_012,T03,42,4.2,train,synthetic_demo,0.29301137862746546,0.4880925544528916,0.25091354138476274,0.3161186737060634,36.22358709262116,18.078109143170686,extension,35.54630998165486,18.00053462215157
DEMO_012,T03,43,4.3,train,synthetic_demo,0.3466093003218369,0.43118769647982014,0.18865869136285543,0.32257607888162027,35.54630998165486,18.00053462215157,hold,35.13695261579316,18.05442875486172
DEMO_012,T03,44,4.4,train,synthetic_demo,0.23536374587208012,0.3499317393649526,0.1655167227256887,0.2923312922962978,35.13695261579316,18.05442875486172,hold,35.0,18.2392010659051
DEMO_012,T03,45,4.5,train,synthetic_demo,0.33244730586638666,0.32325451586140713,0.17562411274884893,0.2985832186104973,35.0,18.2392010659051,hold,35.13695261579316,18.552827151175826
DEMO_012,T03,46,4.6000000000000005,train,synthetic_demo,0.3735780689885118,0.3267594701408368,0.2998769205663285,0.3160458634409713,35.13695261579316,18.552827151175826,hold,35.54630998165486,18.991870857653183
DEMO_012,T03,47,4.7,train,synthetic_demo,0.35767544473636315,0.2965003019815253,0.2759446839354864,0.28571213661255224,35.54630998165486,18.991870857653183,hold,36.223587092621166,19.55152193061322
DEMO_012,T03,48,4.800000000000001,train,synthetic_demo,0.46837568907119936,0.2691949441067828,0.3005004948813265,0.3077843022826697,36.223587092621166,19.55152193061322,flexion,37.16136355893498,20.225648715786054
DEMO_012,T03,49,4.9,train,synthetic_demo,0.4923886949524602,0.2835756699359882,0.33888156426926314,0.3328874021336974,37.16136355893498,20.225648715786054,flexion,38.34936490538904,21.006865339043237
DEMO_012,T03,50,5.0,train,synthetic_demo,0.5494106813885157,0.24430481737309853,0.32123683651304646,0.292653627870779,38.34936490538904,21.006865339043237,flexion,39.774575140626325,21.88661262758029
DEMO_012,T03,51,5.1000000000000005,train,synthetic_demo,0.5487632603770284,0.2691362916671612,0.33969553109804695,0.35504962575039445,39.774575140626325,21.88661262758029,flexion,41.421379363065135,22.855251886005014
DEMO_012,T03,52,5.2,train,synthetic_demo,0.6777514264298572,0.2704011694674661,0.35147447453196495,0.24456192258439832,41.421379363065135,22.855251886005014,flexion,43.27173484102855,23.902170499901345
DEMO_012,T03,53,5.300000000000001,train,synthetic_demo,0.6925278149396991,0.2958789170827333,0.34588806513360026,0.29927105563810047,43.27173484102855,23.902170499901345,flexion,45.30536869268816,25.01589820985361
DEMO_012,T03,54,5.4,train,synthetic_demo,0.7620437287874072,0.3158368654337744,0.40657202357468814,0.3354759689881702,45.30536869268816,25.01589820985361,flexion,47.499999999999986,26.184232782009072
DEMO_012,T03,55,5.5,train,synthetic_demo,0.7660556279552091,0.3072333241255158,0.4400051929307526,0.23865592290419196,47.499999999999986,26.184232782009072,flexion,49.831583923105,27.394373698305476
DEMO_012,T03,56,5.6000000000000005,train,synthetic_demo,0.8327746898960144,0.3038869389228358,0.4175870620769754,0.3119868615231447,49.831583923105,27.394373698305476,flexion,52.27457514062633,28.633062401625605
DEMO_012,T03,57,5.7,train,synthetic_demo,0.7630690217340156,0.26869313163377584,0.4381619028603637,0.3053635355144381,52.27457514062633,28.633062401625605,flexion,54.802207729556045,29.886727559323603
DEMO_012,T03,58,5.800000000000001,train,synthetic_demo,0.7681994425846473,0.2921649167666373,0.393706155597236,0.27326090541088865,54.802207729556045,29.886727559323603,flexion,57.38678841830866,31.141633753585417
DEMO_013,T01,0,0.0,train,synthetic_demo,0.756723303980701,0.2972988073169457,0.4797391889990446,0.2486164477592362,60.0,32.384031969540736,flexion,62.61321158169134,33.600310232347006
DEMO_013,T01,1,0.1,train,synthetic_demo,0.7341928866812968,0.2668703772451623,0.5061857022084815,0.3061319195177389,62.61321158169134,33.600310232347006,flexion,65.19779227044398,34.77714274283433
DEMO_013,T01,2,0.2,train,synthetic_demo,0.7599488872699051,0.29372071870209837,0.49932246940778885,0.22428895659224024,65.19779227044398,34.77714274283433,flexion,67.72542485937369,35.901635877749776
DEMO_013,T01,3,0.30000000000000004,train,synthetic_demo,0.7190702844378968,0.28188791309615535,0.4854790832387363,0.3079517121565015,67.72542485937369,35.901635877749776,flexion,70.168416076895,36.96146945499189
DEMO_013,T01,4,0.4,train,synthetic_demo,0.658379191169676,0.3219631769678659,0.4488993015922386,0.23689910762600086,70.168416076895,36.96146945499189,flexion,72.5,37.945031716103976
DEMO_013,T01,5,0.5,train,synthetic_demo,0.6493336438704957,0.25993246679548193,0.4630169570271956,0.34937034964903546,72.5,37.945031716103976,flexion,74.69463130731182,38.84154654712965
DEMO_013,T01,6,0.6000000000000001,train,synthetic_demo,0.7112479964314028,0.28738550572208044,0.44030029375306495,0.3314874826468965,74.69463130731182,38.84154654712965,flexion,76.72826515897145,39.64119154397241
DEMO_013,T01,7,0.7000000000000001,train,synthetic_demo,0.6561004311650547,0.2692832027176224,0.44424751846725785,0.29799147244492513,76.72826515897145,39.64119154397241,flexion,78.57862063693486,40.33520562871037
DEMO_013,T01,8,0.8,train,synthetic_demo,0.625498186984302,0.3880814112586415,0.39813755207023444,0.31287347532323473,78.57862063693486,40.33520562871037,flexion,80.22542485937369,40.91598503779936
DEMO_013,T01,9,0.9,train,synthetic_demo,0.5505979859843343,0.30558613635411425,0.34972039488098644,0.2767529669286254,80.22542485937369,40.91598503779936,flexion,81.65063509461096,41.3771666304975
DEMO_013,T01,10,1.0,train,synthetic_demo,0.5236603578555498,0.2696771991870967,0.3653735931414539,0.2976483021651568,81.65063509461096,41.3771666304975,flexion,82.83863644106502,41.71369760476672
DEMO_013,T01,11,1.1,train,synthetic_demo,0.4545557226201367,0.369954613444737,0.35915389669333886,0.3152097316900774,82.83863644106502,41.71369760476672,flexion,83.77641290737884,41.921890856829314
DEMO_013,T01,12,1.2000000000000002,train,synthetic_demo,0.45235305452012226,0.30350895432997527,0.2848676053293747,0.3082843776781468,83.77641290737884,41.921890856829314,flexion,84.45369001834514,41.99946537784843
DEMO_013,T01,13,1.3,train,synthetic_demo,0.3775158628080416,0.3257305472297788,0.27664637680746135,0.2805705655489201,84.45369001834514,41.99946537784843,hold,84.86304738420684,41.94557124513828
DEMO_013,T01,14,1.4000000000000001,train,synthetic_demo,0.30090210134627676,0.2587037630590695,0.2270227856303308,0.35822070127545524,84.86304738420684,41.94557124513828,hold,85.0,41.7607989340949
DEMO_013,T01,15,1.5,train,synthetic_demo,0.2681267213460286,0.3084955569867703,0.24292267633519535,0.32441118709247124,85.0,41.7607989340949,hold,84.86304738420684,41.44717284882418
DEMO_013,T01,16,1.6,train,synthetic_demo,0.28322696949359283,0.36134498256108566,0.31789186806983655,0.29580068712689606,84.86304738420684,41.44717284882418,hold,84.45369001834514,41.00812914234682
DEMO_013,T01,17,1.7000000000000002,train,synthetic_demo,0.2707737828085089,0.4219393196629725,0.24889213256095602,0.42368056736486676,84.45369001834514,41.00812914234682,hold,83.77641290737884,40.44847806938679
DEMO_013,T01,18,1.8,train,synthetic_demo,0.25290674995169093,0.4657096309159819,0.3283076339764013,0.3905949658829976,83.77641290737884,40.44847806938679,extension,82.83863644106502,39.77435128421395
DEMO_013,T01,19,1.9000000000000001,train,synthetic_demo,0.28213126867238414,0.4986806353692397,0.22353941943065617,0.46887148644528914,82.83863644106502,39.77435128421395,extension,81.65063509461098,38.99313466095676
DEMO_013,T01,20,2.0,train,synthetic_demo,0.18417817268073222,0.580055041070678,0.21301273407845522,0.4727856130682116,81.65063509461098,38.99313466095676,extension,80.22542485937369,38.113387372419716
DEMO_013,T01,21,2.1,train,synthetic_demo,0.2379757979026088,0.6437023915256984,0.2693637986638046,0.5106986877180062,80.22542485937369,38.113387372419716,extension,78.57862063693486,37.14474811399498
DEMO_013,T01,22,2.2,train,synthetic_demo,0.21434495557725244,0.6980648037070316,0.23995868656647823,0.5623983917640939,78.57862063693486,37.14474811399498,extension,76.72826515897145,36.097829500098655
DEMO_013,T01,23,2.3000000000000003,train,synthetic_demo,0.22941803419403978,0.7358615553016604,0.2955059777784208,0.5730094900838075,76.72826515897145,36.097829500098655,extension,74.69463130731182,34.98410179014638
DEMO_013,T01,24,2.4000000000000004,train,synthetic_demo,0.2294806708080131,0.7189389842117391,0.266678339398133,0.5713133588260761,74.69463130731182,34.98410179014638,extension,72.5,33.815767217990924
DEMO_013,T01,25,2.5,train,synthetic_demo,0.331872513688718,0.7571907112585958,0.2648708998977312,0.5466905632831475,72.5,33.815767217990924,extension,70.16841607689501,32.60562630169453
DEMO_013,T01,26,2.6,train,synthetic_demo,0.30601877693310126,0.7669042009860063,0.24025401771034974,0.5920521336124417,70.16841607689501,32.60562630169453,extension,67.72542485937369,31.366937598374406
DEMO_013,T01,27,2.7,train,synthetic_demo,0.25477657273293214,0.8743057757790309,0.26863508950294634,0.49983555952511766,67.72542485937369,31.366937598374406,extension,65.19779227044398,30.11327244067641
DEMO_013,T01,28,2.8000000000000003,train,synthetic_demo,0.2498910120113467,0.764130138859368,0.2596021174803494,0.5614645491881566,65.19779227044398,30.11327244067641,extension,62.613211581691324,28.85836624641458
DEMO_013,T01,29,2.9000000000000004,train,synthetic_demo,0.25543376988581756,0.7775593650809719,0.2813940726061897,0.5331816559079435,62.613211581691324,28.85836624641458,extension,60.0,27.615968030459264
DEMO_013,T01,30,3.0,train,synthetic_demo,0.3344693872760982,0.8846197571402677,0.21513549569682136,0.5768565644556296,60.0,27.615968030459264,extension,57.38678841830866,26.39968976765299
DEMO_013,T01,31,3.1,train,synthetic_demo,0.25680616547846324,0.8595407588786914,0.26610566112428163,0.5704964627266611,57.38678841830866,26.39968976765299,extension,54.802207729556024,25.22285725716567
DEMO_013,T01,32,3.2,train,synthetic_demo,0.2274414093352671,0.7746889643151768,0.2023954461337087,0.5807155969304163,54.802207729556024,25.22285725716567,extension,52.27457514062632,24.098364122250224
DEMO_013,T01,33,3.3000000000000003,train,synthetic_demo,0.2781724096904572,0.8266123498731077,0.2601453085718619,0.5418394735185204,52.27457514062632,24.098364122250224,extension,49.831583923104986,23.038530545008104
DEMO_013,T01,34,3.4000000000000004,train,synthetic_demo,0.23512454484248893,0.8058479260420491,0.22938040205563345,0.5077264289093125,49.831583923104986,23.038530545008104,extension,47.50000000000001,22.054968283896024
DEMO_013,T01,35,3.5,train,synthetic_demo,0.257138662633201,0.745637645397848,0.23477080271880774,0.5111082396662977,47.50000000000001,22.054968283896024,extension,45.30536869268818,21.158453452870347
DEMO_013,T01,36,3.6,train,synthetic_demo,0.266991713891284,0.7311703968029389,0.2673339481526955,0.4864642651564699,45.30536869268818,21.158453452870347,extension,43.27173484102855,20.35880845602759
DEMO_013,T01,37,3.7,train,synthetic_demo,0.25146692018212125,0.6310418292400272,0.27507026605325346,0.3922038414030094,43.27173484102855,20.35880845602759,extension,41.42137936306515,19.66479437128963
DEMO_013,T01,38,3.8000000000000003,train,synthetic_demo,0.2870290484677691,0.6648178334890226,0.23080437158109476,0.40416582046914257,41.42137936306515,19.66479437128963,extension,39.774575140626304,19.084014962200634
DEMO_013,T01,39,3.9000000000000004,train,synthetic_demo,0.2520923476738622,0.642927861269596,0.29930592373202203,0.46590361496838123,39.774575140626304,19.084014962200634,extension,38.34936490538904,18.6228333695025
DEMO_013,T01,40,4.0,train,synthetic_demo,0.29010616356552726,0.5346389302829091,0.23375258433952326,0.44500774662177656,38.34936490538904,18.6228333695025,extension,37.16136355893498,18.286302395233275
DEMO_013,T01,41,4.1000000000000005,train,synthetic_demo,0.3138913244678153,0.5254029060016282,0.3198804279336388,0.30838185979602056,37.16136355893498,18.286302395233275,extension,36.22358709262116,18.078109143170686
DEMO_013,T01,42,4.2,train,synthetic_demo,0.3279063611824579,0.48235967032241245,0.2822806423059586,0.3085081785807173,36.22358709262116,18.078109143170686,extension,35.54630998165486,18.00053462215157
DEMO_013,T01,43,4.3,train,synthetic_demo,0.21144415227710478,0.42269484050282485,0.3394307466513575,0.2808356095161461,35.54630998165486,18.00053462215157,hold,35.13695261579316,18.05442875486172
DEMO_013,T01,44,4.4,train,synthetic_demo,0.2435654847239183,0.3442237155274227,0.294953296105904,0.25191194882200696,35.13695261579316,18.05442875486172,hold,35.0,18.2392010659051
DEMO_013,T01,45,4.5,train,synthetic_demo,0.2877182162419233,0.2724465755850578,0.36376523319654624,0.23629676568006758,35.0,18.2392010659051,hold,35.13695261579316,18.552827151175826
DEMO_013,T01,46,4.6000000000000005,train,synthetic_demo,0.348178981985674,0.27406954341518425,0.35314269275201365,0.29784928379464554,35.13695261579316,18.552827151175826,hold,35.54630998165486,18.991870857653183
DEMO_013,T01,47,4.7,train,synthetic_demo,0.363910402362886,0.28541709069432725,0.41449795338162043,0.25732958057271194,35.54630998165486,18.991870857653183,hold,36.223587092621166,19.55152193061322
DEMO_013,T01,48,4.800000000000001,train,synthetic_demo,0.4561562712871518,0.21816257345930448,0.4066579686418189,0.23778218325165648,36.223587092621166,19.55152193061322,flexion,37.16136355893498,20.225648715786054
DEMO_013,T01,49,4.9,train,synthetic_demo,0.45932727279710367,0.24961113988907427,0.3847590706790838,0.25315604846023293,37.16136355893498,20.225648715786054,flexion,38.34936490538904,21.006865339043237
DEMO_013,T01,50,5.0,train,synthetic_demo,0.48497860870034415,0.22662095928962986,0.4512346447975607,0.27415939717158433,38.34936490538904,21.006865339043237,flexion,39.774575140626325,21.88661262758029
DEMO_013,T01,51,5.1000000000000005,train,synthetic_demo,0.5336612004759498,0.3073642796360889,0.4259825971006742,0.29101419062521844,39.774575140626325,21.88661262758029,flexion,41.421379363065135,22.855251886005014
DEMO_013,T01,52,5.2,train,synthetic_demo,0.5948533608796887,0.33455350280205265,0.5117783740558894,0.2774476760312784,41.421379363065135,22.855251886005014,flexion,43.27173484102855,23.902170499901345
DEMO_013,T01,53,5.300000000000001,train,synthetic_demo,0.6356901590675216,0.3081976004085042,0.5026712121930117,0.21876291914309634,43.27173484102855,23.902170499901345,flexion,45.30536869268816,25.01589820985361
DEMO_013,T01,54,5.4,train,synthetic_demo,0.6198487889718349,0.30575053495630716,0.48688207750019746,0.2660989605082767,45.30536869268816,25.01589820985361,flexion,47.499999999999986,26.184232782009072
DEMO_013,T01,55,5.5,train,synthetic_demo,0.6562613408269068,0.27144042747102737,0.5240199164701497,0.33761973154907265,47.499999999999986,26.184232782009072,flexion,49.831583923105,27.394373698305476
DEMO_013,T01,56,5.6000000000000005,train,synthetic_demo,0.7245028057072473,0.33660275248576427,0.48692186086961975,0.35404039522656117,49.831583923105,27.394373698305476,flexion,52.27457514062633,28.633062401625605
DEMO_013,T01,57,5.7,train,synthetic_demo,0.7443039575236133,0.2599368650844819,0.5205898332666391,0.3203353750691188,52.27457514062633,28.633062401625605,flexion,54.802207729556045,29.886727559323603
DEMO_013,T01,58,5.800000000000001,train,synthetic_demo,0.716458275664513,0.2650050756406118,0.491574941672715,0.2826655548523267,54.802207729556045,29.886727559323603,flexion,57.38678841830866,31.141633753585417
DEMO_013,T02,0,0.0,train,synthetic_demo,0.7424353617255784,0.3077242059317614,0.5124799651746157,0.22283968183775002,60.0,32.384031969540736,flexion,62.61321158169134,33.600310232347006
DEMO_013,T02,1,0.1,train,synthetic_demo,0.7577892824562695,0.2735823271213714,0.5672211398540847,0.24607110856814898,62.61321158169134,33.600310232347006,flexion,65.19779227044398,34.77714274283433
DEMO_013,T02,2,0.2,train,synthetic_demo,0.6898413419421469,0.3341753041321235,0.5337462031819936,0.2679955866814608,65.19779227044398,34.77714274283433,flexion,67.72542485937369,35.901635877749776
DEMO_013,T02,3,0.30000000000000004,train,synthetic_demo,0.6982372930729799,0.27241388754860185,0.5233624268312769,0.3017214752044901,67.72542485937369,35.901635877749776,flexion,70.168416076895,36.96146945499189
DEMO_013,T02,4,0.4,train,synthetic_demo,0.7449867441519581,0.2952670858362939,0.47480652693015024,0.2581606736827337,70.168416076895,36.96146945499189,flexion,72.5,37.945031716103976
DEMO_013,T02,5,0.5,train,synthetic_demo,0.6596033291726051,0.30842847117698297,0.4310609540894818,0.24980712663536497,72.5,37.945031716103976,flexion,74.69463130731182,38.84154654712965
DEMO_013,T02,6,0.6000000000000001,train,synthetic_demo,0.663068800288633,0.29090306799354954,0.43482697600649534,0.268192287882082,74.69463130731182,38.84154654712965,flexion,76.72826515897145,39.64119154397241
DEMO_013,T02,7,0.7000000000000001,train,synthetic_demo,0.5905621801702147,0.2849850596627706,0.4122073834189842,0.32371144892911385,76.72826515897145,39.64119154397241,flexion,78.57862063693486,40.33520562871037
DEMO_013,T02,8,0.8,train,synthetic_demo,0.6097113820636878,0.2718402526435038,0.3736590483854656,0.2961830060413127,78.57862063693486,40.33520562871037,flexion,80.22542485937369,40.91598503779936
DEMO_013,T02,9,0.9,train,synthetic_demo,0.545056779741935,0.3429200407349915,0.3410560441197348,0.2999436653940186,80.22542485937369,40.91598503779936,flexion,81.65063509461096,41.3771666304975
DEMO_013,T02,10,1.0,train,synthetic_demo,0.4621035376986606,0.32142108099434485,0.3599551871436227,0.3158273806619708,81.65063509461096,41.3771666304975,flexion,82.83863644106502,41.71369760476672
DEMO_013,T02,11,1.1,train,synthetic_demo,0.46041027721258243,0.320205128956351,0.3317651504011713,0.2886978420317309,82.83863644106502,41.71369760476672,flexion,83.77641290737884,41.921890856829314
DEMO_013,T02,12,1.2000000000000002,train,synthetic_demo,0.4605999063905744,0.3408999919785247,0.3447443990839345,0.3100348579075185,83.77641290737884,41.921890856829314,flexion,84.45369001834514,41.99946537784843
DEMO_013,T02,13,1.3,train,synthetic_demo,0.35884042182100384,0.2714542677011518,0.26147648484064223,0.25207794447420745,84.45369001834514,41.99946537784843,hold,84.86304738420684,41.94557124513828
DEMO_013,T02,14,1.4000000000000001,train,synthetic_demo,0.29360237919283444,0.30288913717562393,0.2647854724322242,0.3181498629589277,84.86304738420684,41.94557124513828,hold,85.0,41.7607989340949
DEMO_013,T02,15,1.5,train,synthetic_demo,0.275246140493066,0.3485059544700409,0.2607392906764727,0.29011145662968874,85.0,41.7607989340949,hold,84.86304738420684,41.44717284882418
DEMO_013,T02,16,1.6,train,synthetic_demo,0.27753674728057465,0.37401661805392056,0.289685565996173,0.4591283247768456,84.86304738420684,41.44717284882418,hold,84.45369001834514,41.00812914234682
DEMO_013,T02,17,1.7000000000000002,train,synthetic_demo,0.2188131270261796,0.38350732315628877,0.27654892787514224,0.4221657652083924,84.45369001834514,41.00812914234682,hold,83.77641290737884,40.44847806938679
DEMO_013,T02,18,1.8,train,synthetic_demo,0.290433253034808,0.5185328583029242,0.2438882839885385,0.4617352092695288,83.77641290737884,40.44847806938679,extension,82.83863644106502,39.77435128421395
DEMO_013,T02,19,1.9000000000000001,train,synthetic_demo,0.2712683762849274,0.5721338752939346,0.2487105665162377,0.45353958906216785,82.83863644106502,39.77435128421395,extension,81.65063509461098,38.99313466095676
DEMO_013,T02,20,2.0,train,synthetic_demo,0.2556875775118448,0.5484932695617815,0.3145321144427619,0.49694197011515584,81.65063509461098,38.99313466095676,extension,80.22542485937369,38.113387372419716
DEMO_013,T02,21,2.1,train,synthetic_demo,0.3096686891201921,0.6659285415368879,0.26426636751439747,0.5295431278170109,80.22542485937369,38.113387372419716,extension,78.57862063693486,37.14474811399498
DEMO_013,T02,22,2.2,train,synthetic_demo,0.30651684276941815,0.6902145545228663,0.32072937083216857,0.5417239808135706,78.57862063693486,37.14474811399498,extension,76.72826515897145,36.097829500098655
DEMO_013,T02,23,2.3000000000000003,train,synthetic_demo,0.20616751401237562,0.7463479534249948,0.19232211385841647,0.566739410462229,76.72826515897145,36.097829500098655,extension,74.69463130731182,34.98410179014638
DEMO_013,T02,24,2.4000000000000004,train,synthetic_demo,0.3153019310312016,0.6944514110228143,0.22378004631873621,0.5677496749128897,74.69463130731182,34.98410179014638,extension,72.5,33.815767217990924
DEMO_013,T02,25,2.5,train,synthetic_demo,0.29782265805665065,0.7759019669974346,0.22635186090490395,0.6222915535898067,72.5,33.815767217990924,extension,70.16841607689501,32.60562630169453
DEMO_013,T02,26,2.6,train,synthetic_demo,0.2914160789795042,0.745213006397188,0.3020395967613542,0.4820968632698479,70.16841607689501,32.60562630169453,extension,67.72542485937369,31.366937598374406
DEMO_013,T02,27,2.7,train,synthetic_demo,0.28966631827111267,0.7491432386355044,0.2901670928453982,0.5900784256074373,67.72542485937369,31.366937598374406,extension,65.19779227044398,30.11327244067641
DEMO_013,T02,28,2.8000000000000003,train,synthetic_demo,0.3138471165297323,0.8382151143163298,0.25630774003312795,0.5355075853482322,65.19779227044398,30.11327244067641,extension,62.613211581691324,28.85836624641458
DEMO_013,T02,29,2.9000000000000004,train,synthetic_demo,0.23577347098075008,0.8727449876265361,0.2769723695789727,0.5985125738019035,62.613211581691324,28.85836624641458,extension,60.0,27.615968030459264
DEMO_013,T02,30,3.0,train,synthetic_demo,0.280240164573849,0.8025623503882404,0.2770262852667864,0.5572818510075677,60.0,27.615968030459264,extension,57.38678841830866,26.39968976765299
DEMO_013,T02,31,3.1,train,synthetic_demo,0.20213879083939623,0.8667587367854737,0.25183834683992257,0.5539953611322862,57.38678841830866,26.39968976765299,extension,54.802207729556024,25.22285725716567
DEMO_013,T02,32,3.2,train,synthetic_demo,0.29165097211793195,0.8208337271711691,0.2656169787418869,0.6143958611055147,54.802207729556024,25.22285725716567,extension,52.27457514062632,24.098364122250224
DEMO_013,T02,33,3.3000000000000003,train,synthetic_demo,0.2805618670134436,0.8484001895582323,0.17520016371669536,0.5434148027787173,52.27457514062632,24.098364122250224,extension,49.831583923104986,23.038530545008104
DEMO_013,T02,34,3.4000000000000004,train,synthetic_demo,0.2870476615744232,0.7822412385730493,0.3182356906506205,0.48890553775774154,49.831583923104986,23.038530545008104,extension,47.50000000000001,22.054968283896024
DEMO_013,T02,35,3.5,train,synthetic_demo,0.2889738087076048,0.7594537017062802,0.22141588438462362,0.505661499369277,47.50000000000001,22.054968283896024,extension,45.30536869268818,21.158453452870347
DEMO_013,T02,36,3.6,train,synthetic_demo,0.25668298639846027,0.764867297523053,0.2655430741311211,0.5228569888662107,45.30536869268818,21.158453452870347,extension,43.27173484102855,20.35880845602759
DEMO_013,T02,37,3.7,train,synthetic_demo,0.23665949953749166,0.6914059257564527,0.19701727761857218,0.4878910340314199,43.27173484102855,20.35880845602759,extension,41.42137936306515,19.66479437128963
DEMO_013,T02,38,3.8000000000000003,train,synthetic_demo,0.20162334593970638,0.7097187100172281,0.2694460479346147,0.4085948727092922,41.42137936306515,19.66479437128963,extension,39.774575140626304,19.084014962200634
DEMO_013,T02,39,3.9000000000000004,train,synthetic_demo,0.2895928785055144,0.6260375495446997,0.20370965679555636,0.43614449572512703,39.774575140626304,19.084014962200634,extension,38.34936490538904,18.6228333695025
DEMO_013,T02,40,4.0,train,synthetic_demo,0.33854713624037885,0.506978757501573,0.27655504440441514,0.4292397462688907,38.34936490538904,18.6228333695025,extension,37.16136355893498,18.286302395233275
DEMO_013,T02,41,4.1000000000000005,train,synthetic_demo,0.25712262572417743,0.4518195745172499,0.27222052703563937,0.3820950681268391,37.16136355893498,18.286302395233275,extension,36.22358709262116,18.078109143170686
DEMO_013,T02,42,4.2,train,synthetic_demo,0.23755978275611403,0.3816587276717208,0.20138798179745807,0.2731144568262752,36.22358709262116,18.078109143170686,extension,35.54630998165486,18.00053462215157
DEMO_013,T02,43,4.3,train,synthetic_demo,0.30017596065068053,0.3865664790086516,0.2580012699077751,0.3066700472721735,35.54630998165486,18.00053462215157,hold,35.13695261579316,18.05442875486172
DEMO_013,T02,44,4.4,train,synthetic_demo,0.19461432930265105,0.34641385820585807,0.27852802532784915,0.2895601275741149,35.13695261579316,18.05442875486172,hold,35.0,18.2392010659051
DEMO_013,T02,45,4.5,train,synthetic_demo,0.26285089162551184,0.2783882595827317,0.301576330613214,0.2879364601506852,35.0,18.2392010659051,hold,35.13695261579316,18.552827151175826
DEMO_013,T02,46,4.6000000000000005,train,synthetic_demo,0.2908874888851447,0.35222868688754116,0.3913783272003283,0.30782352146612424,35.13695261579316,18.552827151175826,hold,35.54630998165486,18.991870857653183
DEMO_013,T02,47,4.7,train,synthetic_demo,0.35848225888913227,0.29209108928088645,0.4059655654060723,0.29268275931408966,35.54630998165486,18.991870857653183,hold,36.223587092621166,19.55152193061322
DEMO_013,T02,48,4.800000000000001,train,synthetic_demo,0.3860342037014944,0.3117466366730136,0.4137514616738903,0.301785756221235,36.223587092621166,19.55152193061322,flexion,37.16136355893498,20.225648715786054
DEMO_013,T02,49,4.9,train,synthetic_demo,0.4276792473659384,0.2613078518280404,0.40074830633935193,0.2534257434693637,37.16136355893498,20.225648715786054,flexion,38.34936490538904,21.006865339043237
DEMO_013,T02,50,5.0,train,synthetic_demo,0.46111383378540965,0.32817760806771606,0.43245360178550596,0.2782840140243468,38.34936490538904,21.006865339043237,flexion,39.774575140626325,21.88661262758029
DEMO_013,T02,51,5.1000000000000005,train,synthetic_demo,0.5454689943253761,0.22640442675589864,0.48436867138832984,0.2793869771395628,39.774575140626325,21.88661262758029,flexion,41.421379363065135,22.855251886005014
DEMO_013,T02,52,5.2,train,synthetic_demo,0.5501512249187211,0.28537455224143055,0.5118489096108779,0.28115118369045744,41.421379363065135,22.855251886005014,flexion,43.27173484102855,23.902170499901345
DEMO_013,T02,53,5.300000000000001,train,synthetic_demo,0.6717906975744716,0.3457992607270466,0.5525417224499874,0.3056660097080293,43.27173484102855,23.902170499901345,flexion,45.30536869268816,25.01589820985361
DEMO_013,T02,54,5.4,train,synthetic_demo,0.6792580960323704,0.23723956384360234,0.4952920778077483,0.32244521113437036,45.30536869268816,25.01589820985361,flexion,47.499999999999986,26.184232782009072
DEMO_013,T02,55,5.5,train,synthetic_demo,0.6988867136503444,0.22233730634230336,0.511657749836495,0.2686588214692672,47.499999999999986,26.184232782009072,flexion,49.831583923105,27.394373698305476
DEMO_013,T02,56,5.6000000000000005,train,synthetic_demo,0.7155501084135317,0.2807432160988828,0.5155364359082488,0.2884651307987475,49.831583923105,27.394373698305476,flexion,52.27457514062633,28.633062401625605
DEMO_013,T02,57,5.7,train,synthetic_demo,0.7171509555894112,0.31125634462230206,0.49176721239499677,0.29193293803256853,52.27457514062633,28.633062401625605,flexion,54.802207729556045,29.886727559323603
DEMO_013,T02,58,5.800000000000001,train,synthetic_demo,0.7468584122582218,0.25976850416847574,0.5310425775328969,0.32737546183680727,54.802207729556045,29.886727559323603,flexion,57.38678841830866,31.141633753585417
DEMO_013,T03,0,0.0,train,synthetic_demo,0.7099830362949703,0.298987234725853,0.5075796510897673,0.27954339356936386,60.0,32.384031969540736,flexion,62.61321158169134,33.600310232347006
DEMO_013,T03,1,0.1,train,synthetic_demo,0.7884829812058425,0.3255769636449435,0.540803106887685,0.31218596446430846,62.61321158169134,33.600310232347006,flexion,65.19779227044398,34.77714274283433
DEMO_013,T03,2,0.2,train,synthetic_demo,0.789599352650588,0.21429755583889548,0.45864937822353796,0.2844799391551403,65.19779227044398,34.77714274283433,flexion,67.72542485937369,35.901635877749776
DEMO_013,T03,3,0.30000000000000004,train,synthetic_demo,0.6632374261232759,0.3286605019963016,0.48778446273015075,0.29523073582677595,67.72542485937369,35.901635877749776,flexion,70.168416076895,36.96146945499189
DEMO_013,T03,4,0.4,train,synthetic_demo,0.713810692680285,0.3163240633006717,0.5087594356443365,0.25362399511340256,70.168416076895,36.96146945499189,flexion,72.5,37.945031716103976
DEMO_013,T03,5,0.5,train,synthetic_demo,0.6498323894042809,0.2935078668929617,0.466852705342319,0.2683287238428683,72.5,37.945031716103976,flexion,74.69463130731182,38.84154654712965
DEMO_013,T03,6,0.6000000000000001,train,synthetic_demo,0.6085779921969365,0.24265373795105333,0.45078174721394365,0.3723456062199949,74.69463130731182,38.84154654712965,flexion,76.72826515897145,39.64119154397241
DEMO_013,T03,7,0.7000000000000001,train,synthetic_demo,0.6675541006928936,0.29773345056349243,0.5449601793907966,0.24958634884313655,76.72826515897145,39.64119154397241,flexion,78.57862063693486,40.33520562871037
DEMO_013,T03,8,0.8,train,synthetic_demo,0.560997536547449,0.2796064541126657,0.41354494287461696,0.34813127170194136,78.57862063693486,40.33520562871037,flexion,80.22542485937369,40.91598503779936
DEMO_013,T03,9,0.9,train,synthetic_demo,0.5147003528483329,0.30939812542186934,0.45122277400247585,0.21562573114800165,80.22542485937369,40.91598503779936,flexion,81.65063509461096,41.3771666304975
DEMO_013,T03,10,1.0,train,synthetic_demo,0.523549018984195,0.2923569467870722,0.3742419027909609,0.2268400147184141,81.65063509461096,41.3771666304975,flexion,82.83863644106502,41.71369760476672
DEMO_013,T03,11,1.1,train,synthetic_demo,0.5103669186040961,0.2772608542300772,0.3458752793244178,0.2950308876382383,82.83863644106502,41.71369760476672,flexion,83.77641290737884,41.921890856829314
DEMO_013,T03,12,1.2000000000000002,train,synthetic_demo,0.395244661789446,0.3350787678236918,0.24142728235759636,0.21386830772616333,83.77641290737884,41.921890856829314,flexion,84.45369001834514,41.99946537784843
DEMO_013,T03,13,1.3,train,synthetic_demo,0.33855533650671665,0.2569499508426542,0.23967099096901173,0.3089831616739156,84.45369001834514,41.99946537784843,hold,84.86304738420684,41.94557124513828
DEMO_013,T03,14,1.4000000000000001,train,synthetic_demo,0.3069747635317676,0.30584845757812446,0.2755711773398221,0.3466990913042509,84.86304738420684,41.94557124513828,hold,85.0,41.7607989340949
DEMO_013,T03,15,1.5,train,synthetic_demo,0.27730246363997774,0.28504012436556175,0.23665634290109885,0.3001460259712232,85.0,41.7607989340949,hold,84.86304738420684,41.44717284882418
DEMO_013,T03,16,1.6,train,synthetic_demo,0.2774460265691164,0.36784754023313865,0.21712642914138844,0.3326658174187782,84.86304738420684,41.44717284882418,hold,84.45369001834514,41.00812914234682
DEMO_013,T03,17,1.7000000000000002,train,synthetic_demo,0.3033114261779089,0.3922938290951573,0.27516302872334114,0.3722733005082105,84.45369001834514,41.00812914234682,hold,83.77641290737884,40.44847806938679
DEMO_013,T03,18,1.8,train,synthetic_demo,0.2559365106363579,0.4033381346790934,0.3212491876103035,0.3357362613130883,83.77641290737884,40.44847806938679,extension,82.83863644106502,39.77435128421395
DEMO_013,T03,19,1.9000000000000001,train,synthetic_demo,0.29948434343933283,0.4588966019874256,0.26346370077948594,0.4717833354230177,82.83863644106502,39.77435128421395,extension,81.65063509461098,38.99313466095676
DEMO_013,T03,20,2.0,train,synthetic_demo,0.22040560016865224,0.5562233448285175,0.240422761284111,0.4824381975745034,81.65063509461098,38.99313466095676,extension,80.22542485937369,38.113387372419716
DEMO_013,T03,21,2.1,train,synthetic_demo,0.24422585865988514,0.5412984995377254,0.2858879377903492,0.5504871824284299,80.22542485937369,38.113387372419716,extension,78.57862063693486,37.14474811399498
DEMO_013,T03,22,2.2,train,synthetic_demo,0.32771245486927764,0.7127248225024286,0.2714379045717822,0.5121394692635034,78.57862063693486,37.14474811399498,extension,76.72826515897145,36.097829500098655
DEMO_013,T03,23,2.3000000000000003,train,synthetic_demo,0.2568610886024141,0.7361866787085912,0.24365898602286928,0.48201613361114615,76.72826515897145,36.097829500098655,extension,74.69463130731182,34.98410179014638
DEMO_013,T03,24,2.4000000000000004,train,synthetic_demo,0.23114538499953258,0.7409654178682338,0.27776608649908713,0.5833170297264451,74.69463130731182,34.98410179014638,extension,72.5,33.815767217990924
DEMO_013,T03,25,2.5,train,synthetic_demo,0.24609891702732728,0.7587303687852597,0.2922615284806734,0.5673106471236593,72.5,33.815767217990924,extension,70.16841607689501,32.60562630169453
DEMO_013,T03,26,2.6,train,synthetic_demo,0.2643806834122754,0.7753387888423992,0.2925326392263072,0.4875701857216324,70.16841607689501,32.60562630169453,extension,67.72542485937369,31.366937598374406
DEMO_013,T03,27,2.7,train,synthetic_demo,0.27573080070886263,0.8554802555250743,0.25618353341776323,0.5907050726361893,67.72542485937369,31.366937598374406,extension,65.19779227044398,30.11327244067641
DEMO_013,T03,28,2.8000000000000003,train,synthetic_demo,0.2496844627789812,0.8513681421855609,0.26194327920978133,0.5902753662483272,65.19779227044398,30.11327244067641,extension,62.613211581691324,28.85836624641458
DEMO_013,T03,29,2.9000000000000004,train,synthetic_demo,0.2630212463978747,0.8598279682507757,0.29636794016178225,0.5648831658458141,62.613211581691324,28.85836624641458,extension,60.0,27.615968030459264
DEMO_013,T03,30,3.0,train,synthetic_demo,0.23079277704795995,0.8042010820797372,0.20620074658478144,0.5464685841048117,60.0,27.615968030459264,extension,57.38678841830866,26.39968976765299
DEMO_013,T03,31,3.1,train,synthetic_demo,0.2661064762554711,0.8122833584327886,0.31384583863123205,0.5428308589147927,57.38678841830866,26.39968976765299,extension,54.802207729556024,25.22285725716567
DEMO_013,T03,32,3.2,train,synthetic_demo,0.264693872122219,0.850252108587923,0.26056706216106973,0.5782774586038021,54.802207729556024,25.22285725716567,extension,52.27457514062632,24.098364122250224
DEMO_013,T03,33,3.3000000000000003,train,synthetic_demo,0.32152120871651174,0.8283223932525536,0.22962601742239266,0.5610943551539513,52.27457514062632,24.098364122250224,extension,49.831583923104986,23.038530545008104
DEMO_013,T03,34,3.4000000000000004,train,synthetic_demo,0.2503686526800855,0.7467279353513461,0.30971743838722937,0.5272637107853647,49.831583923104986,23.038530545008104,extension,47.50000000000001,22.054968283896024
DEMO_013,T03,35,3.5,train,synthetic_demo,0.23612757604598617,0.7868106691693799,0.2673193821204594,0.4715542839104562,47.50000000000001,22.054968283896024,extension,45.30536869268818,21.158453452870347
DEMO_013,T03,36,3.6,train,synthetic_demo,0.2835277186478229,0.7235348528925464,0.26271913559104343,0.5502760261615508,45.30536869268818,21.158453452870347,extension,43.27173484102855,20.35880845602759
DEMO_013,T03,37,3.7,train,synthetic_demo,0.2746241529802901,0.70087591008227,0.2718928948202586,0.4568940635584487,43.27173484102855,20.35880845602759,extension,41.42137936306515,19.66479437128963
DEMO_013,T03,38,3.8000000000000003,train,synthetic_demo,0.2764149044332496,0.6540115242126435,0.29612937043708804,0.47974322779353795,41.42137936306515,19.66479437128963,extension,39.774575140626304,19.084014962200634
DEMO_013,T03,39,3.9000000000000004,train,synthetic_demo,0.25799226742727877,0.5567702867750796,0.22959176743654386,0.4084077359109142,39.774575140626304,19.084014962200634,extension,38.34936490538904,18.6228333695025
DEMO_013,T03,40,4.0,train,synthetic_demo,0.2806362510861012,0.5263429112430666,0.29695284505459446,0.3470330124155583,38.34936490538904,18.6228333695025,extension,37.16136355893498,18.286302395233275
DEMO_013,T03,41,4.1000000000000005,train,synthetic_demo,0.1821085069476828,0.5080196794403921,0.2779923384538125,0.3084125523475242,37.16136355893498,18.286302395233275,extension,36.22358709262116,18.078109143170686
DEMO_013,T03,42,4.2,train,synthetic_demo,0.21432150089558338,0.4511265305748137,0.2371472109978024,0.34874669977228745,36.22358709262116,18.078109143170686,extension,35.54630998165486,18.00053462215157
DEMO_013,T03,43,4.3,train,synthetic_demo,0.2840174918369388,0.4249313587532302,0.21831427961317648,0.24613557870157823,35.54630998165486,18.00053462215157,hold,35.13695261579316,18.05442875486172
DEMO_013,T03,44,4.4,train,synthetic_demo,0.22869275870754302,0.41318578687736246,0.3074665505395593,0.27486020116985016,35.13695261579316,18.05442875486172,hold,35.0,18.2392010659051
DEMO_013,T03,45,4.5,train,synthetic_demo,0.2622361706297578,0.2603278640719717,0.31245521069168414,0.31277945959407305,35.0,18.2392010659051,hold,35.13695261579316,18.552827151175826
DEMO_013,T03,46,4.6000000000000005,train,synthetic_demo,0.3168640689823178,0.27863746658523325,0.3960080279446806,0.25673685552002484,35.13695261579316,18.552827151175826,hold,35.54630998165486,18.991870857653183
DEMO_013,T03,47,4.7,train,synthetic_demo,0.33814637008535064,0.26108158414134974,0.4386955443383018,0.2875525703082304,35.54630998165486,18.991870857653183,hold,36.223587092621166,19.55152193061322
DEMO_013,T03,48,4.800000000000001,train,synthetic_demo,0.3736542238982655,0.29790810833616377,0.3988680019984602,0.3014960973467624,36.223587092621166,19.55152193061322,flexion,37.16136355893498,20.225648715786054
DEMO_013,T03,49,4.9,train,synthetic_demo,0.5219123598515308,0.3453476714411536,0.36587907996496954,0.3443437910526145,37.16136355893498,20.225648715786054,flexion,38.34936490538904,21.006865339043237
DEMO_013,T03,50,5.0,train,synthetic_demo,0.5193628539364717,0.3513113587726021,0.48319168819740216,0.26913579752769196,38.34936490538904,21.006865339043237,flexion,39.774575140626325,21.88661262758029
DEMO_013,T03,51,5.1000000000000005,train,synthetic_demo,0.5529874534634209,0.3434819833520687,0.45532081392654766,0.26316233818358525,39.774575140626325,21.88661262758029,flexion,41.421379363065135,22.855251886005014
DEMO_013,T03,52,5.2,train,synthetic_demo,0.626268062739699,0.2815709233215554,0.48491047864734416,0.31566530201147575,41.421379363065135,22.855251886005014,flexion,43.27173484102855,23.902170499901345
DEMO_013,T03,53,5.300000000000001,train,synthetic_demo,0.652638823311906,0.2871294191852649,0.48429811812148726,0.2873253876039389,43.27173484102855,23.902170499901345,flexion,45.30536869268816,25.01589820985361
DEMO_013,T03,54,5.4,train,synthetic_demo,0.6598755022819264,0.2762054831011101,0.47586812861007216,0.2810669575834667,45.30536869268816,25.01589820985361,flexion,47.499999999999986,26.184232782009072
DEMO_013,T03,55,5.5,train,synthetic_demo,0.6348930892862451,0.2933786870999566,0.4702570650948017,0.3028989776234451,47.499999999999986,26.184232782009072,flexion,49.831583923105,27.394373698305476
DEMO_013,T03,56,5.6000000000000005,train,synthetic_demo,0.6596908305731706,0.34627818021392176,0.5337015048776522,0.32788454215599033,49.831583923105,27.394373698305476,flexion,52.27457514062633,28.633062401625605
DEMO_013,T03,57,5.7,train,synthetic_demo,0.7263117668828019,0.2805724179029956,0.5594185606173177,0.28729801660269244,52.27457514062633,28.633062401625605,flexion,54.802207729556045,29.886727559323603
DEMO_013,T03,58,5.800000000000001,train,synthetic_demo,0.7896026207051413,0.2419497243630091,0.5472394803113215,0.29558290518382335,54.802207729556045,29.886727559323603,flexion,57.38678841830866,31.141633753585417
DEMO_014,T01,0,0.0,train,synthetic_demo,0.6435197316843994,0.21903626275757235,0.5339526592387194,0.25034248006944565,60.0,32.384031969540736,flexion,62.61321158169134,33.600310232347006
DEMO_014,T01,1,0.1,train,synthetic_demo,0.6185273147018425,0.23462222089763032,0.5532091934510367,0.26679002087737724,62.61321158169134,33.600310232347006,flexion,65.19779227044398,34.77714274283433
DEMO_014,T01,2,0.2,train,synthetic_demo,0.6785641963202278,0.27853343377930395,0.6377069350983813,0.272091241408486,65.19779227044398,34.77714274283433,flexion,67.72542485937369,35.901635877749776
DEMO_014,T01,3,0.30000000000000004,train,synthetic_demo,0.6870161860350545,0.18019554624965062,0.5648893107589549,0.1357025262391799,67.72542485937369,35.901635877749776,flexion,70.168416076895,36.96146945499189
DEMO_014,T01,4,0.4,train,synthetic_demo,0.6206320595468252,0.22130504268278428,0.5262548790033623,0.2369075770793755,70.168416076895,36.96146945499189,flexion,72.5,37.945031716103976
DEMO_014,T01,5,0.5,train,synthetic_demo,0.5043892897628769,0.2511159999140895,0.5274961051064749,0.24181596635389255,72.5,37.945031716103976,flexion,74.69463130731182,38.84154654712965
DEMO_014,T01,6,0.6000000000000001,train,synthetic_demo,0.5679111364691519,0.2100062710073908,0.5527202324500143,0.217941246498095,74.69463130731182,38.84154654712965,flexion,76.72826515897145,39.64119154397241
DEMO_014,T01,7,0.7000000000000001,train,synthetic_demo,0.5491485700525641,0.3218203920720011,0.41424478457298464,0.19754794904404402,76.72826515897145,39.64119154397241,flexion,78.57862063693486,40.33520562871037
DEMO_014,T01,8,0.8,train,synthetic_demo,0.5369977823841967,0.2525304540564288,0.4363893990250344,0.25000287495342655,78.57862063693486,40.33520562871037,flexion,80.22542485937369,40.91598503779936
DEMO_014,T01,9,0.9,train,synthetic_demo,0.43608712921774523,0.23808442304532945,0.41475623524954447,0.1789758648995098,80.22542485937369,40.91598503779936,flexion,81.65063509461096,41.3771666304975
DEMO_014,T01,10,1.0,train,synthetic_demo,0.44567911326734366,0.24912521708192378,0.31036873508383606,0.24064197701387133,81.65063509461096,41.3771666304975,flexion,82.83863644106502,41.71369760476672
DEMO_014,T01,11,1.1,train,synthetic_demo,0.35357869580158885,0.256456530688964,0.3561499235638585,0.1832504467278531,82.83863644106502,41.71369760476672,flexion,83.77641290737884,41.921890856829314
DEMO_014,T01,12,1.2000000000000002,train,synthetic_demo,0.3360264349164811,0.19753383063055427,0.34379801246859254,0.24826072884373857,83.77641290737884,41.921890856829314,flexion,84.45369001834514,41.99946537784843
DEMO_014,T01,13,1.3,train,synthetic_demo,0.3408037207871562,0.23079849772614205,0.23972896139280056,0.20156107969846537,84.45369001834514,41.99946537784843,hold,84.86304738420684,41.94557124513828
DEMO_014,T01,14,1.4000000000000001,train,synthetic_demo,0.23732350271348002,0.2812189965424223,0.2793846570780315,0.18448634258623497,84.86304738420684,41.94557124513828,hold,85.0,41.7607989340949
DEMO_014,T01,15,1.5,train,synthetic_demo,0.24200380440907263,0.2030464459509957,0.28221506510829436,0.3083037754576461,85.0,41.7607989340949,hold,84.86304738420684,41.44717284882418
DEMO_014,T01,16,1.6,train,synthetic_demo,0.27914091589971646,0.2883190885839994,0.2511223304000591,0.2708815341472624,84.86304738420684,41.44717284882418,hold,84.45369001834514,41.00812914234682
DEMO_014,T01,17,1.7000000000000002,train,synthetic_demo,0.2339237269060404,0.36576278092457953,0.26258401048064706,0.3477651148906356,84.45369001834514,41.00812914234682,hold,83.77641290737884,40.44847806938679
DEMO_014,T01,18,1.8,train,synthetic_demo,0.20798547429466066,0.3700400221355033,0.2698222469414597,0.3069182863952713,83.77641290737884,40.44847806938679,extension,82.83863644106502,39.77435128421395
DEMO_014,T01,19,1.9000000000000001,train,synthetic_demo,0.2965457578946438,0.4660082525309007,0.28010235563523306,0.37204187412412104,82.83863644106502,39.77435128421395,extension,81.65063509461098,38.99313466095676
DEMO_014,T01,20,2.0,train,synthetic_demo,0.2006776024712495,0.4075512911033258,0.30796477692191676,0.4589241619734982,81.65063509461098,38.99313466095676,extension,80.22542485937369,38.113387372419716
DEMO_014,T01,21,2.1,train,synthetic_demo,0.22184596189793035,0.5008455263613122,0.2415317377365058,0.33351683419081746,80.22542485937369,38.113387372419716,extension,78.57862063693486,37.14474811399498
DEMO_014,T01,22,2.2,train,synthetic_demo,0.22848072210661924,0.5403982365142835,0.2797549091988566,0.3828428551213074,78.57862063693486,37.14474811399498,extension,76.72826515897145,36.097829500098655
DEMO_014,T01,23,2.3000000000000003,train,synthetic_demo,0.2245965144413398,0.5850160888345379,0.3215292634849397,0.4396452753828851,76.72826515897145,36.097829500098655,extension,74.69463130731182,34.98410179014638
DEMO_014,T01,24,2.4000000000000004,train,synthetic_demo,0.24602199297757835,0.5691626086440218,0.2284198736196873,0.4622025297680541,74.69463130731182,34.98410179014638,extension,72.5,33.815767217990924
DEMO_014,T01,25,2.5,train,synthetic_demo,0.24976473863056514,0.6483271115833871,0.25600835146949347,0.456351125722332,72.5,33.815767217990924,extension,70.16841607689501,32.60562630169453
DEMO_014,T01,26,2.6,train,synthetic_demo,0.23419776792771912,0.6692007103669992,0.26643796309552076,0.41151859330033064,70.16841607689501,32.60562630169453,extension,67.72542485937369,31.366937598374406
DEMO_014,T01,27,2.7,train,synthetic_demo,0.22177489074545476,0.6983929306870112,0.34750770997401037,0.418041870456062,67.72542485937369,31.366937598374406,extension,65.19779227044398,30.11327244067641
DEMO_014,T01,28,2.8000000000000003,train,synthetic_demo,0.24931021758578628,0.6988844457324893,0.3541634702704965,0.4218257103592756,65.19779227044398,30.11327244067641,extension,62.613211581691324,28.85836624641458
DEMO_014,T01,29,2.9000000000000004,train,synthetic_demo,0.27322715567580447,0.6883254813515225,0.3275838558760768,0.4396308938826957,62.613211581691324,28.85836624641458,extension,60.0,27.615968030459264
DEMO_014,T01,30,3.0,train,synthetic_demo,0.27414730626878914,0.6775969334819821,0.3438507414337457,0.40713693012951824,60.0,27.615968030459264,extension,57.38678841830866,26.39968976765299
DEMO_014,T01,31,3.1,train,synthetic_demo,0.2703301566630955,0.6492595618731049,0.32691122524460187,0.38133500604181714,57.38678841830866,26.39968976765299,extension,54.802207729556024,25.22285725716567
DEMO_014,T01,32,3.2,train,synthetic_demo,0.21919711354237859,0.724528323337096,0.3031112489985581,0.3591079491990966,54.802207729556024,25.22285725716567,extension,52.27457514062632,24.098364122250224
DEMO_014,T01,33,3.3000000000000003,train,synthetic_demo,0.2452542071812433,0.7254252476785414,0.3262001612154123,0.3883771654026664,52.27457514062632,24.098364122250224,extension,49.831583923104986,23.038530545008104
DEMO_014,T01,34,3.4000000000000004,train,synthetic_demo,0.23463823467633058,0.7087150118853119,0.3415993756641794,0.33613732896289755,49.831583923104986,23.038530545008104,extension,47.50000000000001,22.054968283896024
DEMO_014,T01,35,3.5,train,synthetic_demo,0.2677558728586513,0.5648139179816549,0.2363915713105954,0.38313509004554896,47.50000000000001,22.054968283896024,extension,45.30536869268818,21.158453452870347
DEMO_014,T01,36,3.6,train,synthetic_demo,0.19435682654950018,0.6486062706704523,0.29586330592154797,0.32153383304281563,45.30536869268818,21.158453452870347,extension,43.27173484102855,20.35880845602759
DEMO_014,T01,37,3.7,train,synthetic_demo,0.2585669907105132,0.5141272148493645,0.31419521324683725,0.3712004049449033,43.27173484102855,20.35880845602759,extension,41.42137936306515,19.66479437128963
DEMO_014,T01,38,3.8000000000000003,train,synthetic_demo,0.24240776894139843,0.6548768183131368,0.2753253127047509,0.28242940542820133,41.42137936306515,19.66479437128963,extension,39.774575140626304,19.084014962200634
DEMO_014,T01,39,3.9000000000000004,train,synthetic_demo,0.254182714024535,0.4885239301319052,0.2803658313515243,0.25365401270355975,39.774575140626304,19.084014962200634,extension,38.34936490538904,18.6228333695025
DEMO_014,T01,40,4.0,train,synthetic_demo,0.21030220485737383,0.4624862898504435,0.23040681498290294,0.3233421915399328,38.34936490538904,18.6228333695025,extension,37.16136355893498,18.286302395233275
DEMO_014,T01,41,4.1000000000000005,train,synthetic_demo,0.18744583017721467,0.42008329566864355,0.302713946928477,0.28262913576126636,37.16136355893498,18.286302395233275,extension,36.22358709262116,18.078109143170686
DEMO_014,T01,42,4.2,train,synthetic_demo,0.3040405547242939,0.36776433231155037,0.30632422204731213,0.25985382060837,36.22358709262116,18.078109143170686,extension,35.54630998165486,18.00053462215157
DEMO_014,T01,43,4.3,train,synthetic_demo,0.24493301033605694,0.24915252810558725,0.29334356436668263,0.21451810901943733,35.54630998165486,18.00053462215157,hold,35.13695261579316,18.05442875486172
DEMO_014,T01,44,4.4,train,synthetic_demo,0.20005568603024626,0.30226874105135315,0.34372365168267666,0.22535609271075854,35.13695261579316,18.05442875486172,hold,35.0,18.2392010659051
DEMO_014,T01,45,4.5,train,synthetic_demo,0.24675441563197503,0.23949584411421004,0.3094999257903541,0.2889990084566986,35.0,18.2392010659051,hold,35.13695261579316,18.552827151175826
DEMO_014,T01,46,4.6000000000000005,train,synthetic_demo,0.2414673435006067,0.24908487460892834,0.3922901851263413,0.17692247073193193,35.13695261579316,18.552827151175826,hold,35.54630998165486,18.991870857653183
DEMO_014,T01,47,4.7,train,synthetic_demo,0.3146092836175198,0.2610351417868278,0.41951025651349594,0.21617641620860273,35.54630998165486,18.991870857653183,hold,36.223587092621166,19.55152193061322
DEMO_014,T01,48,4.800000000000001,train,synthetic_demo,0.3780200372395815,0.19474649727662818,0.4609037120004279,0.2517470657770269,36.223587092621166,19.55152193061322,flexion,37.16136355893498,20.225648715786054
DEMO_014,T01,49,4.9,train,synthetic_demo,0.3905607857242566,0.20756355764912215,0.42284555336985385,0.21550236276998602,37.16136355893498,20.225648715786054,flexion,38.34936490538904,21.006865339043237
DEMO_014,T01,50,5.0,train,synthetic_demo,0.40856592568351396,0.288314308454205,0.43834332116616787,0.20792768018048197,38.34936490538904,21.006865339043237,flexion,39.774575140626325,21.88661262758029
DEMO_014,T01,51,5.1000000000000005,train,synthetic_demo,0.42423451086452024,0.27122059542783056,0.5470082057500409,0.2377731911203817,39.774575140626325,21.88661262758029,flexion,41.421379363065135,22.855251886005014
DEMO_014,T01,52,5.2,train,synthetic_demo,0.5312451019390604,0.2667996761502556,0.5288660624376291,0.2325809695667313,41.421379363065135,22.855251886005014,flexion,43.27173484102855,23.902170499901345
DEMO_014,T01,53,5.300000000000001,train,synthetic_demo,0.5439771897770973,0.25062061909348804,0.5372690783906062,0.26106911620506423,43.27173484102855,23.902170499901345,flexion,45.30536869268816,25.01589820985361
DEMO_014,T01,54,5.4,train,synthetic_demo,0.5378674457371848,0.2639117593966863,0.6452058119937893,0.14329398783294792,45.30536869268816,25.01589820985361,flexion,47.499999999999986,26.184232782009072
DEMO_014,T01,55,5.5,train,synthetic_demo,0.6257988384872019,0.2120596978908598,0.611050772598809,0.13678837096288285,47.499999999999986,26.184232782009072,flexion,49.831583923105,27.394373698305476
DEMO_014,T01,56,5.6000000000000005,train,synthetic_demo,0.6284819776861602,0.20577209313712214,0.5684943070965736,0.24871268825991935,49.831583923105,27.394373698305476,flexion,52.27457514062633,28.633062401625605
DEMO_014,T01,57,5.7,train,synthetic_demo,0.6489359432585456,0.28025104641024134,0.595381829874966,0.1917545574568043,52.27457514062633,28.633062401625605,flexion,54.802207729556045,29.886727559323603
DEMO_014,T01,58,5.800000000000001,train,synthetic_demo,0.6408911946035145,0.23851099210057158,0.6290817158789255,0.269127548555986,54.802207729556045,29.886727559323603,flexion,57.38678841830866,31.141633753585417
DEMO_014,T02,0,0.0,train,synthetic_demo,0.6880294791224723,0.29132365623487905,0.554207083348863,0.24740097471601735,60.0,32.384031969540736,flexion,62.61321158169134,33.600310232347006
DEMO_014,T02,1,0.1,train,synthetic_demo,0.6734402329676036,0.25958859555518937,0.5898509629839469,0.25578773716712644,62.61321158169134,33.600310232347006,flexion,65.19779227044398,34.77714274283433
DEMO_014,T02,2,0.2,train,synthetic_demo,0.6093901229304309,0.2972905618284782,0.5612090977436957,0.22975420669511762,65.19779227044398,34.77714274283433,flexion,67.72542485937369,35.901635877749776
DEMO_014,T02,3,0.30000000000000004,train,synthetic_demo,0.5959848828657829,0.25609823446581303,0.5539326814020377,0.2155515726535609,67.72542485937369,35.901635877749776,flexion,70.168416076895,36.96146945499189
DEMO_014,T02,4,0.4,train,synthetic_demo,0.5479460809730438,0.27488770696100684,0.4977242446743401,0.2103657893609666,70.168416076895,36.96146945499189,flexion,72.5,37.945031716103976
DEMO_014,T02,5,0.5,train,synthetic_demo,0.6017351637159005,0.231635575141325,0.48717772146282257,0.24460136908072225,72.5,37.945031716103976,flexion,74.69463130731182,38.84154654712965
DEMO_014,T02,6,0.6000000000000001,train,synthetic_demo,0.515386663057461,0.24958092974713936,0.48599649338181894,0.22697547536997578,74.69463130731182,38.84154654712965,flexion,76.72826515897145,39.64119154397241
DEMO_014,T02,7,0.7000000000000001,train,synthetic_demo,0.5155630525973443,0.22693629637482088,0.49990127928669814,0.26663196924552074,76.72826515897145,39.64119154397241,flexion,78.57862063693486,40.33520562871037
DEMO_014,T02,8,0.8,train,synthetic_demo,0.48067016089196707,0.2691725786486539,0.46289081170016994,0.262956231340142,78.57862063693486,40.33520562871037,flexion,80.22542485937369,40.91598503779936
DEMO_014,T02,9,0.9,train,synthetic_demo,0.5366679076154768,0.25330105950222465,0.4217753688587196,0.20346315657137515,80.22542485937369,40.91598503779936,flexion,81.65063509461096,41.3771666304975
DEMO_014,T02,10,1.0,train,synthetic_demo,0.4658507830055589,0.26550180208172125,0.3843932684789229,0.19659045301347944,81.65063509461096,41.3771666304975,flexion,82.83863644106502,41.71369760476672
DEMO_014,T02,11,1.1,train,synthetic_demo,0.383500305116516,0.18164765649104764,0.27022080062187015,0.20580040010486528,82.83863644106502,41.71369760476672,flexion,83.77641290737884,41.921890856829314
DEMO_014,T02,12,1.2000000000000002,train,synthetic_demo,0.334105006121374,0.2633564933448979,0.3361495841292923,0.19810179571533823,83.77641290737884,41.921890856829314,flexion,84.45369001834514,41.99946537784843
DEMO_014,T02,13,1.3,train,synthetic_demo,0.309197526063795,0.2293970966842191,0.33688406964420553,0.23474083833720763,84.45369001834514,41.99946537784843,hold,84.86304738420684,41.94557124513828
DEMO_014,T02,14,1.4000000000000001,train,synthetic_demo,0.2754686733475564,0.28439719698297716,0.34583861460547427,0.27468397695068336,84.86304738420684,41.94557124513828,hold,85.0,41.7607989340949
DEMO_014,T02,15,1.5,train,synthetic_demo,0.24014850549258182,0.2574369451081348,0.280977222465012,0.26543053200827926,85.0,41.7607989340949,hold,84.86304738420684,41.44717284882418
DEMO_014,T02,16,1.6,train,synthetic_demo,0.2320121013059789,0.28108857054353276,0.2985204404480686,0.29250682284429297,84.86304738420684,41.44717284882418,hold,84.45369001834514,41.00812914234682
DEMO_014,T02,17,1.7000000000000002,train,synthetic_demo,0.2627960909657145,0.3406832794759507,0.32817306894193427,0.34489364395264666,84.45369001834514,41.00812914234682,hold,83.77641290737884,40.44847806938679
DEMO_014,T02,18,1.8,train,synthetic_demo,0.17740973226318793,0.3962513325809879,0.2766666670163712,0.3120095368963823,83.77641290737884,40.44847806938679,extension,82.83863644106502,39.77435128421395
DEMO_014,T02,19,1.9000000000000001,train,synthetic_demo,0.15219214267762693,0.4775766171705178,0.3042203998544688,0.3507508609801342,82.83863644106502,39.77435128421395,extension,81.65063509461098,38.99313466095676
DEMO_014,T02,20,2.0,train,synthetic_demo,0.24745104942273793,0.4942412017957366,0.29422989287995305,0.3255996854330843,81.65063509461098,38.99313466095676,extension,80.22542485937369,38.113387372419716
DEMO_014,T02,21,2.1,train,synthetic_demo,0.21781254124154964,0.42636246439500414,0.22271918849205352,0.3663365885526486,80.22542485937369,38.113387372419716,extension,78.57862063693486,37.14474811399498
DEMO_014,T02,22,2.2,train,synthetic_demo,0.2575907039151765,0.5068724979298924,0.2726916992086965,0.40123138495308897,78.57862063693486,37.14474811399498,extension,76.72826515897145,36.097829500098655
DEMO_014,T02,23,2.3000000000000003,train,synthetic_demo,0.2660744770499488,0.6060899882057784,0.31393118804609443,0.40752802256529624,76.72826515897145,36.097829500098655,extension,74.69463130731182,34.98410179014638
DEMO_014,T02,24,2.4000000000000004,train,synthetic_demo,0.21085603665639274,0.6317156425862337,0.3858658229107692,0.396422390513037,74.69463130731182,34.98410179014638,extension,72.5,33.815767217990924
DEMO_014,T02,25,2.5,train,synthetic_demo,0.2560432820607117,0.6465931428052683,0.21139913572699653,0.4113235071745585,72.5,33.815767217990924,extension,70.16841607689501,32.60562630169453
DEMO_014,T02,26,2.6,train,synthetic_demo,0.1903444876519249,0.6749421474233159,0.24897627166980954,0.4551626208834326,70.16841607689501,32.60562630169453,extension,67.72542485937369,31.366937598374406
DEMO_014,T02,27,2.7,train,synthetic_demo,0.21562467692823634,0.6659277094588036,0.3498594798549048,0.5138646495111013,67.72542485937369,31.366937598374406,extension,65.19779227044398,30.11327244067641
DEMO_014,T02,28,2.8000000000000003,train,synthetic_demo,0.1989917472733953,0.637398956400711,0.29522466569855327,0.4871630083336033,65.19779227044398,30.11327244067641,extension,62.613211581691324,28.85836624641458
DEMO_014,T02,29,2.9000000000000004,train,synthetic_demo,0.20481254381281824,0.7127688712010145,0.28143517104775523,0.38833467984186554,62.613211581691324,28.85836624641458,extension,60.0,27.615968030459264
DEMO_014,T02,30,3.0,train,synthetic_demo,0.24312171975841118,0.6384205961784752,0.25871941695003725,0.4438787543513541,60.0,27.615968030459264,extension,57.38678841830866,26.39968976765299
DEMO_014,T02,31,3.1,train,synthetic_demo,0.20082821403185439,0.7003698578544599,0.2934845802763469,0.44141565692519835,57.38678841830866,26.39968976765299,extension,54.802207729556024,25.22285725716567
DEMO_014,T02,32,3.2,train,synthetic_demo,0.2337549623975025,0.763112894139873,0.33786095312209224,0.43157819665367325,54.802207729556024,25.22285725716567,extension,52.27457514062632,24.098364122250224
DEMO_014,T02,33,3.3000000000000003,train,synthetic_demo,0.2518464645703377,0.6789665512369772,0.28516868103121645,0.4199493375118637,52.27457514062632,24.098364122250224,extension,49.831583923104986,23.038530545008104
DEMO_014,T02,34,3.4000000000000004,train,synthetic_demo,0.24485911552083522,0.6374817066465306,0.2722710811474623,0.41693170789761613,49.831583923104986,23.038530545008104,extension,47.50000000000001,22.054968283896024
DEMO_014,T02,35,3.5,train,synthetic_demo,0.21069341060772578,0.6066333213754774,0.2616900837556068,0.39537309196655324,47.50000000000001,22.054968283896024,extension,45.30536869268818,21.158453452870347
DEMO_014,T02,36,3.6,train,synthetic_demo,0.21590707131824938,0.5893289935831797,0.3313764831220495,0.2832349441020103,45.30536869268818,21.158453452870347,extension,43.27173484102855,20.35880845602759
DEMO_014,T02,37,3.7,train,synthetic_demo,0.16825291960977212,0.595655870197725,0.28737454248004557,0.35541087176058683,43.27173484102855,20.35880845602759,extension,41.42137936306515,19.66479437128963
DEMO_014,T02,38,3.8000000000000003,train,synthetic_demo,0.2573525417415409,0.5121292814172766,0.29771543862427113,0.33706398448558017,41.42137936306515,19.66479437128963,extension,39.774575140626304,19.084014962200634
DEMO_014,T02,39,3.9000000000000004,train,synthetic_demo,0.19490277992320032,0.47693702075701666,0.2940917249243726,0.33876713577403583,39.774575140626304,19.084014962200634,extension,38.34936490538904,18.6228333695025
DEMO_014,T02,40,4.0,train,synthetic_demo,0.263406232640642,0.4796599372597533,0.3040878548056991,0.2826260145230837,38.34936490538904,18.6228333695025,extension,37.16136355893498,18.286302395233275
DEMO_014,T02,41,4.1000000000000005,train,synthetic_demo,0.1883511506544278,0.40182511994305475,0.24263077543927747,0.30349893392417293,37.16136355893498,18.286302395233275,extension,36.22358709262116,18.078109143170686
DEMO_014,T02,42,4.2,train,synthetic_demo,0.23345954018882428,0.3412918492221926,0.3211389163333436,0.2444396269581633,36.22358709262116,18.078109143170686,extension,35.54630998165486,18.00053462215157
DEMO_014,T02,43,4.3,train,synthetic_demo,0.23849499801218735,0.38674747653736635,0.33220578678077906,0.19170941796746258,35.54630998165486,18.00053462215157,hold,35.13695261579316,18.05442875486172
DEMO_014,T02,44,4.4,train,synthetic_demo,0.25119811148425725,0.3332518356542767,0.3757931001167511,0.19694838879972876,35.13695261579316,18.05442875486172,hold,35.0,18.2392010659051
DEMO_014,T02,45,4.5,train,synthetic_demo,0.24319324387668054,0.19768506282459455,0.37433850958673454,0.19368588823382032,35.0,18.2392010659051,hold,35.13695261579316,18.552827151175826
DEMO_014,T02,46,4.6000000000000005,train,synthetic_demo,0.2381150432434989,0.27022692430245504,0.3404680043025639,0.2902316384247905,35.13695261579316,18.552827151175826,hold,35.54630998165486,18.991870857653183
DEMO_014,T02,47,4.7,train,synthetic_demo,0.3333020566595719,0.2813409055831807,0.37714167996835596,0.21675130765066425,35.54630998165486,18.991870857653183,hold,36.223587092621166,19.55152193061322
DEMO_014,T02,48,4.800000000000001,train,synthetic_demo,0.4696947402441766,0.22245969249622796,0.46170087193604153,0.26670336885888446,36.223587092621166,19.55152193061322,flexion,37.16136355893498,20.225648715786054
DEMO_014,T02,49,4.9,train,synthetic_demo,0.4426952572294309,0.29139458320621886,0.47185898590946446,0.2113522859225392,37.16136355893498,20.225648715786054,flexion,38.34936490538904,21.006865339043237
DEMO_014,T02,50,5.0,train,synthetic_demo,0.4004602264612232,0.2992288758765906,0.5364241804602564,0.20282060947660804,38.34936490538904,21.006865339043237,flexion,39.774575140626325,21.88661262758029
DEMO_014,T02,51,5.1000000000000005,train,synthetic_demo,0.4472090225888614,0.24781753051296893,0.5212902837902099,0.2056458291199063,39.774575140626325,21.88661262758029,flexion,41.421379363065135,22.855251886005014
DEMO_014,T02,52,5.2,train,synthetic_demo,0.5417731897746945,0.22703881606700083,0.5444042466448793,0.19551092529529965,41.421379363065135,22.855251886005014,flexion,43.27173484102855,23.902170499901345
DEMO_014,T02,53,5.300000000000001,train,synthetic_demo,0.5249892208730484,0.2287620275052702,0.5901823689021897,0.16682418349467215,43.27173484102855,23.902170499901345,flexion,45.30536869268816,25.01589820985361
DEMO_014,T02,54,5.4,train,synthetic_demo,0.5922186891832715,0.26964054592638687,0.5696539570480337,0.22630647850666163,45.30536869268816,25.01589820985361,flexion,47.499999999999986,26.184232782009072
DEMO_014,T02,55,5.5,train,synthetic_demo,0.6103368048403092,0.29356622949737277,0.6340483554000964,0.14092286611680105,47.499999999999986,26.184232782009072,flexion,49.831583923105,27.394373698305476
DEMO_014,T02,56,5.6000000000000005,train,synthetic_demo,0.573805309608284,0.2768526671895523,0.6015297353274177,0.23075662915383233,49.831583923105,27.394373698305476,flexion,52.27457514062633,28.633062401625605
DEMO_014,T02,57,5.7,train,synthetic_demo,0.6311853860578414,0.26544916811076713,0.5599998579862018,0.24671675138244553,52.27457514062633,28.633062401625605,flexion,54.802207729556045,29.886727559323603
DEMO_014,T02,58,5.800000000000001,train,synthetic_demo,0.647290080574591,0.26925339961820965,0.5649213470520253,0.2602589419535632,54.802207729556045,29.886727559323603,flexion,57.38678841830866,31.141633753585417
DEMO_014,T03,0,0.0,train,synthetic_demo,0.6681766279806892,0.2551771496083176,0.5980865702773861,0.20281698215241142,60.0,32.384031969540736,flexion,62.61321158169134,33.600310232347006
DEMO_014,T03,1,0.1,train,synthetic_demo,0.6382195887345357,0.23821510444049868,0.6035527147211918,0.20906897927392099,62.61321158169134,33.600310232347006,flexion,65.19779227044398,34.77714274283433
DEMO_014,T03,2,0.2,train,synthetic_demo,0.5940434446708087,0.2195599219795527,0.5844898939040799,0.23560329614239642,65.19779227044398,34.77714274283433,flexion,67.72542485937369,35.901635877749776
DEMO_014,T03,3,0.30000000000000004,train,synthetic_demo,0.5783659660759896,0.24598021485307495,0.47034054781339285,0.2440058657962308,67.72542485937369,35.901635877749776,flexion,70.168416076895,36.96146945499189
DEMO_014,T03,4,0.4,train,synthetic_demo,0.6779858504705277,0.28824032688510504,0.5648199994363051,0.2196984465562632,70.168416076895,36.96146945499189,flexion,72.5,37.945031716103976
DEMO_014,T03,5,0.5,train,synthetic_demo,0.5328162424359533,0.28781308188734206,0.5340531421164741,0.2061143677357869,72.5,37.945031716103976,flexion,74.69463130731182,38.84154654712965
DEMO_014,T03,6,0.6000000000000001,train,synthetic_demo,0.46327022474915475,0.20338023061480334,0.4772337810033905,0.22214469477975227,74.69463130731182,38.84154654712965,flexion,76.72826515897145,39.64119154397241
DEMO_014,T03,7,0.7000000000000001,train,synthetic_demo,0.5189312423262425,0.22828309174273362,0.46012567655828135,0.24608342429163205,76.72826515897145,39.64119154397241,flexion,78.57862063693486,40.33520562871037
DEMO_014,T03,8,0.8,train,synthetic_demo,0.5180524522295109,0.22264274910851467,0.42917299261510244,0.21588270126126818,78.57862063693486,40.33520562871037,flexion,80.22542485937369,40.91598503779936
DEMO_014,T03,9,0.9,train,synthetic_demo,0.49768312150018695,0.22915101339344734,0.5185912691198217,0.19919099448637434,80.22542485937369,40.91598503779936,flexion,81.65063509461096,41.3771666304975
DEMO_014,T03,10,1.0,train,synthetic_demo,0.39577987924193647,0.2375226224152649,0.3878971694968865,0.25304783154678806,81.65063509461096,41.3771666304975,flexion,82.83863644106502,41.71369760476672
DEMO_014,T03,11,1.1,train,synthetic_demo,0.41216976017697016,0.25340433820440994,0.3231061742025886,0.19316714625583925,82.83863644106502,41.71369760476672,flexion,83.77641290737884,41.921890856829314
DEMO_014,T03,12,1.2000000000000002,train,synthetic_demo,0.37679937759777027,0.29297506086352776,0.26651868527377787,0.20150321850341152,83.77641290737884,41.921890856829314,flexion,84.45369001834514,41.99946537784843
DEMO_014,T03,13,1.3,train,synthetic_demo,0.3263685217097858,0.2505276780659567,0.27402370710413,0.22308240397180396,84.45369001834514,41.99946537784843,hold,84.86304738420684,41.94557124513828
DEMO_014,T03,14,1.4000000000000001,train,synthetic_demo,0.21689771334030528,0.22636624815745848,0.3797734335605375,0.16913353359187774,84.86304738420684,41.94557124513828,hold,85.0,41.7607989340949
DEMO_014,T03,15,1.5,train,synthetic_demo,0.20564576020316774,0.26718976384779064,0.3340089580920479,0.339761843922353,85.0,41.7607989340949,hold,84.86304738420684,41.44717284882418
DEMO_014,T03,16,1.6,train,synthetic_demo,0.28395096701574163,0.3365244123203574,0.2577132688943018,0.35597249277224824,84.86304738420684,41.44717284882418,hold,84.45369001834514,41.00812914234682
DEMO_014,T03,17,1.7000000000000002,train,synthetic_demo,0.2584106325561036,0.30836116053237717,0.2715931032161098,0.3589511914009319,84.45369001834514,41.00812914234682,hold,83.77641290737884,40.44847806938679
DEMO_014,T03,18,1.8,train,synthetic_demo,0.22569913826018595,0.3983075262092467,0.24216543020860218,0.3043281636255452,83.77641290737884,40.44847806938679,extension,82.83863644106502,39.77435128421395
DEMO_014,T03,19,1.9000000000000001,train,synthetic_demo,0.2593268399816962,0.4235382515691222,0.2301051213717938,0.30476669614708535,82.83863644106502,39.77435128421395,extension,81.65063509461098,38.99313466095676
DEMO_014,T03,20,2.0,train,synthetic_demo,0.21974346479497345,0.44016829050606476,0.2723012950181087,0.3658001621623797,81.65063509461098,38.99313466095676,extension,80.22542485937369,38.113387372419716
DEMO_014,T03,21,2.1,train,synthetic_demo,0.23191933796553565,0.5600742816067925,0.33828827863994726,0.4191041603052242,80.22542485937369,38.113387372419716,extension,78.57862063693486,37.14474811399498
DEMO_014,T03,22,2.2,train,synthetic_demo,0.20192712855430728,0.5607599071104382,0.2755569039786118,0.4590715859928012,78.57862063693486,37.14474811399498,extension,76.72826515897145,36.097829500098655
DEMO_014,T03,23,2.3000000000000003,train,synthetic_demo,0.20207275073514988,0.5738441590297448,0.3191413691873448,0.40343382169711683,76.72826515897145,36.097829500098655,extension,74.69463130731182,34.98410179014638
DEMO_014,T03,24,2.4000000000000004,train,synthetic_demo,0.1863615093288342,0.5865043146348448,0.3623725880427514,0.43611845941575045,74.69463130731182,34.98410179014638,extension,72.5,33.815767217990924
DEMO_014,T03,25,2.5,train,synthetic_demo,0.24603850690880313,0.6692040631734274,0.3186129389563097,0.3620682140065784,72.5,33.815767217990924,extension,70.16841607689501,32.60562630169453
DEMO_014,T03,26,2.6,train,synthetic_demo,0.2428704401718564,0.6017209410024911,0.34463627286885173,0.45997573509741657,70.16841607689501,32.60562630169453,extension,67.72542485937369,31.366937598374406
DEMO_014,T03,27,2.7,train,synthetic_demo,0.21367619076110267,0.6670253567258035,0.2409459393150118,0.38200761600721334,67.72542485937369,31.366937598374406,extension,65.19779227044398,30.11327244067641
DEMO_014,T03,28,2.8000000000000003,train,synthetic_demo,0.22794638729143607,0.7303451684455583,0.2401207977248804,0.44906042079561725,65.19779227044398,30.11327244067641,extension,62.613211581691324,28.85836624641458
DEMO_014,T03,29,2.9000000000000004,train,synthetic_demo,0.23146300341568088,0.7000348651017279,0.3231684639975007,0.4697158794096957,62.613211581691324,28.85836624641458,extension,60.0,27.615968030459264
DEMO_014,T03,30,3.0,train,synthetic_demo,0.24349866158722086,0.6945517110940099,0.318321379390807,0.431123992770784,60.0,27.615968030459264,extension,57.38678841830866,26.39968976765299
DEMO_014,T03,31,3.1,train,synthetic_demo,0.2630612829621194,0.706174526257318,0.24497187045985166,0.4171952233739538,57.38678841830866,26.39968976765299,extension,54.802207729556024,25.22285725716567
DEMO_014,T03,32,3.2,train,synthetic_demo,0.2813399872682037,0.6862123467047885,0.30094940251050384,0.39330012161277744,54.802207729556024,25.22285725716567,extension,52.27457514062632,24.098364122250224
DEMO_014,T03,33,3.3000000000000003,train,synthetic_demo,0.23166346405113264,0.6882870396652888,0.2899569808137131,0.4456926522854492,52.27457514062632,24.098364122250224,extension,49.831583923104986,23.038530545008104
DEMO_014,T03,34,3.4000000000000004,train,synthetic_demo,0.20561156632106323,0.6777645979777266,0.31140793244844256,0.3931693531255135,49.831583923104986,23.038530545008104,extension,47.50000000000001,22.054968283896024
DEMO_014,T03,35,3.5,train,synthetic_demo,0.2123110163127511,0.6275251534420774,0.30940968445158495,0.40386436730511877,47.50000000000001,22.054968283896024,extension,45.30536869268818,21.158453452870347
DEMO_014,T03,36,3.6,train,synthetic_demo,0.3163958007844667,0.6101122456500362,0.335683521494492,0.37095009739477014,45.30536869268818,21.158453452870347,extension,43.27173484102855,20.35880845602759
DEMO_014,T03,37,3.7,train,synthetic_demo,0.2930553655513931,0.5977463105789053,0.2815884274588786,0.3657721616148432,43.27173484102855,20.35880845602759,extension,41.42137936306515,19.66479437128963
DEMO_014,T03,38,3.8000000000000003,train,synthetic_demo,0.2889329257730868,0.5354690354804517,0.3002828754600634,0.3874314710123327,41.42137936306515,19.66479437128963,extension,39.774575140626304,19.084014962200634
DEMO_014,T03,39,3.9000000000000004,train,synthetic_demo,0.230851164705974,0.46521636841318187,0.272132645465276,0.29648241280332926,39.774575140626304,19.084014962200634,extension,38.34936490538904,18.6228333695025
DEMO_014,T03,40,4.0,train,synthetic_demo,0.2242027904679578,0.4973289059685745,0.27940737410995115,0.2900571768204746,38.34936490538904,18.6228333695025,extension,37.16136355893498,18.286302395233275
DEMO_014,T03,41,4.1000000000000005,train,synthetic_demo,0.1948406319877019,0.42223903068321605,0.32247496320207,0.3336824446468042,37.16136355893498,18.286302395233275,extension,36.22358709262116,18.078109143170686
DEMO_014,T03,42,4.2,train,synthetic_demo,0.15434277141976113,0.3402644300978236,0.3179833905988928,0.22767666025168878,36.22358709262116,18.078109143170686,extension,35.54630998165486,18.00053462215157
DEMO_014,T03,43,4.3,train,synthetic_demo,0.1814064950739071,0.31398860880277835,0.3301720297957991,0.23799579831830164,35.54630998165486,18.00053462215157,hold,35.13695261579316,18.05442875486172
DEMO_014,T03,44,4.4,train,synthetic_demo,0.2353018855141792,0.30602498843743137,0.39565801391111755,0.22471372099789716,35.13695261579316,18.05442875486172,hold,35.0,18.2392010659051
DEMO_014,T03,45,4.5,train,synthetic_demo,0.2323338214587762,0.2556063487264553,0.40336670728487234,0.199668914515565,35.0,18.2392010659051,hold,35.13695261579316,18.552827151175826
DEMO_014,T03,46,4.6000000000000005,train,synthetic_demo,0.30699804322567037,0.27661790710111944,0.3798494231254811,0.23687655036579622,35.13695261579316,18.552827151175826,hold,35.54630998165486,18.991870857653183
DEMO_014,T03,47,4.7,train,synthetic_demo,0.29705712076616675,0.2848149450526776,0.41184829233872555,0.1983938139029593,35.54630998165486,18.991870857653183,hold,36.223587092621166,19.55152193061322
DEMO_014,T03,48,4.800000000000001,train,synthetic_demo,0.40154099619822686,0.2534835982082767,0.43085344671132925,0.1851354948971911,36.223587092621166,19.55152193061322,flexion,37.16136355893498,20.225648715786054
DEMO_014,T03,49,4.9,train,synthetic_demo,0.38935310318984256,0.27533555975294044,0.45297643743286964,0.1953427628218368,37.16136355893498,20.225648715786054,flexion,38.34936490538904,21.006865339043237
DEMO_014,T03,50,5.0,train,synthetic_demo,0.45590566752806255,0.24313868536240257,0.5696935463616515,0.16832737344215004,38.34936490538904,21.006865339043237,flexion,39.774575140626325,21.88661262758029
DEMO_014,T03,51,5.1000000000000005,train,synthetic_demo,0.4907841063839888,0.3068583561447207,0.5036554195828638,0.1691848183836161,39.774575140626325,21.88661262758029,flexion,41.421379363065135,22.855251886005014
DEMO_014,T03,52,5.2,train,synthetic_demo,0.4985144341609573,0.21220170154603862,0.5115438349338591,0.23003114927650403,41.421379363065135,22.855251886005014,flexion,43.27173484102855,23.902170499901345
DEMO_014,T03,53,5.300000000000001,train,synthetic_demo,0.5082886713576676,0.29803752858545357,0.5868583281228538,0.25432660395127554,43.27173484102855,23.902170499901345,flexion,45.30536869268816,25.01589820985361
DEMO_014,T03,54,5.4,train,synthetic_demo,0.552635751650613,0.22395041303325952,0.5359831034113834,0.20743737262600936,45.30536869268816,25.01589820985361,flexion,47.499999999999986,26.184232782009072
DEMO_014,T03,55,5.5,train,synthetic_demo,0.6096140576116955,0.2723542678339334,0.6322276740777809,0.1621730495129613,47.499999999999986,26.184232782009072,flexion,49.831583923105,27.394373698305476
DEMO_014,T03,56,5.6000000000000005,train,synthetic_demo,0.6686813099788547,0.2978594286070943,0.5684852635869151,0.22778719970482228,49.831583923105,27.394373698305476,flexion,52.27457514062633,28.633062401625605
DEMO_014,T03,57,5.7,train,synthetic_demo,0.6534545722626004,0.2646215128293309,0.6117139624697256,0.28327741495047754,52.27457514062633,28.633062401625605,flexion,54.802207729556045,29.886727559323603
DEMO_014,T03,58,5.800000000000001,train,synthetic_demo,0.6342202712020858,0.2524960304397811,0.5058355976065889,0.2164892624372404,54.802207729556045,29.886727559323603,flexion,57.38678841830866,31.141633753585417
DEMO_015,T01,0,0.0,train,synthetic_demo,0.549068915626193,0.28139722122769606,0.4835341866430529,0.25426301464410406,60.0,32.384031969540736,flexion,62.61321158169134,33.600310232347006
DEMO_015,T01,1,0.1,train,synthetic_demo,0.5637559979551069,0.3714946459361472,0.45986828780683014,0.19354312960092387,62.61321158169134,33.600310232347006,flexion,65.19779227044398,34.77714274283433
DEMO_015,T01,2,0.2,train,synthetic_demo,0.6009710934081253,0.33231997486310294,0.43556576020755017,0.21970870967345504,65.19779227044398,34.77714274283433,flexion,67.72542485937369,35.901635877749776
DEMO_015,T01,3,0.30000000000000004,train,synthetic_demo,0.5850154207240476,0.32598433006831945,0.47755598572394825,0.2634018571573504,67.72542485937369,35.901635877749776,flexion,70.168416076895,36.96146945499189
DEMO_015,T01,4,0.4,train,synthetic_demo,0.4957122265779528,0.22962205986829648,0.42804250029207835,0.23128319770243985,70.168416076895,36.96146945499189,flexion,72.5,37.945031716103976
DEMO_015,T01,5,0.5,train,synthetic_demo,0.5211593023671122,0.29191092999760826,0.4235286970241577,0.2052237935910371,72.5,37.945031716103976,flexion,74.69463130731182,38.84154654712965
DEMO_015,T01,6,0.6000000000000001,train,synthetic_demo,0.5389457211201986,0.33271365643203676,0.4315510195385718,0.21928905534084753,74.69463130731182,38.84154654712965,flexion,76.72826515897145,39.64119154397241
DEMO_015,T01,7,0.7000000000000001,train,synthetic_demo,0.46750675928440366,0.2760080567092471,0.41718948632449393,0.20030318034733705,76.72826515897145,39.64119154397241,flexion,78.57862063693486,40.33520562871037
DEMO_015,T01,8,0.8,train,synthetic_demo,0.4510878749339276,0.28567470260416444,0.3837011215636817,0.22206448030685524,78.57862063693486,40.33520562871037,flexion,80.22542485937369,40.91598503779936
DEMO_015,T01,9,0.9,train,synthetic_demo,0.4430782667797059,0.2735208413822124,0.31524565434678387,0.2548634861773234,80.22542485937369,40.91598503779936,flexion,81.65063509461096,41.3771666304975
DEMO_015,T01,10,1.0,train,synthetic_demo,0.42318200090222485,0.3090041935690582,0.3649588052182161,0.2519774207615249,81.65063509461096,41.3771666304975,flexion,82.83863644106502,41.71369760476672
DEMO_015,T01,11,1.1,train,synthetic_demo,0.34670095951774305,0.2791170745075764,0.31187401620197913,0.23296942931831532,82.83863644106502,41.71369760476672,flexion,83.77641290737884,41.921890856829314
DEMO_015,T01,12,1.2000000000000002,train,synthetic_demo,0.3520781574416648,0.2402344925305979,0.3062227525350481,0.2391069005116128,83.77641290737884,41.921890856829314,flexion,84.45369001834514,41.99946537784843
DEMO_015,T01,13,1.3,train,synthetic_demo,0.28068512720050476,0.2600161296850366,0.20351431943868714,0.21840795690627976,84.45369001834514,41.99946537784843,hold,84.86304738420684,41.94557124513828
DEMO_015,T01,14,1.4000000000000001,train,synthetic_demo,0.2502487638966664,0.31085269556095474,0.2316340491500345,0.32610604687079003,84.86304738420684,41.94557124513828,hold,85.0,41.7607989340949
DEMO_015,T01,15,1.5,train,synthetic_demo,0.19617314256115,0.25157353879396555,0.21875930044489433,0.23957500509730295,85.0,41.7607989340949,hold,84.86304738420684,41.44717284882418
DEMO_015,T01,16,1.6,train,synthetic_demo,0.21113501566518586,0.3238800106572124,0.2786379604396293,0.3141347620320492,84.86304738420684,41.44717284882418,hold,84.45369001834514,41.00812914234682
DEMO_015,T01,17,1.7000000000000002,train,synthetic_demo,0.2166146498605552,0.3797652047419131,0.2377553400852806,0.38771487854000247,84.45369001834514,41.00812914234682,hold,83.77641290737884,40.44847806938679
DEMO_015,T01,18,1.8,train,synthetic_demo,0.22727596075134252,0.4231812757893786,0.261180952102068,0.3185930172145222,83.77641290737884,40.44847806938679,extension,82.83863644106502,39.77435128421395
DEMO_015,T01,19,1.9000000000000001,train,synthetic_demo,0.2442189851337208,0.41995264707745045,0.2749941645247118,0.36490396031817857,82.83863644106502,39.77435128421395,extension,81.65063509461098,38.99313466095676
DEMO_015,T01,20,2.0,train,synthetic_demo,0.2617417012421008,0.5417344125339952,0.2768000120550554,0.3482054755415967,81.65063509461098,38.99313466095676,extension,80.22542485937369,38.113387372419716
DEMO_015,T01,21,2.1,train,synthetic_demo,0.18765105899059376,0.5896319594429544,0.23778925462821732,0.40920848950023253,80.22542485937369,38.113387372419716,extension,78.57862063693486,37.14474811399498
DEMO_015,T01,22,2.2,train,synthetic_demo,0.2937733223955316,0.5748530563789671,0.2165647979839399,0.40418192881337844,78.57862063693486,37.14474811399498,extension,76.72826515897145,36.097829500098655
DEMO_015,T01,23,2.3000000000000003,train,synthetic_demo,0.19350592524298008,0.6567039260345491,0.2306522757956426,0.4398330372790416,76.72826515897145,36.097829500098655,extension,74.69463130731182,34.98410179014638
DEMO_015,T01,24,2.4000000000000004,train,synthetic_demo,0.1853060415572831,0.6747301505020943,0.2847429341578901,0.437315737002699,74.69463130731182,34.98410179014638,extension,72.5,33.815767217990924
DEMO_015,T01,25,2.5,train,synthetic_demo,0.17802987818741284,0.7416570536368695,0.24054144191512566,0.4692011365199502,72.5,33.815767217990924,extension,70.16841607689501,32.60562630169453
DEMO_015,T01,26,2.6,train,synthetic_demo,0.20522516213787828,0.742267479712041,0.23992635401069648,0.46435050101975944,70.16841607689501,32.60562630169453,extension,67.72542485937369,31.366937598374406
DEMO_015,T01,27,2.7,train,synthetic_demo,0.21840227922125463,0.7283272705646019,0.3358746083140509,0.44048872107378517,67.72542485937369,31.366937598374406,extension,65.19779227044398,30.11327244067641
DEMO_015,T01,28,2.8000000000000003,train,synthetic_demo,0.23392418721201727,0.7756949599708487,0.24192007961176776,0.46440596161245484,65.19779227044398,30.11327244067641,extension,62.613211581691324,28.85836624641458
DEMO_015,T01,29,2.9000000000000004,train,synthetic_demo,0.2410193375507091,0.8297732849589362,0.20312647588819707,0.5522830748449714,62.613211581691324,28.85836624641458,extension,60.0,27.615968030459264
DEMO_015,T01,30,3.0,train,synthetic_demo,0.23004826371810722,0.7487748804913611,0.29995870702322924,0.4974739658229116,60.0,27.615968030459264,extension,57.38678841830866,26.39968976765299
DEMO_015,T01,31,3.1,train,synthetic_demo,0.19360263571641795,0.8596042093204816,0.2489781327922269,0.4921140965748652,57.38678841830866,26.39968976765299,extension,54.802207729556024,25.22285725716567
DEMO_015,T01,32,3.2,train,synthetic_demo,0.1991367256196494,0.7376781523394487,0.2870928445701989,0.47517783070747244,54.802207729556024,25.22285725716567,extension,52.27457514062632,24.098364122250224
DEMO_015,T01,33,3.3000000000000003,train,synthetic_demo,0.3060638884839214,0.8114204991502296,0.26936105777733804,0.4784196751773954,52.27457514062632,24.098364122250224,extension,49.831583923104986,23.038530545008104
DEMO_015,T01,34,3.4000000000000004,train,synthetic_demo,0.25958557238292385,0.754940679917538,0.27164990582354936,0.39542136905558656,49.831583923104986,23.038530545008104,extension,47.50000000000001,22.054968283896024
DEMO_015,T01,35,3.5,train,synthetic_demo,0.19850796294734724,0.6950465057608701,0.2762104809533959,0.38059104505290553,47.50000000000001,22.054968283896024,extension,45.30536869268818,21.158453452870347
DEMO_015,T01,36,3.6,train,synthetic_demo,0.18597207070405794,0.7172189247700174,0.30812333865977903,0.37530530600626916,45.30536869268818,21.158453452870347,extension,43.27173484102855,20.35880845602759
DEMO_015,T01,37,3.7,train,synthetic_demo,0.20751412287694196,0.6708428781527493,0.2556119328500875,0.41058905995712763,43.27173484102855,20.35880845602759,extension,41.42137936306515,19.66479437128963
DEMO_015,T01,38,3.8000000000000003,train,synthetic_demo,0.24238949443287738,0.5693891882787329,0.2058995256727588,0.3771449110068548,41.42137936306515,19.66479437128963,extension,39.774575140626304,19.084014962200634
DEMO_015,T01,39,3.9000000000000004,train,synthetic_demo,0.27513512166918735,0.5869903778002985,0.2021105016561362,0.30369419992120283,39.774575140626304,19.084014962200634,extension,38.34936490538904,18.6228333695025
DEMO_015,T01,40,4.0,train,synthetic_demo,0.21437686128530378,0.5431722812407955,0.2589905474483812,0.35404660708002095,38.34936490538904,18.6228333695025,extension,37.16136355893498,18.286302395233275
DEMO_015,T01,41,4.1000000000000005,train,synthetic_demo,0.21562036906670345,0.4408882227310085,0.27472419482290283,0.21370393893627287,37.16136355893498,18.286302395233275,extension,36.22358709262116,18.078109143170686
DEMO_015,T01,42,4.2,train,synthetic_demo,0.16594896902926506,0.3754054077205407,0.19619325247824,0.3578528790830515,36.22358709262116,18.078109143170686,extension,35.54630998165486,18.00053462215157
DEMO_015,T01,43,4.3,train,synthetic_demo,0.215633228245232,0.3214863053806968,0.2893333462206075,0.23219277570110675,35.54630998165486,18.00053462215157,hold,35.13695261579316,18.05442875486172
DEMO_015,T01,44,4.4,train,synthetic_demo,0.21322207339625765,0.3738114939742606,0.24333290894861498,0.23369170483738855,35.13695261579316,18.05442875486172,hold,35.0,18.2392010659051
DEMO_015,T01,45,4.5,train,synthetic_demo,0.17591472941104164,0.2735349362976254,0.31487549345465987,0.23179319023378836,35.0,18.2392010659051,hold,35.13695261579316,18.552827151175826
DEMO_015,T01,46,4.6000000000000005,train,synthetic_demo,0.24325500456151278,0.2724254862428904,0.3015654755458223,0.2188298921319589,35.13695261579316,18.552827151175826,hold,35.54630998165486,18.991870857653183
DEMO_015,T01,47,4.7,train,synthetic_demo,0.2816987733444221,0.26046036035963516,0.3370581640839991,0.2199590696572009,35.54630998165486,18.991870857653183,hold,36.223587092621166,19.55152193061322
DEMO_015,T01,48,4.800000000000001,train,synthetic_demo,0.3554397443350332,0.29975429271059634,0.34817704321257603,0.2661403459664714,36.223587092621166,19.55152193061322,flexion,37.16136355893498,20.225648715786054
DEMO_015,T01,49,4.9,train,synthetic_demo,0.39508803980435003,0.28092179324177396,0.41718547750815527,0.19492148130388504,37.16136355893498,20.225648715786054,flexion,38.34936490538904,21.006865339043237
DEMO_015,T01,50,5.0,train,synthetic_demo,0.34384519664054936,0.274326337686262,0.4453119773949389,0.2845689637394742,38.34936490538904,21.006865339043237,flexion,39.774575140626325,21.88661262758029
DEMO_015,T01,51,5.1000000000000005,train,synthetic_demo,0.4453316982188511,0.2541849684592541,0.3879914153397664,0.25596839198415294,39.774575140626325,21.88661262758029,flexion,41.421379363065135,22.855251886005014
DEMO_015,T01,52,5.2,train,synthetic_demo,0.45614685697087987,0.2957784621214611,0.4551419333825776,0.21957673269375025,41.421379363065135,22.855251886005014,flexion,43.27173484102855,23.902170499901345
DEMO_015,T01,53,5.300000000000001,train,synthetic_demo,0.4211636537551174,0.2175919005155214,0.45499145085957576,0.19987702397742171,43.27173484102855,23.902170499901345,flexion,45.30536869268816,25.01589820985361
DEMO_015,T01,54,5.4,train,synthetic_demo,0.5041509287185074,0.28796143550557785,0.496388021711708,0.17849079752558022,45.30536869268816,25.01589820985361,flexion,47.499999999999986,26.184232782009072
DEMO_015,T01,55,5.5,train,synthetic_demo,0.5245337845301274,0.28205775320410686,0.5487169105297497,0.22341413616627695,47.499999999999986,26.184232782009072,flexion,49.831583923105,27.394373698305476
DEMO_015,T01,56,5.6000000000000005,train,synthetic_demo,0.474097592221235,0.22397549942856648,0.5413440840702125,0.18648224473056654,49.831583923105,27.394373698305476,flexion,52.27457514062633,28.633062401625605
DEMO_015,T01,57,5.7,train,synthetic_demo,0.5763984468053491,0.2616487972778919,0.4655123480556809,0.20462007492676942,52.27457514062633,28.633062401625605,flexion,54.802207729556045,29.886727559323603
DEMO_015,T01,58,5.800000000000001,train,synthetic_demo,0.6062525271148302,0.23686983414157617,0.5700958966046865,0.1829509741980733,54.802207729556045,29.886727559323603,flexion,57.38678841830866,31.141633753585417
DEMO_015,T02,0,0.0,train,synthetic_demo,0.627710382232231,0.27902790981796644,0.45683757645140727,0.26794529122160793,60.0,32.384031969540736,flexion,62.61321158169134,33.600310232347006
DEMO_015,T02,1,0.1,train,synthetic_demo,0.550398351814323,0.2833118359828281,0.44729809787430114,0.28976654750730774,62.61321158169134,33.600310232347006,flexion,65.19779227044398,34.77714274283433
DEMO_015,T02,2,0.2,train,synthetic_demo,0.5477634123732098,0.3490394332194311,0.4728552300314892,0.2130607523168749,65.19779227044398,34.77714274283433,flexion,67.72542485937369,35.901635877749776
DEMO_015,T02,3,0.30000000000000004,train,synthetic_demo,0.5109671855790396,0.29241149890083934,0.4784627245323541,0.25890163079288636,67.72542485937369,35.901635877749776,flexion,70.168416076895,36.96146945499189
DEMO_015,T02,4,0.4,train,synthetic_demo,0.5601529426167382,0.27268656217321485,0.38145751358304986,0.22572891161453598,70.168416076895,36.96146945499189,flexion,72.5,37.945031716103976
DEMO_015,T02,5,0.5,train,synthetic_demo,0.5602997458790733,0.334242177642344,0.464026609226979,0.25472083360604314,72.5,37.945031716103976,flexion,74.69463130731182,38.84154654712965
DEMO_015,T02,6,0.6000000000000001,train,synthetic_demo,0.507479502692301,0.26263154522200316,0.3172541815549321,0.265023505856511,74.69463130731182,38.84154654712965,flexion,76.72826515897145,39.64119154397241
DEMO_015,T02,7,0.7000000000000001,train,synthetic_demo,0.5094144873075132,0.28649027533529414,0.38613919725904855,0.26318060844991575,76.72826515897145,39.64119154397241,flexion,78.57862063693486,40.33520562871037
DEMO_015,T02,8,0.8,train,synthetic_demo,0.470108078973731,0.25577810846416504,0.3628810760742616,0.23347802270113313,78.57862063693486,40.33520562871037,flexion,80.22542485937369,40.91598503779936
DEMO_015,T02,9,0.9,train,synthetic_demo,0.42510512040212,0.20991015362762563,0.3592628026417161,0.21931547366280718,80.22542485937369,40.91598503779936,flexion,81.65063509461096,41.3771666304975
DEMO_015,T02,10,1.0,train,synthetic_demo,0.4298696030604429,0.35578573466578556,0.24568865113055596,0.2713545859029636,81.65063509461096,41.3771666304975,flexion,82.83863644106502,41.71369760476672
DEMO_015,T02,11,1.1,train,synthetic_demo,0.3436151191623091,0.25031160208596925,0.2758392595031432,0.24308275476427305,82.83863644106502,41.71369760476672,flexion,83.77641290737884,41.921890856829314
DEMO_015,T02,12,1.2000000000000002,train,synthetic_demo,0.3401745798203832,0.36551873976189997,0.2569989156960666,0.2022886533599858,83.77641290737884,41.921890856829314,flexion,84.45369001834514,41.99946537784843
DEMO_015,T02,13,1.3,train,synthetic_demo,0.22012006546309737,0.24781533077537218,0.25627186133460245,0.15703508297286672,84.45369001834514,41.99946537784843,hold,84.86304738420684,41.94557124513828
DEMO_015,T02,14,1.4000000000000001,train,synthetic_demo,0.20875971180268155,0.27121289158511996,0.20996038705249181,0.29359119140686596,84.86304738420684,41.94557124513828,hold,85.0,41.7607989340949
DEMO_015,T02,15,1.5,train,synthetic_demo,0.20372089552105158,0.27764806226892913,0.2275270271265134,0.25247453863137886,85.0,41.7607989340949,hold,84.86304738420684,41.44717284882418
DEMO_015,T02,16,1.6,train,synthetic_demo,0.25849236293821015,0.3170728459799413,0.19762835982739085,0.2971774909540499,84.86304738420684,41.44717284882418,hold,84.45369001834514,41.00812914234682
DEMO_015,T02,17,1.7000000000000002,train,synthetic_demo,0.22119750498603144,0.4257413701680815,0.2948356657925073,0.36231477532246936,84.45369001834514,41.00812914234682,hold,83.77641290737884,40.44847806938679
DEMO_015,T02,18,1.8,train,synthetic_demo,0.22572220947856636,0.42995347190025807,0.2227366818891966,0.4103858923495244,83.77641290737884,40.44847806938679,extension,82.83863644106502,39.77435128421395
DEMO_015,T02,19,1.9000000000000001,train,synthetic_demo,0.20155939789506144,0.5104807524037287,0.2835415459992523,0.32568516207780235,82.83863644106502,39.77435128421395,extension,81.65063509461098,38.99313466095676
DEMO_015,T02,20,2.0,train,synthetic_demo,0.22580442566175454,0.5038290923895116,0.20046805163926232,0.3615781233637692,81.65063509461098,38.99313466095676,extension,80.22542485937369,38.113387372419716
DEMO_015,T02,21,2.1,train,synthetic_demo,0.21600092318217115,0.6251990268491013,0.26360776156540067,0.43465316694729883,80.22542485937369,38.113387372419716,extension,78.57862063693486,37.14474811399498
DEMO_015,T02,22,2.2,train,synthetic_demo,0.20214467346745396,0.6011130579145229,0.2113611350503508,0.38737347044417003,78.57862063693486,37.14474811399498,extension,76.72826515897145,36.097829500098655
DEMO_015,T02,23,2.3000000000000003,train,synthetic_demo,0.19271939902744611,0.6407495144981062,0.17337510277319096,0.407642310284341,76.72826515897145,36.097829500098655,extension,74.69463130731182,34.98410179014638
DEMO_015,T02,24,2.4000000000000004,train,synthetic_demo,0.16795761798859166,0.7304737659008005,0.2400898675917816,0.48889834715777,74.69463130731182,34.98410179014638,extension,72.5,33.815767217990924
DEMO_015,T02,25,2.5,train,synthetic_demo,0.21436919144570749,0.673286797836349,0.27883427338336564,0.375404344123922,72.5,33.815767217990924,extension,70.16841607689501,32.60562630169453
DEMO_015,T02,26,2.6,train,synthetic_demo,0.22482322923811934,0.7397326755114503,0.29061348217020366,0.5132252847690619,70.16841607689501,32.60562630169453,extension,67.72542485937369,31.366937598374406
DEMO_015,T02,27,2.7,train,synthetic_demo,0.15624247313560924,0.7080559722338879,0.1940576478628914,0.45199767289791265,67.72542485937369,31.366937598374406,extension,65.19779227044398,30.11327244067641
DEMO_015,T02,28,2.8000000000000003,train,synthetic_demo,0.18811722488400912,0.7680640982660975,0.28467275402631426,0.45774843612691307,65.19779227044398,30.11327244067641,extension,62.613211581691324,28.85836624641458
DEMO_015,T02,29,2.9000000000000004,train,synthetic_demo,0.20629375583742068,0.7180923861461284,0.2836817050600268,0.4726797145134267,62.613211581691324,28.85836624641458,extension,60.0,27.615968030459264
DEMO_015,T02,30,3.0,train,synthetic_demo,0.2078537236365233,0.8103819613034237,0.247604788460301,0.498341726092043,60.0,27.615968030459264,extension,57.38678841830866,26.39968976765299
DEMO_015,T02,31,3.1,train,synthetic_demo,0.21171722069811416,0.8258142063770113,0.21610202810524048,0.48386788211238785,57.38678841830866,26.39968976765299,extension,54.802207729556024,25.22285725716567
DEMO_015,T02,32,3.2,train,synthetic_demo,0.1747549070596438,0.7708004464220705,0.23006148497588705,0.4486397928616891,54.802207729556024,25.22285725716567,extension,52.27457514062632,24.098364122250224
DEMO_015,T02,33,3.3000000000000003,train,synthetic_demo,0.1925991447330889,0.7762354420180151,0.2934413446505501,0.4850943461590966,52.27457514062632,24.098364122250224,extension,49.831583923104986,23.038530545008104
DEMO_015,T02,34,3.4000000000000004,train,synthetic_demo,0.255570728114495,0.7121982741200727,0.24895636539933264,0.37112808577314227,49.831583923104986,23.038530545008104,extension,47.50000000000001,22.054968283896024
DEMO_015,T02,35,3.5,train,synthetic_demo,0.19646654837829336,0.6583125878750782,0.2523810952819293,0.41843671410700634,47.50000000000001,22.054968283896024,extension,45.30536869268818,21.158453452870347
DEMO_015,T02,36,3.6,train,synthetic_demo,0.19585966908634717,0.6994640134030538,0.2547996454514642,0.3789265129496328,45.30536869268818,21.158453452870347,extension,43.27173484102855,20.35880845602759
DEMO_015,T02,37,3.7,train,synthetic_demo,0.14121466450485778,0.6488021017484061,0.2656548205527554,0.3513450127534409,43.27173484102855,20.35880845602759,extension,41.42137936306515,19.66479437128963
DEMO_015,T02,38,3.8000000000000003,train,synthetic_demo,0.24493154713065998,0.5618155310849403,0.26843845494885304,0.36684235293107875,41.42137936306515,19.66479437128963,extension,39.774575140626304,19.084014962200634
DEMO_015,T02,39,3.9000000000000004,train,synthetic_demo,0.1677038407097035,0.5990655343730799,0.29218101741672564,0.41148560493686565,39.774575140626304,19.084014962200634,extension,38.34936490538904,18.6228333695025
DEMO_015,T02,40,4.0,train,synthetic_demo,0.20366591475575724,0.5318057047480245,0.20036253577439928,0.2980080387670717,38.34936490538904,18.6228333695025,extension,37.16136355893498,18.286302395233275
DEMO_015,T02,41,4.1000000000000005,train,synthetic_demo,0.22429748077910408,0.49521425523421936,0.1428654213650799,0.2164702276742232,37.16136355893498,18.286302395233275,extension,36.22358709262116,18.078109143170686
DEMO_015,T02,42,4.2,train,synthetic_demo,0.29564852607850467,0.4681254695412579,0.25554619930662187,0.2762279152733851,36.22358709262116,18.078109143170686,extension,35.54630998165486,18.00053462215157
DEMO_015,T02,43,4.3,train,synthetic_demo,0.17885001817332108,0.39814918246781367,0.1966212914490357,0.20030791856588384,35.54630998165486,18.00053462215157,hold,35.13695261579316,18.05442875486172
DEMO_015,T02,44,4.4,train,synthetic_demo,0.23567351264190411,0.3133313203471143,0.3297110634733391,0.18770604683226752,35.13695261579316,18.05442875486172,hold,35.0,18.2392010659051
DEMO_015,T02,45,4.5,train,synthetic_demo,0.19211910629853535,0.2329258894623356,0.34332880740506794,0.2522789736337474,35.0,18.2392010659051,hold,35.13695261579316,18.552827151175826
DEMO_015,T02,46,4.6000000000000005,train,synthetic_demo,0.2979129820900943,0.2191872529481019,0.32646439520375253,0.22170076535362776,35.13695261579316,18.552827151175826,hold,35.54630998165486,18.991870857653183
DEMO_015,T02,47,4.7,train,synthetic_demo,0.26890756585722453,0.3121452597399563,0.3266285536913433,0.24925574244434232,35.54630998165486,18.991870857653183,hold,36.223587092621166,19.55152193061322
DEMO_015,T02,48,4.800000000000001,train,synthetic_demo,0.3517434138477038,0.3231012895470444,0.30117990621067375,0.21558863561333774,36.223587092621166,19.55152193061322,flexion,37.16136355893498,20.225648715786054
DEMO_015,T02,49,4.9,train,synthetic_demo,0.3415793427855647,0.2710157142822453,0.4058619015060942,0.2264400156042867,37.16136355893498,20.225648715786054,flexion,38.34936490538904,21.006865339043237
DEMO_015,T02,50,5.0,train,synthetic_demo,0.4333415163146009,0.3209996510005022,0.377631300409763,0.2403978694157443,38.34936490538904,21.006865339043237,flexion,39.774575140626325,21.88661262758029
DEMO_015,T02,51,5.1000000000000005,train,synthetic_demo,0.47891322596782726,0.21417821507993773,0.37447075767998184,0.19341655432045513,39.774575140626325,21.88661262758029,flexion,41.421379363065135,22.855251886005014
DEMO_015,T02,52,5.2,train,synthetic_demo,0.4616569708789253,0.22041101515095757,0.419884826584349,0.25710249187369744,41.421379363065135,22.855251886005014,flexion,43.27173484102855,23.902170499901345
DEMO_015,T02,53,5.300000000000001,train,synthetic_demo,0.47499301589651527,0.2563394299757164,0.5010347517297093,0.18000554874796548,43.27173484102855,23.902170499901345,flexion,45.30536869268816,25.01589820985361
DEMO_015,T02,54,5.4,train,synthetic_demo,0.5014504454257878,0.3102923709928048,0.4487875869633107,0.28010108718612625,45.30536869268816,25.01589820985361,flexion,47.499999999999986,26.184232782009072
DEMO_015,T02,55,5.5,train,synthetic_demo,0.4616461628075854,0.3079346141033952,0.45970869759906313,0.24495787377296063,47.499999999999986,26.184232782009072,flexion,49.831583923105,27.394373698305476
DEMO_015,T02,56,5.6000000000000005,train,synthetic_demo,0.596797248104513,0.3132860091014756,0.4811162650608907,0.2415191982185752,49.831583923105,27.394373698305476,flexion,52.27457514062633,28.633062401625605
DEMO_015,T02,57,5.7,train,synthetic_demo,0.5664365174416955,0.2344710377806031,0.5519078195895596,0.15686535572328184,52.27457514062633,28.633062401625605,flexion,54.802207729556045,29.886727559323603
DEMO_015,T02,58,5.800000000000001,train,synthetic_demo,0.5729423547463659,0.3051194072737476,0.4729771725718749,0.24200142479456413,54.802207729556045,29.886727559323603,flexion,57.38678841830866,31.141633753585417
DEMO_015,T03,0,0.0,train,synthetic_demo,0.6510354838138378,0.23133782226760147,0.5058373385912648,0.27310582358954705,60.0,32.384031969540736,flexion,62.61321158169134,33.600310232347006
DEMO_015,T03,1,0.1,train,synthetic_demo,0.5622573442386123,0.3220289831792433,0.3622040833982044,0.2760707573611698,62.61321158169134,33.600310232347006,flexion,65.19779227044398,34.77714274283433
DEMO_015,T03,2,0.2,train,synthetic_demo,0.571054270121647,0.26465575074005787,0.4750001447119246,0.27766473483325343,65.19779227044398,34.77714274283433,flexion,67.72542485937369,35.901635877749776
DEMO_015,T03,3,0.30000000000000004,train,synthetic_demo,0.5505303529750832,0.2297838854046574,0.4087846671224477,0.208287988943401,67.72542485937369,35.901635877749776,flexion,70.168416076895,36.96146945499189
DEMO_015,T03,4,0.4,train,synthetic_demo,0.536393349136348,0.23966356853898374,0.46907933941745067,0.2101227769639946,70.168416076895,36.96146945499189,flexion,72.5,37.945031716103976
DEMO_015,T03,5,0.5,train,synthetic_demo,0.5366741927831159,0.2502487809240482,0.43096166685351506,0.22142496975961778,72.5,37.945031716103976,flexion,74.69463130731182,38.84154654712965
DEMO_015,T03,6,0.6000000000000001,train,synthetic_demo,0.5154056123720775,0.2786954328136329,0.448394953649564,0.2238327023367145,74.69463130731182,38.84154654712965,flexion,76.72826515897145,39.64119154397241
DEMO_015,T03,7,0.7000000000000001,train,synthetic_demo,0.5032025925683414,0.2759563862839286,0.4205535502769731,0.2628496557997596,76.72826515897145,39.64119154397241,flexion,78.57862063693486,40.33520562871037
DEMO_015,T03,8,0.8,train,synthetic_demo,0.5193659011181774,0.27625032712596176,0.39821601291658426,0.22103218002864292,78.57862063693486,40.33520562871037,flexion,80.22542485937369,40.91598503779936
DEMO_015,T03,9,0.9,train,synthetic_demo,0.38151168921921486,0.27584946286998935,0.3714231840449502,0.2811997345693939,80.22542485937369,40.91598503779936,flexion,81.65063509461096,41.3771666304975
DEMO_015,T03,10,1.0,train,synthetic_demo,0.4004171057456491,0.2838252994487594,0.29741438235374795,0.29841892917774687,81.65063509461096,41.3771666304975,flexion,82.83863644106502,41.71369760476672
DEMO_015,T03,11,1.1,train,synthetic_demo,0.3284849022072811,0.27693029901806027,0.33035711960508507,0.21989969252373798,82.83863644106502,41.71369760476672,flexion,83.77641290737884,41.921890856829314
DEMO_015,T03,12,1.2000000000000002,train,synthetic_demo,0.34578231947688226,0.20884756711159597,0.2682132749799158,0.2597560365977304,83.77641290737884,41.921890856829314,flexion,84.45369001834514,41.99946537784843
DEMO_015,T03,13,1.3,train,synthetic_demo,0.16432216274069505,0.20939420839511003,0.2620473969773691,0.16261402200030592,84.45369001834514,41.99946537784843,hold,84.86304738420684,41.94557124513828
DEMO_015,T03,14,1.4000000000000001,train,synthetic_demo,0.22094490040094786,0.315611918542484,0.18024875331768236,0.292261045524608,84.86304738420684,41.94557124513828,hold,85.0,41.7607989340949
DEMO_015,T03,15,1.5,train,synthetic_demo,0.21088200202557947,0.2745043014918946,0.16625921441922423,0.3025476505714711,85.0,41.7607989340949,hold,84.86304738420684,41.44717284882418
DEMO_015,T03,16,1.6,train,synthetic_demo,0.15418136486262418,0.3116038287030031,0.3007787634931008,0.26124066078617036,84.86304738420684,41.44717284882418,hold,84.45369001834514,41.00812914234682
DEMO_015,T03,17,1.7000000000000002,train,synthetic_demo,0.18123516532105827,0.32400962337124095,0.18912179249911898,0.32125486889897564,84.45369001834514,41.00812914234682,hold,83.77641290737884,40.44847806938679
DEMO_015,T03,18,1.8,train,synthetic_demo,0.22700047026766526,0.42011677024136335,0.23087158689598372,0.34957464433500257,83.77641290737884,40.44847806938679,extension,82.83863644106502,39.77435128421395
DEMO_015,T03,19,1.9000000000000001,train,synthetic_demo,0.24116535527719024,0.4432904305641979,0.29161359962562533,0.32798771472782867,82.83863644106502,39.77435128421395,extension,81.65063509461098,38.99313466095676
DEMO_015,T03,20,2.0,train,synthetic_demo,0.18280479388527782,0.5629174225578893,0.251247194492174,0.3949647440735567,81.65063509461098,38.99313466095676,extension,80.22542485937369,38.113387372419716
DEMO_015,T03,21,2.1,train,synthetic_demo,0.1563542441843377,0.5891453372757195,0.29022160858365553,0.4011064019507565,80.22542485937369,38.113387372419716,extension,78.57862063693486,37.14474811399498
DEMO_015,T03,22,2.2,train,synthetic_demo,0.24414534048329523,0.6066947142331675,0.1932121702787835,0.41897654951806196,78.57862063693486,37.14474811399498,extension,76.72826515897145,36.097829500098655
DEMO_015,T03,23,2.3000000000000003,train,synthetic_demo,0.22332682171067855,0.6666624365405874,0.2512937755347658,0.4328046399065787,76.72826515897145,36.097829500098655,extension,74.69463130731182,34.98410179014638
DEMO_015,T03,24,2.4000000000000004,train,synthetic_demo,0.24703422028870808,0.7114929414769207,0.21623519314831124,0.41887254123790046,74.69463130731182,34.98410179014638,extension,72.5,33.815767217990924
DEMO_015,T03,25,2.5,train,synthetic_demo,0.22724257693355265,0.657823823957601,0.23296870517872256,0.4413452365039876,72.5,33.815767217990924,extension,70.16841607689501,32.60562630169453
DEMO_015,T03,26,2.6,train,synthetic_demo,0.1743056913940056,0.7911194863406739,0.2567235542689372,0.4360088153990833,70.16841607689501,32.60562630169453,extension,67.72542485937369,31.366937598374406
DEMO_015,T03,27,2.7,train,synthetic_demo,0.15018100494163042,0.7184118563480902,0.2652537981003005,0.45105615601261145,67.72542485937369,31.366937598374406,extension,65.19779227044398,30.11327244067641
DEMO_015,T03,28,2.8000000000000003,train,synthetic_demo,0.19970626726924262,0.760295661638143,0.19768168847471027,0.4853706486302074,65.19779227044398,30.11327244067641,extension,62.613211581691324,28.85836624641458
DEMO_015,T03,29,2.9000000000000004,train,synthetic_demo,0.22779271946770327,0.7986587023932622,0.21824889111404341,0.4514858146213401,62.613211581691324,28.85836624641458,extension,60.0,27.615968030459264
DEMO_015,T03,30,3.0,train,synthetic_demo,0.22478705460242113,0.7941161942984594,0.2454702164271502,0.4872545384937591,60.0,27.615968030459264,extension,57.38678841830866,26.39968976765299
DEMO_015,T03,31,3.1,train,synthetic_demo,0.18249974180386547,0.7483263924799377,0.22735782412300626,0.46898525830045273,57.38678841830866,26.39968976765299,extension,54.802207729556024,25.22285725716567
DEMO_015,T03,32,3.2,train,synthetic_demo,0.1495247635058102,0.7125686706098245,0.2510020677803048,0.4334878041283933,54.802207729556024,25.22285725716567,extension,52.27457514062632,24.098364122250224
DEMO_015,T03,33,3.3000000000000003,train,synthetic_demo,0.08372026981914255,0.7312553397854592,0.24059291143614037,0.4641446959965053,52.27457514062632,24.098364122250224,extension,49.831583923104986,23.038530545008104
DEMO_015,T03,34,3.4000000000000004,train,synthetic_demo,0.19806629301240566,0.740590036881321,0.2383384201971367,0.4361537823297207,49.831583923104986,23.038530545008104,extension,47.50000000000001,22.054968283896024
DEMO_015,T03,35,3.5,train,synthetic_demo,0.20593039407101393,0.6671926166637052,0.22090817738553642,0.3917690734284307,47.50000000000001,22.054968283896024,extension,45.30536869268818,21.158453452870347
DEMO_015,T03,36,3.6,train,synthetic_demo,0.14940369161374945,0.6934673390173572,0.24896495083310238,0.3538072531660224,45.30536869268818,21.158453452870347,extension,43.27173484102855,20.35880845602759
DEMO_015,T03,37,3.7,train,synthetic_demo,0.2316255630369199,0.6377928703481728,0.2774290336472446,0.3631203225016564,43.27173484102855,20.35880845602759,extension,41.42137936306515,19.66479437128963
DEMO_015,T03,38,3.8000000000000003,train,synthetic_demo,0.259156497261134,0.5827279450292535,0.272821043960645,0.40216449883166067,41.42137936306515,19.66479437128963,extension,39.774575140626304,19.084014962200634
DEMO_015,T03,39,3.9000000000000004,train,synthetic_demo,0.20889212642713326,0.5418864071303466,0.2493564893619127,0.32847121035560845,39.774575140626304,19.084014962200634,extension,38.34936490538904,18.6228333695025
DEMO_015,T03,40,4.0,train,synthetic_demo,0.17107057278991947,0.5647253610733217,0.20888436222131734,0.3125549667580393,38.34936490538904,18.6228333695025,extension,37.16136355893498,18.286302395233275
DEMO_015,T03,41,4.1000000000000005,train,synthetic_demo,0.23506289992400053,0.5087826041306074,0.26381392336699677,0.32428314326456253,37.16136355893498,18.286302395233275,extension,36.22358709262116,18.078109143170686
DEMO_015,T03,42,4.2,train,synthetic_demo,0.16500011902864103,0.39020427723202433,0.2646390312140038,0.26608457545232894,36.22358709262116,18.078109143170686,extension,35.54630998165486,18.00053462215157
DEMO_015,T03,43,4.3,train,synthetic_demo,0.2060314429132194,0.3575178793549302,0.2211702465587271,0.271318872259388,35.54630998165486,18.00053462215157,hold,35.13695261579316,18.05442875486172
DEMO_015,T03,44,4.4,train,synthetic_demo,0.22190898002507242,0.3901133530963292,0.24847671804167099,0.24437050246495007,35.13695261579316,18.05442875486172,hold,35.0,18.2392010659051
DEMO_015,T03,45,4.5,train,synthetic_demo,0.2377757920324528,0.2803421973557174,0.2684804941555726,0.1862382011976767,35.0,18.2392010659051,hold,35.13695261579316,18.552827151175826
DEMO_015,T03,46,4.6000000000000005,train,synthetic_demo,0.26501072704544615,0.26385473868041376,0.29926567767977513,0.24624248546438016,35.13695261579316,18.552827151175826,hold,35.54630998165486,18.991870857653183
DEMO_015,T03,47,4.7,train,synthetic_demo,0.26207463576014667,0.31217118638666824,0.3219464044088573,0.2346849064791833,35.54630998165486,18.991870857653183,hold,36.223587092621166,19.55152193061322
DEMO_015,T03,48,4.800000000000001,train,synthetic_demo,0.33894573778771203,0.3055581464233413,0.4303804456889155,0.19777543776969386,36.223587092621166,19.55152193061322,flexion,37.16136355893498,20.225648715786054
DEMO_015,T03,49,4.9,train,synthetic_demo,0.3077336999271363,0.2927200555320412,0.3882370528143315,0.21512358108926902,37.16136355893498,20.225648715786054,flexion,38.34936490538904,21.006865339043237
DEMO_015,T03,50,5.0,train,synthetic_demo,0.3653620492154774,0.309382106269555,0.4511270813085072,0.2737638252713903,38.34936490538904,21.006865339043237,flexion,39.774575140626325,21.88661262758029
DEMO_015,T03,51,5.1000000000000005,train,synthetic_demo,0.4381985022593128,0.34064882770562205,0.42296594917241037,0.28551523125957645,39.774575140626325,21.88661262758029,flexion,41.421379363065135,22.855251886005014
DEMO_015,T03,52,5.2,train,synthetic_demo,0.4137256994739637,0.2631649217448914,0.4361275276138907,0.15949819798445958,41.421379363065135,22.855251886005014,flexion,43.27173484102855,23.902170499901345
DEMO_015,T03,53,5.300000000000001,train,synthetic_demo,0.5501237486230774,0.29040102770809983,0.4711104720069449,0.2427604291409909,43.27173484102855,23.902170499901345,flexion,45.30536869268816,25.01589820985361
DEMO_015,T03,54,5.4,train,synthetic_demo,0.5252235483456352,0.3327365433953736,0.5279724051487703,0.2256864903218054,45.30536869268816,25.01589820985361,flexion,47.499999999999986,26.184232782009072
DEMO_015,T03,55,5.5,train,synthetic_demo,0.5372289136606774,0.2771523981579223,0.5039946741191401,0.23294392427681718,47.499999999999986,26.184232782009072,flexion,49.831583923105,27.394373698305476
DEMO_015,T03,56,5.6000000000000005,train,synthetic_demo,0.5627097698043997,0.3079592468253822,0.5266279892715561,0.24874909647840418,49.831583923105,27.394373698305476,flexion,52.27457514062633,28.633062401625605
DEMO_015,T03,57,5.7,train,synthetic_demo,0.5586965448456239,0.2755025195764856,0.49945236522777947,0.25658969118751307,52.27457514062633,28.633062401625605,flexion,54.802207729556045,29.886727559323603
DEMO_015,T03,58,5.800000000000001,train,synthetic_demo,0.5810438891469754,0.3206967507550167,0.4944040327138549,0.2057746412741437,54.802207729556045,29.886727559323603,flexion,57.38678841830866,31.141633753585417
DEMO_016,T01,0,0.0,train,synthetic_demo,0.6928793049258981,0.3090848340458191,0.3834905466070614,0.30547293495359584,60.0,32.384031969540736,flexion,62.61321158169134,33.600310232347006
DEMO_016,T01,1,0.1,train,synthetic_demo,0.6702581404942402,0.30579515461819456,0.3993137416372263,0.24879828216615402,62.61321158169134,33.600310232347006,flexion,65.19779227044398,34.77714274283433
DEMO_016,T01,2,0.2,train,synthetic_demo,0.6545641162620711,0.3263651394913571,0.39313769786563896,0.20985989920365666,65.19779227044398,34.77714274283433,flexion,67.72542485937369,35.901635877749776
DEMO_016,T01,3,0.30000000000000004,train,synthetic_demo,0.6662629296917407,0.24881533591023008,0.3746178558348008,0.3178032462942326,67.72542485937369,35.901635877749776,flexion,70.168416076895,36.96146945499189
DEMO_016,T01,4,0.4,train,synthetic_demo,0.6942341141607447,0.30547218103908763,0.36594927493405827,0.3019096673764202,70.168416076895,36.96146945499189,flexion,72.5,37.945031716103976
DEMO_016,T01,5,0.5,train,synthetic_demo,0.6689075420763617,0.3219090327190952,0.3233023082287566,0.2865858911313829,72.5,37.945031716103976,flexion,74.69463130731182,38.84154654712965
DEMO_016,T01,6,0.6000000000000001,train,synthetic_demo,0.6584610912197438,0.24789141438028228,0.3515678860857408,0.25711774408633337,74.69463130731182,38.84154654712965,flexion,76.72826515897145,39.64119154397241
DEMO_016,T01,7,0.7000000000000001,train,synthetic_demo,0.570155785248186,0.27565558632736703,0.3092616809262243,0.24999630007221157,76.72826515897145,39.64119154397241,flexion,78.57862063693486,40.33520562871037
DEMO_016,T01,8,0.8,train,synthetic_demo,0.5557653371863558,0.30750062369020886,0.29791700101673096,0.27546253369347223,78.57862063693486,40.33520562871037,flexion,80.22542485937369,40.91598503779936
DEMO_016,T01,9,0.9,train,synthetic_demo,0.4541339625335912,0.32612758759471044,0.29217087798356195,0.25224353408213945,80.22542485937369,40.91598503779936,flexion,81.65063509461096,41.3771666304975
DEMO_016,T01,10,1.0,train,synthetic_demo,0.3829972562827012,0.309073083080447,0.23775419312723217,0.308462242965184,81.65063509461096,41.3771666304975,flexion,82.83863644106502,41.71369760476672
DEMO_016,T01,11,1.1,train,synthetic_demo,0.40266055134409084,0.22351207553057745,0.28126402088494085,0.2773261763291605,82.83863644106502,41.71369760476672,flexion,83.77641290737884,41.921890856829314
DEMO_016,T01,12,1.2000000000000002,train,synthetic_demo,0.3100175644283115,0.34877679545650075,0.19817990765175778,0.17941734150497246,83.77641290737884,41.921890856829314,flexion,84.45369001834514,41.99946537784843
DEMO_016,T01,13,1.3,train,synthetic_demo,0.41584641972881875,0.2552214187243215,0.16091247658673163,0.27030118359724,84.45369001834514,41.99946537784843,hold,84.86304738420684,41.94557124513828
DEMO_016,T01,14,1.4000000000000001,train,synthetic_demo,0.3040598233857685,0.2640518051962507,0.22971430822119387,0.3031124300833607,84.86304738420684,41.94557124513828,hold,85.0,41.7607989340949
DEMO_016,T01,15,1.5,train,synthetic_demo,0.31691798339768207,0.2957392430147922,0.1831788204710337,0.35458777517220225,85.0,41.7607989340949,hold,84.86304738420684,41.44717284882418
DEMO_016,T01,16,1.6,train,synthetic_demo,0.25649618585069295,0.34562788678896844,0.19855580828394293,0.40408917797784694,84.86304738420684,41.44717284882418,hold,84.45369001834514,41.00812914234682
DEMO_016,T01,17,1.7000000000000002,train,synthetic_demo,0.28104689182561843,0.40044508367694864,0.20926049533773075,0.34949168484495297,84.45369001834514,41.00812914234682,hold,83.77641290737884,40.44847806938679
DEMO_016,T01,18,1.8,train,synthetic_demo,0.2069814097784124,0.4226743090318088,0.20157402018525392,0.3867735001212773,83.77641290737884,40.44847806938679,extension,82.83863644106502,39.77435128421395
DEMO_016,T01,19,1.9000000000000001,train,synthetic_demo,0.24844931403495554,0.5549922263172685,0.11814790835495828,0.4004450570400517,82.83863644106502,39.77435128421395,extension,81.65063509461098,38.99313466095676
DEMO_016,T01,20,2.0,train,synthetic_demo,0.23464159499500173,0.5337875365691044,0.21322774518641302,0.4635534220886346,81.65063509461098,38.99313466095676,extension,80.22542485937369,38.113387372419716
DEMO_016,T01,21,2.1,train,synthetic_demo,0.257337340407749,0.590982296283704,0.2722410387113654,0.436409787759799,80.22542485937369,38.113387372419716,extension,78.57862063693486,37.14474811399498
DEMO_016,T01,22,2.2,train,synthetic_demo,0.20749811479657543,0.6669246268122219,0.20515880594218888,0.4650358052617936,78.57862063693486,37.14474811399498,extension,76.72826515897145,36.097829500098655
DEMO_016,T01,23,2.3000000000000003,train,synthetic_demo,0.2568042774911174,0.6786935461993949,0.17099394530470682,0.49982848831559806,76.72826515897145,36.097829500098655,extension,74.69463130731182,34.98410179014638
DEMO_016,T01,24,2.4000000000000004,train,synthetic_demo,0.26952525006554695,0.6965938552137032,0.2696761895640298,0.4792993579338606,74.69463130731182,34.98410179014638,extension,72.5,33.815767217990924
DEMO_016,T01,25,2.5,train,synthetic_demo,0.2180485008717398,0.7789231227876627,0.2257327977170211,0.5139081295949269,72.5,33.815767217990924,extension,70.16841607689501,32.60562630169453
DEMO_016,T01,26,2.6,train,synthetic_demo,0.2840010234766859,0.738040181630133,0.23400945133325482,0.5265857258810064,70.16841607689501,32.60562630169453,extension,67.72542485937369,31.366937598374406
DEMO_016,T01,27,2.7,train,synthetic_demo,0.2159288220328286,0.7256626773234931,0.21740465516076346,0.5119080753173446,67.72542485937369,31.366937598374406,extension,65.19779227044398,30.11327244067641
DEMO_016,T01,28,2.8000000000000003,train,synthetic_demo,0.33151017512898073,0.8290869453503117,0.19468302568458323,0.522810085070488,65.19779227044398,30.11327244067641,extension,62.613211581691324,28.85836624641458
DEMO_016,T01,29,2.9000000000000004,train,synthetic_demo,0.31295160091313595,0.854690414513721,0.22580500005409726,0.512556130178041,62.613211581691324,28.85836624641458,extension,60.0,27.615968030459264
DEMO_016,T01,30,3.0,train,synthetic_demo,0.26823469694218965,0.7564120342482692,0.19050634535668953,0.5891774695607525,60.0,27.615968030459264,extension,57.38678841830866,26.39968976765299
DEMO_016,T01,31,3.1,train,synthetic_demo,0.22225196471994557,0.7657328693910213,0.1721971266711969,0.4767717300367465,57.38678841830866,26.39968976765299,extension,54.802207729556024,25.22285725716567
DEMO_016,T01,32,3.2,train,synthetic_demo,0.24236644201365884,0.7793773464201494,0.22839638746221963,0.5626647659072506,54.802207729556024,25.22285725716567,extension,52.27457514062632,24.098364122250224
DEMO_016,T01,33,3.3000000000000003,train,synthetic_demo,0.20495465925933085,0.8068997305076148,0.2922194094793005,0.49946438646913405,52.27457514062632,24.098364122250224,extension,49.831583923104986,23.038530545008104
DEMO_016,T01,34,3.4000000000000004,train,synthetic_demo,0.2708484839161549,0.7894396161388489,0.19171390167913244,0.4471006682383415,49.831583923104986,23.038530545008104,extension,47.50000000000001,22.054968283896024
DEMO_016,T01,35,3.5,train,synthetic_demo,0.24198306788933718,0.6778424159859279,0.21817655547467357,0.4543413944770047,47.50000000000001,22.054968283896024,extension,45.30536869268818,21.158453452870347
DEMO_016,T01,36,3.6,train,synthetic_demo,0.2649374622330288,0.6974026029710444,0.2012306703624152,0.45731305356963886,45.30536869268818,21.158453452870347,extension,43.27173484102855,20.35880845602759
DEMO_016,T01,37,3.7,train,synthetic_demo,0.21894260948895844,0.6614401923854791,0.15352646074221227,0.4460717098914596,43.27173484102855,20.35880845602759,extension,41.42137936306515,19.66479437128963
DEMO_016,T01,38,3.8000000000000003,train,synthetic_demo,0.28531922388451575,0.6830656470600374,0.16513394791856503,0.40746183932252483,41.42137936306515,19.66479437128963,extension,39.774575140626304,19.084014962200634
DEMO_016,T01,39,3.9000000000000004,train,synthetic_demo,0.27851212640525813,0.5919951693372405,0.23547365532673442,0.41073706492355555,39.774575140626304,19.084014962200634,extension,38.34936490538904,18.6228333695025
DEMO_016,T01,40,4.0,train,synthetic_demo,0.25704950227986384,0.541700762562923,0.23526683443974006,0.3450341544825407,38.34936490538904,18.6228333695025,extension,37.16136355893498,18.286302395233275
DEMO_016,T01,41,4.1000000000000005,train,synthetic_demo,0.22669526330007944,0.504617591028709,0.20887150537062593,0.3060698712204517,37.16136355893498,18.286302395233275,extension,36.22358709262116,18.078109143170686
DEMO_016,T01,42,4.2,train,synthetic_demo,0.2867718618437675,0.38331092389318877,0.23605681013098784,0.3349357575589864,36.22358709262116,18.078109143170686,extension,35.54630998165486,18.00053462215157
DEMO_016,T01,43,4.3,train,synthetic_demo,0.276350683344198,0.43258930613585533,0.2078091316603506,0.25166968493350483,35.54630998165486,18.00053462215157,hold,35.13695261579316,18.05442875486172
DEMO_016,T01,44,4.4,train,synthetic_demo,0.3422162143145626,0.4052463164136995,0.22774762716503488,0.26931196108615785,35.13695261579316,18.05442875486172,hold,35.0,18.2392010659051
DEMO_016,T01,45,4.5,train,synthetic_demo,0.2491799421160024,0.2932867487156993,0.3278835132865115,0.2985362456726204,35.0,18.2392010659051,hold,35.13695261579316,18.552827151175826
DEMO_016,T01,46,4.6000000000000005,train,synthetic_demo,0.27171462104270283,0.27621838858677505,0.2690192493355595,0.23580888465625804,35.13695261579316,18.552827151175826,hold,35.54630998165486,18.991870857653183
DEMO_016,T01,47,4.7,train,synthetic_demo,0.3294860560571325,0.2996896173920195,0.27022159370150783,0.21213964547065364,35.54630998165486,18.991870857653183,hold,36.223587092621166,19.55152193061322
DEMO_016,T01,48,4.800000000000001,train,synthetic_demo,0.44173149653741856,0.2749549395997358,0.3381190875687588,0.24137650625717283,36.223587092621166,19.55152193061322,flexion,37.16136355893498,20.225648715786054
DEMO_016,T01,49,4.9,train,synthetic_demo,0.46323129927851303,0.2860072960284384,0.31447194352541924,0.2883199970449321,37.16136355893498,20.225648715786054,flexion,38.34936490538904,21.006865339043237
DEMO_016,T01,50,5.0,train,synthetic_demo,0.4490090910537692,0.3250064188877076,0.39977648874525384,0.2560769009699183,38.34936490538904,21.006865339043237,flexion,39.774575140626325,21.88661262758029
DEMO_016,T01,51,5.1000000000000005,train,synthetic_demo,0.49306175071106617,0.3183470514114199,0.41208795460814884,0.2541541137125879,39.774575140626325,21.88661262758029,flexion,41.421379363065135,22.855251886005014
DEMO_016,T01,52,5.2,train,synthetic_demo,0.5807083411535918,0.3274292787846054,0.34276285247663,0.22872624067621108,41.421379363065135,22.855251886005014,flexion,43.27173484102855,23.902170499901345
DEMO_016,T01,53,5.300000000000001,train,synthetic_demo,0.6097546334236986,0.34051332594546085,0.3508676564454253,0.3078758016926442,43.27173484102855,23.902170499901345,flexion,45.30536869268816,25.01589820985361
DEMO_016,T01,54,5.4,train,synthetic_demo,0.6157435092588596,0.3117328054285179,0.4420761451675542,0.260148654332404,45.30536869268816,25.01589820985361,flexion,47.499999999999986,26.184232782009072
DEMO_016,T01,55,5.5,train,synthetic_demo,0.5806092243132558,0.2661107582693966,0.38474519335702756,0.29950488620701193,47.499999999999986,26.184232782009072,flexion,49.831583923105,27.394373698305476
DEMO_016,T01,56,5.6000000000000005,train,synthetic_demo,0.6423617692140325,0.25531148179663893,0.39527294041772026,0.3129232625307305,49.831583923105,27.394373698305476,flexion,52.27457514062633,28.633062401625605
DEMO_016,T01,57,5.7,train,synthetic_demo,0.6501640110626222,0.30750116271297334,0.3679201677465442,0.36471214133351637,52.27457514062633,28.633062401625605,flexion,54.802207729556045,29.886727559323603
DEMO_016,T01,58,5.800000000000001,train,synthetic_demo,0.6233901327467459,0.3066504211497148,0.42931041530469244,0.2414489466963038,54.802207729556045,29.886727559323603,flexion,57.38678841830866,31.141633753585417
DEMO_016,T02,0,0.0,train,synthetic_demo,0.6984407464963,0.21323141532400294,0.4436995372941023,0.2818841507812692,60.0,32.384031969540736,flexion,62.61321158169134,33.600310232347006
DEMO_016,T02,1,0.1,train,synthetic_demo,0.7506248039507736,0.26474709395068297,0.38549976167116795,0.26833972212486223,62.61321158169134,33.600310232347006,flexion,65.19779227044398,34.77714274283433
DEMO_016,T02,2,0.2,train,synthetic_demo,0.6882504518950026,0.3224686237391209,0.4190829001105826,0.26197661810186124,65.19779227044398,34.77714274283433,flexion,67.72542485937369,35.901635877749776
DEMO_016,T02,3,0.30000000000000004,train,synthetic_demo,0.6793683155127048,0.2967513080395753,0.433673948060438,0.2723794524465008,67.72542485937369,35.901635877749776,flexion,70.168416076895,36.96146945499189
DEMO_016,T02,4,0.4,train,synthetic_demo,0.6608419790376473,0.28564218200045205,0.37386270904270474,0.3328108448334535,70.168416076895,36.96146945499189,flexion,72.5,37.945031716103976
DEMO_016,T02,5,0.5,train,synthetic_demo,0.6713823869557475,0.2711878651731627,0.2926016894394309,0.3576473543841294,72.5,37.945031716103976,flexion,74.69463130731182,38.84154654712965
DEMO_016,T02,6,0.6000000000000001,train,synthetic_demo,0.5913124813810745,0.2901982161027242,0.34430203285703265,0.2973745618368854,74.69463130731182,38.84154654712965,flexion,76.72826515897145,39.64119154397241
DEMO_016,T02,7,0.7000000000000001,train,synthetic_demo,0.6023623740206301,0.27814479626929395,0.38014572826697257,0.2441770825682052,76.72826515897145,39.64119154397241,flexion,78.57862063693486,40.33520562871037
DEMO_016,T02,8,0.8,train,synthetic_demo,0.6091140128053779,0.31932541191603725,0.36559120423589675,0.3252679899179475,78.57862063693486,40.33520562871037,flexion,80.22542485937369,40.91598503779936
DEMO_016,T02,9,0.9,train,synthetic_demo,0.5314644069810717,0.3438484349881026,0.2759402121536707,0.3226093559599979,80.22542485937369,40.91598503779936,flexion,81.65063509461096,41.3771666304975
DEMO_016,T02,10,1.0,train,synthetic_demo,0.4685710572290303,0.31806574052335984,0.30757306212210794,0.2939016166710726,81.65063509461096,41.3771666304975,flexion,82.83863644106502,41.71369760476672
DEMO_016,T02,11,1.1,train,synthetic_demo,0.5101473821477838,0.3142477112960818,0.17904826220466602,0.21649397495767447,82.83863644106502,41.71369760476672,flexion,83.77641290737884,41.921890856829314
DEMO_016,T02,12,1.2000000000000002,train,synthetic_demo,0.36749730257638474,0.24411553062151903,0.17347165552386706,0.27227114000044317,83.77641290737884,41.921890856829314,flexion,84.45369001834514,41.99946537784843
DEMO_016,T02,13,1.3,train,synthetic_demo,0.3523961306434653,0.2961516683295576,0.25081267796040013,0.2754302015874256,84.45369001834514,41.99946537784843,hold,84.86304738420684,41.94557124513828
DEMO_016,T02,14,1.4000000000000001,train,synthetic_demo,0.2873441415975116,0.2551151462639713,0.20465493004753427,0.2921974807677722,84.86304738420684,41.94557124513828,hold,85.0,41.7607989340949
DEMO_016,T02,15,1.5,train,synthetic_demo,0.2486908785313266,0.27303651059592704,0.1719206965189739,0.3511923702376223,85.0,41.7607989340949,hold,84.86304738420684,41.44717284882418
DEMO_016,T02,16,1.6,train,synthetic_demo,0.2405487136167138,0.3254189330441237,0.1877237225581352,0.28815545082161603,84.86304738420684,41.44717284882418,hold,84.45369001834514,41.00812914234682
DEMO_016,T02,17,1.7000000000000002,train,synthetic_demo,0.22185237691018478,0.42044521001542806,0.2128348446646926,0.4104401286528284,84.45369001834514,41.00812914234682,hold,83.77641290737884,40.44847806938679
DEMO_016,T02,18,1.8,train,synthetic_demo,0.30434087875876764,0.38472529955875157,0.1888638537552841,0.40368219464496613,83.77641290737884,40.44847806938679,extension,82.83863644106502,39.77435128421395
DEMO_016,T02,19,1.9000000000000001,train,synthetic_demo,0.2668123339500343,0.5079046179081302,0.22702143280234152,0.41596888971327806,82.83863644106502,39.77435128421395,extension,81.65063509461098,38.99313466095676
DEMO_016,T02,20,2.0,train,synthetic_demo,0.22949877528861742,0.5991585722540613,0.25758303404609634,0.5007838499280423,81.65063509461098,38.99313466095676,extension,80.22542485937369,38.113387372419716
DEMO_016,T02,21,2.1,train,synthetic_demo,0.32213712198808453,0.5816302135220948,0.2462956439303361,0.47266112254026454,80.22542485937369,38.113387372419716,extension,78.57862063693486,37.14474811399498
DEMO_016,T02,22,2.2,train,synthetic_demo,0.24663568245758097,0.7433676819577248,0.14811961288676623,0.50105477971748,78.57862063693486,37.14474811399498,extension,76.72826515897145,36.097829500098655
DEMO_016,T02,23,2.3000000000000003,train,synthetic_demo,0.26511309892795604,0.7170606480268957,0.24328213664130502,0.4744222175532771,76.72826515897145,36.097829500098655,extension,74.69463130731182,34.98410179014638
DEMO_016,T02,24,2.4000000000000004,train,synthetic_demo,0.27113104219339557,0.7207635923144677,0.2772134342920434,0.5543540677360738,74.69463130731182,34.98410179014638,extension,72.5,33.815767217990924
DEMO_016,T02,25,2.5,train,synthetic_demo,0.2759882060836733,0.7384804079343996,0.2316129514566498,0.5093606201355239,72.5,33.815767217990924,extension,70.16841607689501,32.60562630169453
DEMO_016,T02,26,2.6,train,synthetic_demo,0.25886916337930693,0.824447876337023,0.17092509785494425,0.5024520661445536,70.16841607689501,32.60562630169453,extension,67.72542485937369,31.366937598374406
DEMO_016,T02,27,2.7,train,synthetic_demo,0.2267817983466866,0.7945321561819692,0.18684024301388036,0.5666780465278319,67.72542485937369,31.366937598374406,extension,65.19779227044398,30.11327244067641
DEMO_016,T02,28,2.8000000000000003,train,synthetic_demo,0.2712257229379298,0.8030350347277455,0.2045650297221818,0.5221890632322074,65.19779227044398,30.11327244067641,extension,62.613211581691324,28.85836624641458
DEMO_016,T02,29,2.9000000000000004,train,synthetic_demo,0.2646096684481745,0.788090910940197,0.21169218422023559,0.5460473156250546,62.613211581691324,28.85836624641458,extension,60.0,27.615968030459264
DEMO_016,T02,30,3.0,train,synthetic_demo,0.21702619800866763,0.7852617297586597,0.33671974419317724,0.5915384971127817,60.0,27.615968030459264,extension,57.38678841830866,26.39968976765299
DEMO_016,T02,31,3.1,train,synthetic_demo,0.2754167712275273,0.797724147983695,0.22715955059807147,0.5670150180212133,57.38678841830866,26.39968976765299,extension,54.802207729556024,25.22285725716567
DEMO_016,T02,32,3.2,train,synthetic_demo,0.2613210869906462,0.7739119552453986,0.20278759900181972,0.545236769184485,54.802207729556024,25.22285725716567,extension,52.27457514062632,24.098364122250224
DEMO_016,T02,33,3.3000000000000003,train,synthetic_demo,0.22964308759689392,0.8268985117941636,0.14602322070982462,0.4639578523809697,52.27457514062632,24.098364122250224,extension,49.831583923104986,23.038530545008104
DEMO_016,T02,34,3.4000000000000004,train,synthetic_demo,0.2782983355495204,0.7463323836840942,0.19430488905851684,0.43166777801712924,49.831583923104986,23.038530545008104,extension,47.50000000000001,22.054968283896024
DEMO_016,T02,35,3.5,train,synthetic_demo,0.2665107128359303,0.7665192609174374,0.2843456827197644,0.4201386165430625,47.50000000000001,22.054968283896024,extension,45.30536869268818,21.158453452870347
DEMO_016,T02,36,3.6,train,synthetic_demo,0.2327527670059269,0.7843370441461495,0.21286559269679875,0.46521362836272473,45.30536869268818,21.158453452870347,extension,43.27173484102855,20.35880845602759
DEMO_016,T02,37,3.7,train,synthetic_demo,0.2752974204568803,0.667490047382953,0.2098961520459814,0.43467901939794273,43.27173484102855,20.35880845602759,extension,41.42137936306515,19.66479437128963
DEMO_016,T02,38,3.8000000000000003,train,synthetic_demo,0.3021434611864908,0.6368184321201156,0.22105270221316584,0.41872444870345615,41.42137936306515,19.66479437128963,extension,39.774575140626304,19.084014962200634
DEMO_016,T02,39,3.9000000000000004,train,synthetic_demo,0.24010248541456844,0.5728564147259176,0.2167026991035991,0.39723903175224495,39.774575140626304,19.084014962200634,extension,38.34936490538904,18.6228333695025
DEMO_016,T02,40,4.0,train,synthetic_demo,0.2660799501109909,0.5942839497941654,0.1993529341535806,0.37639471444249767,38.34936490538904,18.6228333695025,extension,37.16136355893498,18.286302395233275
DEMO_016,T02,41,4.1000000000000005,train,synthetic_demo,0.26249470199565733,0.47625951660538746,0.2669147182014137,0.3719217199005419,37.16136355893498,18.286302395233275,extension,36.22358709262116,18.078109143170686
DEMO_016,T02,42,4.2,train,synthetic_demo,0.2268947569797878,0.45438092837708494,0.16399579607916898,0.3044602844212228,36.22358709262116,18.078109143170686,extension,35.54630998165486,18.00053462215157
DEMO_016,T02,43,4.3,train,synthetic_demo,0.24617387919787068,0.4282197520723645,0.16240780596415472,0.24145276085051892,35.54630998165486,18.00053462215157,hold,35.13695261579316,18.05442875486172
DEMO_016,T02,44,4.4,train,synthetic_demo,0.21633279555988036,0.30373494691531433,0.2103579992331695,0.2919633868727589,35.13695261579316,18.05442875486172,hold,35.0,18.2392010659051
DEMO_016,T02,45,4.5,train,synthetic_demo,0.2815835869930166,0.26630938368624774,0.2574946687207013,0.2779344791537053,35.0,18.2392010659051,hold,35.13695261579316,18.552827151175826
DEMO_016,T02,46,4.6000000000000005,train,synthetic_demo,0.26082119900750317,0.331654138827594,0.22442262062163898,0.3220366511203023,35.13695261579316,18.552827151175826,hold,35.54630998165486,18.991870857653183
DEMO_016,T02,47,4.7,train,synthetic_demo,0.30067991509056646,0.3154118284766493,0.2582442350016617,0.27045918152371146,35.54630998165486,18.991870857653183,hold,36.223587092621166,19.55152193061322
DEMO_016,T02,48,4.800000000000001,train,synthetic_demo,0.3870982692980052,0.27606842336355153,0.3367572676454787,0.2936510799247352,36.223587092621166,19.55152193061322,flexion,37.16136355893498,20.225648715786054
DEMO_016,T02,49,4.9,train,synthetic_demo,0.48782249497513464,0.26514396532243667,0.26263932627142483,0.31351353478605454,37.16136355893498,20.225648715786054,flexion,38.34936490538904,21.006865339043237
DEMO_016,T02,50,5.0,train,synthetic_demo,0.4800983275472956,0.2912144933452501,0.38727372526976905,0.2847389287855653,38.34936490538904,21.006865339043237,flexion,39.774575140626325,21.88661262758029
DEMO_016,T02,51,5.1000000000000005,train,synthetic_demo,0.48918300368442963,0.3200310348660118,0.4006958366081421,0.23311529349662766,39.774575140626325,21.88661262758029,flexion,41.421379363065135,22.855251886005014
DEMO_016,T02,52,5.2,train,synthetic_demo,0.5572571282639,0.25622102273734637,0.429174842104898,0.3340496048766207,41.421379363065135,22.855251886005014,flexion,43.27173484102855,23.902170499901345
DEMO_016,T02,53,5.300000000000001,train,synthetic_demo,0.6209836213196339,0.30856219636156257,0.3995448890464709,0.2367461909784814,43.27173484102855,23.902170499901345,flexion,45.30536869268816,25.01589820985361
DEMO_016,T02,54,5.4,train,synthetic_demo,0.6357812240396501,0.3337915446157057,0.42319619116193363,0.2934054026091566,45.30536869268816,25.01589820985361,flexion,47.499999999999986,26.184232782009072
DEMO_016,T02,55,5.5,train,synthetic_demo,0.6446951322242757,0.24939241611277788,0.4154335022268498,0.3754930387345823,47.499999999999986,26.184232782009072,flexion,49.831583923105,27.394373698305476
DEMO_016,T02,56,5.6000000000000005,train,synthetic_demo,0.6316670711727699,0.26183382067474775,0.3718355679869977,0.2672481776279948,49.831583923105,27.394373698305476,flexion,52.27457514062633,28.633062401625605
DEMO_016,T02,57,5.7,train,synthetic_demo,0.7382302443698362,0.29922238345389623,0.46739254025183863,0.271359747223515,52.27457514062633,28.633062401625605,flexion,54.802207729556045,29.886727559323603
DEMO_016,T02,58,5.800000000000001,train,synthetic_demo,0.690492806661533,0.3586014584998998,0.46657452469863486,0.23877433627008093,54.802207729556045,29.886727559323603,flexion,57.38678841830866,31.141633753585417
DEMO_016,T03,0,0.0,train,synthetic_demo,0.6667759333499247,0.30928749170382425,0.45298470752153824,0.2559088939405574,60.0,32.384031969540736,flexion,62.61321158169134,33.600310232347006
DEMO_016,T03,1,0.1,train,synthetic_demo,0.7391160075417808,0.25721780997169297,0.4219982445734381,0.2856643377413718,62.61321158169134,33.600310232347006,flexion,65.19779227044398,34.77714274283433
DEMO_016,T03,2,0.2,train,synthetic_demo,0.7082665879693755,0.29019929575307274,0.42769458104765423,0.29109888928324584,65.19779227044398,34.77714274283433,flexion,67.72542485937369,35.901635877749776
DEMO_016,T03,3,0.30000000000000004,train,synthetic_demo,0.6556197164042809,0.3222272583373944,0.44517999785561496,0.2418979572104773,67.72542485937369,35.901635877749776,flexion,70.168416076895,36.96146945499189
DEMO_016,T03,4,0.4,train,synthetic_demo,0.5885320026526475,0.3195343140887903,0.41995796753097653,0.24244687170219326,70.168416076895,36.96146945499189,flexion,72.5,37.945031716103976
DEMO_016,T03,5,0.5,train,synthetic_demo,0.7165097759118049,0.27117090096036756,0.41669491686064314,0.3164645344373106,72.5,37.945031716103976,flexion,74.69463130731182,38.84154654712965
DEMO_016,T03,6,0.6000000000000001,train,synthetic_demo,0.669827893940419,0.29454801847490697,0.4111918374749821,0.2580148180310338,74.69463130731182,38.84154654712965,flexion,76.72826515897145,39.64119154397241
DEMO_016,T03,7,0.7000000000000001,train,synthetic_demo,0.6261457547800906,0.3215905585507314,0.33802051238090397,0.29022557784020353,76.72826515897145,39.64119154397241,flexion,78.57862063693486,40.33520562871037
DEMO_016,T03,8,0.8,train,synthetic_demo,0.5438699210668191,0.33774149857224073,0.28318030129558663,0.2870106288102585,78.57862063693486,40.33520562871037,flexion,80.22542485937369,40.91598503779936
DEMO_016,T03,9,0.9,train,synthetic_demo,0.4397201503900136,0.33190119878510016,0.2879999652786909,0.28079437981307026,80.22542485937369,40.91598503779936,flexion,81.65063509461096,41.3771666304975
DEMO_016,T03,10,1.0,train,synthetic_demo,0.4730655360174738,0.3017050632944746,0.2705599530440946,0.32618496792791585,81.65063509461096,41.3771666304975,flexion,82.83863644106502,41.71369760476672
DEMO_016,T03,11,1.1,train,synthetic_demo,0.4750257670780149,0.2641417201914569,0.18283587228818635,0.32592454795584763,82.83863644106502,41.71369760476672,flexion,83.77641290737884,41.921890856829314
DEMO_016,T03,12,1.2000000000000002,train,synthetic_demo,0.40109734853486345,0.275754412300238,0.25890410889154797,0.20088685714080062,83.77641290737884,41.921890856829314,flexion,84.45369001834514,41.99946537784843
DEMO_016,T03,13,1.3,train,synthetic_demo,0.3290935940721794,0.31640698115696364,0.18190890003791657,0.22610109233489475,84.45369001834514,41.99946537784843,hold,84.86304738420684,41.94557124513828
DEMO_016,T03,14,1.4000000000000001,train,synthetic_demo,0.2870898333807567,0.2896924168239021,0.2063810510150038,0.3421282609513808,84.86304738420684,41.94557124513828,hold,85.0,41.7607989340949
DEMO_016,T03,15,1.5,train,synthetic_demo,0.2722195379098473,0.28146566782370025,0.22585147316509674,0.34341564513756073,85.0,41.7607989340949,hold,84.86304738420684,41.44717284882418
DEMO_016,T03,16,1.6,train,synthetic_demo,0.3022454314760431,0.3751515288513638,0.29036590977671256,0.37841604048491295,84.86304738420684,41.44717284882418,hold,84.45369001834514,41.00812914234682
DEMO_016,T03,17,1.7000000000000002,train,synthetic_demo,0.24677733030139093,0.3959610083346494,0.1652484812098908,0.3543305567580171,84.45369001834514,41.00812914234682,hold,83.77641290737884,40.44847806938679
DEMO_016,T03,18,1.8,train,synthetic_demo,0.2594469183438236,0.4891857726226517,0.18572659608644143,0.37825592957058746,83.77641290737884,40.44847806938679,extension,82.83863644106502,39.77435128421395
DEMO_016,T03,19,1.9000000000000001,train,synthetic_demo,0.2775776218900939,0.47404253656880063,0.2840336417878085,0.4855266020184646,82.83863644106502,39.77435128421395,extension,81.65063509461098,38.99313466095676
DEMO_016,T03,20,2.0,train,synthetic_demo,0.2688731333390626,0.5506724983301389,0.21097767777321325,0.47278527782291957,81.65063509461098,38.99313466095676,extension,80.22542485937369,38.113387372419716
DEMO_016,T03,21,2.1,train,synthetic_demo,0.23955667375859543,0.5842572271678551,0.17323860368416066,0.5229344961873359,80.22542485937369,38.113387372419716,extension,78.57862063693486,37.14474811399498
DEMO_016,T03,22,2.2,train,synthetic_demo,0.22923997369010587,0.6432298385579769,0.2767405418513494,0.4992402681983272,78.57862063693486,37.14474811399498,extension,76.72826515897145,36.097829500098655
DEMO_016,T03,23,2.3000000000000003,train,synthetic_demo,0.22404715140684328,0.7004923352159502,0.1727121626362963,0.5162816410922849,76.72826515897145,36.097829500098655,extension,74.69463130731182,34.98410179014638
DEMO_016,T03,24,2.4000000000000004,train,synthetic_demo,0.25952937978062834,0.6908425092319663,0.21666624491873862,0.5206805649400229,74.69463130731182,34.98410179014638,extension,72.5,33.815767217990924
DEMO_016,T03,25,2.5,train,synthetic_demo,0.25432347250015735,0.7312837093988735,0.20107941583133002,0.5039985722975988,72.5,33.815767217990924,extension,70.16841607689501,32.60562630169453
DEMO_016,T03,26,2.6,train,synthetic_demo,0.3597162470975077,0.8678881856322236,0.2093845049488194,0.5652572825185078,70.16841607689501,32.60562630169453,extension,67.72542485937369,31.366937598374406
DEMO_016,T03,27,2.7,train,synthetic_demo,0.24835915646053353,0.7500488141265313,0.19906898656284766,0.6587010301544709,67.72542485937369,31.366937598374406,extension,65.19779227044398,30.11327244067641
DEMO_016,T03,28,2.8000000000000003,train,synthetic_demo,0.25808351398992807,0.7353806702290298,0.21518231074500171,0.5477351792783253,65.19779227044398,30.11327244067641,extension,62.613211581691324,28.85836624641458
DEMO_016,T03,29,2.9000000000000004,train,synthetic_demo,0.3187449496535969,0.8193359632568404,0.1795560081714254,0.51358918546067,62.613211581691324,28.85836624641458,extension,60.0,27.615968030459264
DEMO_016,T03,30,3.0,train,synthetic_demo,0.2125839619259588,0.8281691076855477,0.15208516030086716,0.5111746169502566,60.0,27.615968030459264,extension,57.38678841830866,26.39968976765299
DEMO_016,T03,31,3.1,train,synthetic_demo,0.25104865214314487,0.8600650225485732,0.2186869065154474,0.5279992278162655,57.38678841830866,26.39968976765299,extension,54.802207729556024,25.22285725716567
DEMO_016,T03,32,3.2,train,synthetic_demo,0.25473238767356376,0.8366140143035798,0.22395140282287024,0.564646724579669,54.802207729556024,25.22285725716567,extension,52.27457514062632,24.098364122250224
DEMO_016,T03,33,3.3000000000000003,train,synthetic_demo,0.2888827743177308,0.785543194672773,0.17860661123829738,0.5154191520672059,52.27457514062632,24.098364122250224,extension,49.831583923104986,23.038530545008104
DEMO_016,T03,34,3.4000000000000004,train,synthetic_demo,0.27508731980186957,0.7652177576014573,0.16894039837982472,0.5011051658926271,49.831583923104986,23.038530545008104,extension,47.50000000000001,22.054968283896024
DEMO_016,T03,35,3.5,train,synthetic_demo,0.2461722082246813,0.7460751762310394,0.2160971437552656,0.5231645500497382,47.50000000000001,22.054968283896024,extension,45.30536869268818,21.158453452870347
DEMO_016,T03,36,3.6,train,synthetic_demo,0.2136977343857048,0.6521721761288999,0.23928822210111023,0.4662657310581208,45.30536869268818,21.158453452870347,extension,43.27173484102855,20.35880845602759
DEMO_016,T03,37,3.7,train,synthetic_demo,0.22605418025713073,0.645485232760771,0.17970532794894392,0.4802737409632759,43.27173484102855,20.35880845602759,extension,41.42137936306515,19.66479437128963
DEMO_016,T03,38,3.8000000000000003,train,synthetic_demo,0.24008877941265996,0.6322538639954502,0.15446898133713757,0.40456417018889795,41.42137936306515,19.66479437128963,extension,39.774575140626304,19.084014962200634
DEMO_016,T03,39,3.9000000000000004,train,synthetic_demo,0.2607100573443495,0.6410182588063322,0.21720633355229552,0.3519472460556863,39.774575140626304,19.084014962200634,extension,38.34936490538904,18.6228333695025
DEMO_016,T03,40,4.0,train,synthetic_demo,0.1885035160058261,0.5477305882616751,0.24161054156515555,0.3229524106659003,38.34936490538904,18.6228333695025,extension,37.16136355893498,18.286302395233275
DEMO_016,T03,41,4.1000000000000005,train,synthetic_demo,0.261166653444418,0.4629105017537251,0.2862758665386992,0.31239501861872565,37.16136355893498,18.286302395233275,extension,36.22358709262116,18.078109143170686
DEMO_016,T03,42,4.2,train,synthetic_demo,0.20914196936791032,0.46201205996068795,0.1629929540257674,0.2606081435331581,36.22358709262116,18.078109143170686,extension,35.54630998165486,18.00053462215157
DEMO_016,T03,43,4.3,train,synthetic_demo,0.25243470541623925,0.44452841596383563,0.19228127905769937,0.25734857749364803,35.54630998165486,18.00053462215157,hold,35.13695261579316,18.05442875486172
DEMO_016,T03,44,4.4,train,synthetic_demo,0.1865704658248081,0.37564417766744373,0.22213497635796497,0.24859445132978059,35.13695261579316,18.05442875486172,hold,35.0,18.2392010659051
DEMO_016,T03,45,4.5,train,synthetic_demo,0.2965487871310581,0.24293617540326587,0.2983994334570418,0.242236525522088,35.0,18.2392010659051,hold,35.13695261579316,18.552827151175826
DEMO_016,T03,46,4.6000000000000005,train,synthetic_demo,0.33868040617539885,0.2587927578759777,0.23597368568456345,0.2910873984768721,35.13695261579316,18.552827151175826,hold,35.54630998165486,18.991870857653183
DEMO_016,T03,47,4.7,train,synthetic_demo,0.34598736750423786,0.3204104195811877,0.2686407386229812,0.26386909741295156,35.54630998165486,18.991870857653183,hold,36.223587092621166,19.55152193061322
DEMO_016,T03,48,4.800000000000001,train,synthetic_demo,0.404929971612731,0.2428571987775471,0.2931715004167126,0.25254379025518353,36.223587092621166,19.55152193061322,flexion,37.16136355893498,20.225648715786054
DEMO_016,T03,49,4.9,train,synthetic_demo,0.43321499020623694,0.27485483524305815,0.310748316036917,0.2766317096577199,37.16136355893498,20.225648715786054,flexion,38.34936490538904,21.006865339043237
DEMO_016,T03,50,5.0,train,synthetic_demo,0.4111123061901068,0.268612087672451,0.3273720936590346,0.280426005237785,38.34936490538904,21.006865339043237,flexion,39.774575140626325,21.88661262758029
DEMO_016,T03,51,5.1000000000000005,train,synthetic_demo,0.495243059276049,0.2641412816924504,0.30043550573066646,0.2782010335072196,39.774575140626325,21.88661262758029,flexion,41.421379363065135,22.855251886005014
DEMO_016,T03,52,5.2,train,synthetic_demo,0.5148394686245132,0.31983096278991985,0.3893621833350824,0.22515128536173074,41.421379363065135,22.855251886005014,flexion,43.27173484102855,23.902170499901345
DEMO_016,T03,53,5.300000000000001,train,synthetic_demo,0.577398548325085,0.32958669501629556,0.3761594032966824,0.29905031213753597,43.27173484102855,23.902170499901345,flexion,45.30536869268816,25.01589820985361
DEMO_016,T03,54,5.4,train,synthetic_demo,0.5994227170728486,0.30518707157097597,0.3052514531700826,0.2940676102683129,45.30536869268816,25.01589820985361,flexion,47.499999999999986,26.184232782009072
DEMO_016,T03,55,5.5,train,synthetic_demo,0.5787142932598763,0.2565251077545564,0.39538116112362,0.3077570602874146,47.499999999999986,26.184232782009072,flexion,49.831583923105,27.394373698305476
DEMO_016,T03,56,5.6000000000000005,train,synthetic_demo,0.6355761666406554,0.3033031375660805,0.3970527396884274,0.3401355474480415,49.831583923105,27.394373698305476,flexion,52.27457514062633,28.633062401625605
DEMO_016,T03,57,5.7,train,synthetic_demo,0.6295900759532066,0.3680507024355816,0.4105008419720085,0.28885594236641604,52.27457514062633,28.633062401625605,flexion,54.802207729556045,29.886727559323603
DEMO_016,T03,58,5.800000000000001,train,synthetic_demo,0.6999243047593411,0.2723313614512498,0.4147769062156029,0.2576969116175273,54.802207729556045,29.886727559323603,flexion,57.38678841830866,31.141633753585417
DEMO_017,T01,0,0.0,train,synthetic_demo,0.634819221659257,0.23934066024816525,0.3761192481457983,0.22989945557312122,60.0,32.384031969540736,flexion,62.61321158169134,33.600310232347006
DEMO_017,T01,1,0.1,train,synthetic_demo,0.7136559926021417,0.2257581171985256,0.4332334028441624,0.23623648771278277,62.61321158169134,33.600310232347006,flexion,65.19779227044398,34.77714274283433
DEMO_017,T01,2,0.2,train,synthetic_demo,0.6158852034182444,0.20086865128277345,0.5091958450278888,0.23677844008393628,65.19779227044398,34.77714274283433,flexion,67.72542485937369,35.901635877749776
DEMO_017,T01,3,0.30000000000000004,train,synthetic_demo,0.6323939886026728,0.20771023103134534,0.38568230876064247,0.235713620844073,67.72542485937369,35.901635877749776,flexion,70.168416076895,36.96146945499189
DEMO_017,T01,4,0.4,train,synthetic_demo,0.6498986370859983,0.15831154212977835,0.37269892829203816,0.2917812034287255,70.168416076895,36.96146945499189,flexion,72.5,37.945031716103976
DEMO_017,T01,5,0.5,train,synthetic_demo,0.5636117029297626,0.27668315039611974,0.3706799353524265,0.18669471623773032,72.5,37.945031716103976,flexion,74.69463130731182,38.84154654712965
DEMO_017,T01,6,0.6000000000000001,train,synthetic_demo,0.5963261760752387,0.16001705706815234,0.36921738799384196,0.26452965868590994,74.69463130731182,38.84154654712965,flexion,76.72826515897145,39.64119154397241
DEMO_017,T01,7,0.7000000000000001,train,synthetic_demo,0.5587173873823753,0.21539683482809494,0.39096599373307916,0.22420483011425404,76.72826515897145,39.64119154397241,flexion,78.57862063693486,40.33520562871037
DEMO_017,T01,8,0.8,train,synthetic_demo,0.5607690552290177,0.1993212339316634,0.33055038882167204,0.22192853662374615,78.57862063693486,40.33520562871037,flexion,80.22542485937369,40.91598503779936
DEMO_017,T01,9,0.9,train,synthetic_demo,0.44340810088498805,0.19822130041143496,0.25278231631756665,0.24561216542574105,80.22542485937369,40.91598503779936,flexion,81.65063509461096,41.3771666304975
DEMO_017,T01,10,1.0,train,synthetic_demo,0.38926466084163025,0.23855889224488608,0.3401028724207358,0.24396306743081655,81.65063509461096,41.3771666304975,flexion,82.83863644106502,41.71369760476672
DEMO_017,T01,11,1.1,train,synthetic_demo,0.4490294214239242,0.1943585217522036,0.2610267864358383,0.23474627486881364,82.83863644106502,41.71369760476672,flexion,83.77641290737884,41.921890856829314
DEMO_017,T01,12,1.2000000000000002,train,synthetic_demo,0.3785030909216776,0.2964816341608687,0.23454057426931285,0.22103215473340976,83.77641290737884,41.921890856829314,flexion,84.45369001834514,41.99946537784843
DEMO_017,T01,13,1.3,train,synthetic_demo,0.35983873522078774,0.2957349147472875,0.2343813953488226,0.2929835743148469,84.45369001834514,41.99946537784843,hold,84.86304738420684,41.94557124513828
DEMO_017,T01,14,1.4000000000000001,train,synthetic_demo,0.30811640880246605,0.2527866474672501,0.15761616412830598,0.33140319094608683,84.86304738420684,41.94557124513828,hold,85.0,41.7607989340949
DEMO_017,T01,15,1.5,train,synthetic_demo,0.3191829372526487,0.1999663891474198,0.200540880028065,0.30348677605438573,85.0,41.7607989340949,hold,84.86304738420684,41.44717284882418
DEMO_017,T01,16,1.6,train,synthetic_demo,0.22825060673201145,0.2775212501009043,0.2409270648876209,0.32318966198418364,84.86304738420684,41.44717284882418,hold,84.45369001834514,41.00812914234682
DEMO_017,T01,17,1.7000000000000002,train,synthetic_demo,0.27253538590278203,0.2828088731827892,0.24514102016891393,0.3788171114933695,84.45369001834514,41.00812914234682,hold,83.77641290737884,40.44847806938679
DEMO_017,T01,18,1.8,train,synthetic_demo,0.25215459942748153,0.3790114321427711,0.23311124937506478,0.3566112028460501,83.77641290737884,40.44847806938679,extension,82.83863644106502,39.77435128421395
DEMO_017,T01,19,1.9000000000000001,train,synthetic_demo,0.22477939344846862,0.3519981048694695,0.27618522115060096,0.35077696809804126,82.83863644106502,39.77435128421395,extension,81.65063509461098,38.99313466095676
DEMO_017,T01,20,2.0,train,synthetic_demo,0.2496137791454831,0.4121240436168157,0.24251011070408132,0.40358535277255875,81.65063509461098,38.99313466095676,extension,80.22542485937369,38.113387372419716
DEMO_017,T01,21,2.1,train,synthetic_demo,0.31808444023643695,0.49350362442310164,0.23893445899741594,0.4230885292023828,80.22542485937369,38.113387372419716,extension,78.57862063693486,37.14474811399498
DEMO_017,T01,22,2.2,train,synthetic_demo,0.21325325208019102,0.47282668117897164,0.24744215160265465,0.419892094464432,78.57862063693486,37.14474811399498,extension,76.72826515897145,36.097829500098655
DEMO_017,T01,23,2.3000000000000003,train,synthetic_demo,0.25126316257137793,0.517891778683484,0.22619184186202992,0.4338940300010535,76.72826515897145,36.097829500098655,extension,74.69463130731182,34.98410179014638
DEMO_017,T01,24,2.4000000000000004,train,synthetic_demo,0.23471368473143675,0.5215083387422673,0.2206470917505228,0.4625983399557636,74.69463130731182,34.98410179014638,extension,72.5,33.815767217990924
DEMO_017,T01,25,2.5,train,synthetic_demo,0.2055341649040736,0.569551809332412,0.23427656318900447,0.4391028661376256,72.5,33.815767217990924,extension,70.16841607689501,32.60562630169453
DEMO_017,T01,26,2.6,train,synthetic_demo,0.2156500615973256,0.5007523444244478,0.2750583230826212,0.5341891572295011,70.16841607689501,32.60562630169453,extension,67.72542485937369,31.366937598374406
DEMO_017,T01,27,2.7,train,synthetic_demo,0.2540582753762553,0.6359116209691152,0.21414740266072316,0.544368079279045,67.72542485937369,31.366937598374406,extension,65.19779227044398,30.11327244067641
DEMO_017,T01,28,2.8000000000000003,train,synthetic_demo,0.22124741228054823,0.6141235268381356,0.19910707538513317,0.5432749089257132,65.19779227044398,30.11327244067641,extension,62.613211581691324,28.85836624641458
DEMO_017,T01,29,2.9000000000000004,train,synthetic_demo,0.2384890685773312,0.6693086005488812,0.2374292099879093,0.5760756226128635,62.613211581691324,28.85836624641458,extension,60.0,27.615968030459264
DEMO_017,T01,30,3.0,train,synthetic_demo,0.18374156082251247,0.616458194582574,0.20014530892912796,0.5141511461228426,60.0,27.615968030459264,extension,57.38678841830866,26.39968976765299
DEMO_017,T01,31,3.1,train,synthetic_demo,0.24300111070870203,0.6432165648130747,0.2248514139318095,0.48099358862393216,57.38678841830866,26.39968976765299,extension,54.802207729556024,25.22285725716567
DEMO_017,T01,32,3.2,train,synthetic_demo,0.25103852279335703,0.6493744858716625,0.27990701947004615,0.500891512500603,54.802207729556024,25.22285725716567,extension,52.27457514062632,24.098364122250224
DEMO_017,T01,33,3.3000000000000003,train,synthetic_demo,0.2544162308136837,0.598055692837798,0.22816678583728708,0.4424980277030749,52.27457514062632,24.098364122250224,extension,49.831583923104986,23.038530545008104
DEMO_017,T01,34,3.4000000000000004,train,synthetic_demo,0.261479618393896,0.6625005443278238,0.24756617079684012,0.4716098002360064,49.831583923104986,23.038530545008104,extension,47.50000000000001,22.054968283896024
DEMO_017,T01,35,3.5,train,synthetic_demo,0.2119457221863589,0.580507905300071,0.2456521305741167,0.45885018405101086,47.50000000000001,22.054968283896024,extension,45.30536869268818,21.158453452870347
DEMO_017,T01,36,3.6,train,synthetic_demo,0.19781029917725335,0.5402414927991633,0.13933383454079323,0.43590533986449,45.30536869268818,21.158453452870347,extension,43.27173484102855,20.35880845602759
DEMO_017,T01,37,3.7,train,synthetic_demo,0.2556523715326426,0.49726165702165576,0.2310201027287574,0.37292588646433467,43.27173484102855,20.35880845602759,extension,41.42137936306515,19.66479437128963
DEMO_017,T01,38,3.8000000000000003,train,synthetic_demo,0.20876495002380416,0.5541635521207775,0.24384936726920153,0.33749630518250795,41.42137936306515,19.66479437128963,extension,39.774575140626304,19.084014962200634
DEMO_017,T01,39,3.9000000000000004,train,synthetic_demo,0.21399647523765092,0.4914963253488227,0.2614408255947879,0.3406298795204112,39.774575140626304,19.084014962200634,extension,38.34936490538904,18.6228333695025
DEMO_017,T01,40,4.0,train,synthetic_demo,0.2387912934207617,0.4502032974141911,0.20193650070119346,0.30249210452883885,38.34936490538904,18.6228333695025,extension,37.16136355893498,18.286302395233275
DEMO_017,T01,41,4.1000000000000005,train,synthetic_demo,0.23396474293271938,0.35988882093434305,0.27941945906643395,0.3127327439125366,37.16136355893498,18.286302395233275,extension,36.22358709262116,18.078109143170686
DEMO_017,T01,42,4.2,train,synthetic_demo,0.19408740097182378,0.3164098110559467,0.23351834416196554,0.3000409581187526,36.22358709262116,18.078109143170686,extension,35.54630998165486,18.00053462215157
DEMO_017,T01,43,4.3,train,synthetic_demo,0.18973389665503565,0.3025041275832521,0.22977475693224794,0.2853456592025291,35.54630998165486,18.00053462215157,hold,35.13695261579316,18.05442875486172
DEMO_017,T01,44,4.4,train,synthetic_demo,0.2685621174839135,0.2709666829524751,0.16221502350611133,0.2364811007354141,35.13695261579316,18.05442875486172,hold,35.0,18.2392010659051
DEMO_017,T01,45,4.5,train,synthetic_demo,0.23764448745290392,0.20982737690552625,0.2804016158696788,0.24561225834444458,35.0,18.2392010659051,hold,35.13695261579316,18.552827151175826
DEMO_017,T01,46,4.6000000000000005,train,synthetic_demo,0.23359329360884992,0.15280568842702472,0.251620545009465,0.22102423507407032,35.13695261579316,18.552827151175826,hold,35.54630998165486,18.991870857653183
DEMO_017,T01,47,4.7,train,synthetic_demo,0.3369426940974737,0.24788444501980175,0.3411965965612904,0.21631185760710991,35.54630998165486,18.991870857653183,hold,36.223587092621166,19.55152193061322
DEMO_017,T01,48,4.800000000000001,train,synthetic_demo,0.3990241839425273,0.22587913382090266,0.2886667409694673,0.2773128210111345,36.223587092621166,19.55152193061322,flexion,37.16136355893498,20.225648715786054
DEMO_017,T01,49,4.9,train,synthetic_demo,0.43468068483364614,0.27106329469265156,0.312526530334449,0.2076499010789557,37.16136355893498,20.225648715786054,flexion,38.34936490538904,21.006865339043237
DEMO_017,T01,50,5.0,train,synthetic_demo,0.48527772207562353,0.1926161068599208,0.3662561154449547,0.30952142264357485,38.34936490538904,21.006865339043237,flexion,39.774575140626325,21.88661262758029
DEMO_017,T01,51,5.1000000000000005,train,synthetic_demo,0.4642035144222754,0.21539630630508563,0.3763794144093632,0.26870272327211187,39.774575140626325,21.88661262758029,flexion,41.421379363065135,22.855251886005014
DEMO_017,T01,52,5.2,train,synthetic_demo,0.5640840308541857,0.20481897107994151,0.39472159814529495,0.2713621421306476,41.421379363065135,22.855251886005014,flexion,43.27173484102855,23.902170499901345
DEMO_017,T01,53,5.300000000000001,train,synthetic_demo,0.57059852229366,0.23675331866300883,0.40055288018399193,0.2810664094727222,43.27173484102855,23.902170499901345,flexion,45.30536869268816,25.01589820985361
DEMO_017,T01,54,5.4,train,synthetic_demo,0.5802919278952289,0.2071289248281109,0.4079966776091783,0.2215214257649394,45.30536869268816,25.01589820985361,flexion,47.499999999999986,26.184232782009072
DEMO_017,T01,55,5.5,train,synthetic_demo,0.5523166483425415,0.2077779154725425,0.42355278780376654,0.27226564006483134,47.499999999999986,26.184232782009072,flexion,49.831583923105,27.394373698305476
DEMO_017,T01,56,5.6000000000000005,train,synthetic_demo,0.5810719308336234,0.2748406787896834,0.33645261954814054,0.2218967580785519,49.831583923105,27.394373698305476,flexion,52.27457514062633,28.633062401625605
DEMO_017,T01,57,5.7,train,synthetic_demo,0.6376874139262485,0.26669416081507163,0.3965401982051348,0.267544877393247,52.27457514062633,28.633062401625605,flexion,54.802207729556045,29.886727559323603
DEMO_017,T01,58,5.800000000000001,train,synthetic_demo,0.7319894069643083,0.23854481795026827,0.4150014686684331,0.24109270374353278,54.802207729556045,29.886727559323603,flexion,57.38678841830866,31.141633753585417
DEMO_017,T02,0,0.0,train,synthetic_demo,0.6316389207652068,0.24408642372757025,0.45745103837896883,0.2762934211756737,60.0,32.384031969540736,flexion,62.61321158169134,33.600310232347006
DEMO_017,T02,1,0.1,train,synthetic_demo,0.7190217844635737,0.24617050578579136,0.4277953588492292,0.23446389570801707,62.61321158169134,33.600310232347006,flexion,65.19779227044398,34.77714274283433
DEMO_017,T02,2,0.2,train,synthetic_demo,0.6469562858473764,0.21130849489996253,0.454696497149638,0.3296078862577974,65.19779227044398,34.77714274283433,flexion,67.72542485937369,35.901635877749776
DEMO_017,T02,3,0.30000000000000004,train,synthetic_demo,0.6317960897053145,0.26919191408991605,0.42199679891410513,0.22194521295640912,67.72542485937369,35.901635877749776,flexion,70.168416076895,36.96146945499189
DEMO_017,T02,4,0.4,train,synthetic_demo,0.6611892013671227,0.23500543354314585,0.3934642424580811,0.23974446764732465,70.168416076895,36.96146945499189,flexion,72.5,37.945031716103976
DEMO_017,T02,5,0.5,train,synthetic_demo,0.559193900261176,0.23570903720520253,0.4129055549341161,0.25626802384539255,72.5,37.945031716103976,flexion,74.69463130731182,38.84154654712965
DEMO_017,T02,6,0.6000000000000001,train,synthetic_demo,0.5362242152089343,0.18518911111388928,0.4650450804527901,0.24064616486449503,74.69463130731182,38.84154654712965,flexion,76.72826515897145,39.64119154397241
DEMO_017,T02,7,0.7000000000000001,train,synthetic_demo,0.5406994266390466,0.2675298348465617,0.358750129961044,0.27408805178947737,76.72826515897145,39.64119154397241,flexion,78.57862063693486,40.33520562871037
DEMO_017,T02,8,0.8,train,synthetic_demo,0.47139121981051596,0.24437705477979227,0.37548297229275973,0.2904463659950508,78.57862063693486,40.33520562871037,flexion,80.22542485937369,40.91598503779936
DEMO_017,T02,9,0.9,train,synthetic_demo,0.4288807008180687,0.26203991394813203,0.3164420416162444,0.27292208551278263,80.22542485937369,40.91598503779936,flexion,81.65063509461096,41.3771666304975
DEMO_017,T02,10,1.0,train,synthetic_demo,0.45835998798995786,0.24881585536778747,0.3266593467752735,0.2719017134538286,81.65063509461096,41.3771666304975,flexion,82.83863644106502,41.71369760476672
DEMO_017,T02,11,1.1,train,synthetic_demo,0.3647190531605318,0.27256594086580216,0.2785347019192792,0.18912516475202595,82.83863644106502,41.71369760476672,flexion,83.77641290737884,41.921890856829314
DEMO_017,T02,12,1.2000000000000002,train,synthetic_demo,0.3852713100038083,0.2807940380879759,0.25211159645955883,0.23921504804373958,83.77641290737884,41.921890856829314,flexion,84.45369001834514,41.99946537784843
DEMO_017,T02,13,1.3,train,synthetic_demo,0.32988426128090653,0.2293999920018741,0.21823612327865322,0.3218089195206355,84.45369001834514,41.99946537784843,hold,84.86304738420684,41.94557124513828
DEMO_017,T02,14,1.4000000000000001,train,synthetic_demo,0.2681068406428444,0.31313110068777145,0.18289006816567316,0.23868249265668806,84.86304738420684,41.94557124513828,hold,85.0,41.7607989340949
DEMO_017,T02,15,1.5,train,synthetic_demo,0.2784543267577021,0.20981422451698958,0.27929429426198515,0.28844877130872676,85.0,41.7607989340949,hold,84.86304738420684,41.44717284882418
DEMO_017,T02,16,1.6,train,synthetic_demo,0.23646770054957508,0.26479139002405827,0.2849032175914666,0.3762616539735796,84.86304738420684,41.44717284882418,hold,84.45369001834514,41.00812914234682
DEMO_017,T02,17,1.7000000000000002,train,synthetic_demo,0.246137934873948,0.30586132240403097,0.13629443803190436,0.36478011999240223,84.45369001834514,41.00812914234682,hold,83.77641290737884,40.44847806938679
DEMO_017,T02,18,1.8,train,synthetic_demo,0.20727304153125198,0.36388145951490675,0.27760344919660074,0.43059213603597796,83.77641290737884,40.44847806938679,extension,82.83863644106502,39.77435128421395
DEMO_017,T02,19,1.9000000000000001,train,synthetic_demo,0.22092549459229224,0.4153160269031052,0.2021265309125921,0.36399055040298334,82.83863644106502,39.77435128421395,extension,81.65063509461098,38.99313466095676
DEMO_017,T02,20,2.0,train,synthetic_demo,0.2023834705758203,0.4690940543996829,0.20065980543644307,0.43073322912231987,81.65063509461098,38.99313466095676,extension,80.22542485937369,38.113387372419716
DEMO_017,T02,21,2.1,train,synthetic_demo,0.2546661006431722,0.5148968847460789,0.26167493001981956,0.4179545100455191,80.22542485937369,38.113387372419716,extension,78.57862063693486,37.14474811399498
DEMO_017,T02,22,2.2,train,synthetic_demo,0.2929655743318188,0.456738182019824,0.2093413515524754,0.43053826697416037,78.57862063693486,37.14474811399498,extension,76.72826515897145,36.097829500098655
DEMO_017,T02,23,2.3000000000000003,train,synthetic_demo,0.2191725973631509,0.5216945706064118,0.23796722262786613,0.4776409937107712,76.72826515897145,36.097829500098655,extension,74.69463130731182,34.98410179014638
DEMO_017,T02,24,2.4000000000000004,train,synthetic_demo,0.20461338200848006,0.6596708219359071,0.24757906426747386,0.5199350723783367,74.69463130731182,34.98410179014638,extension,72.5,33.815767217990924
DEMO_017,T02,25,2.5,train,synthetic_demo,0.21066626431986718,0.5849597853221291,0.2257064726093629,0.4874452147918277,72.5,33.815767217990924,extension,70.16841607689501,32.60562630169453
DEMO_017,T02,26,2.6,train,synthetic_demo,0.26873174447508,0.6396554665515627,0.26090265244621536,0.48869715141972186,70.16841607689501,32.60562630169453,extension,67.72542485937369,31.366937598374406
DEMO_017,T02,27,2.7,train,synthetic_demo,0.265501985768324,0.5860928496131402,0.201019229390213,0.48186890951216604,67.72542485937369,31.366937598374406,extension,65.19779227044398,30.11327244067641
DEMO_017,T02,28,2.8000000000000003,train,synthetic_demo,0.28955247462506756,0.6694794181089545,0.2178690312717913,0.5382543862169099,65.19779227044398,30.11327244067641,extension,62.613211581691324,28.85836624641458
DEMO_017,T02,29,2.9000000000000004,train,synthetic_demo,0.2508354271062925,0.6062662721820807,0.17592128308112454,0.4912438341535365,62.613211581691324,28.85836624641458,extension,60.0,27.615968030459264
DEMO_017,T02,30,3.0,train,synthetic_demo,0.19611863473641677,0.6667186519431401,0.29592730315237303,0.49023556935482254,60.0,27.615968030459264,extension,57.38678841830866,26.39968976765299
DEMO_017,T02,31,3.1,train,synthetic_demo,0.22167552621545608,0.6038825029410634,0.2588005331742873,0.44875637746835045,57.38678841830866,26.39968976765299,extension,54.802207729556024,25.22285725716567
DEMO_017,T02,32,3.2,train,synthetic_demo,0.22759556591835073,0.6771679992387174,0.22229330210694556,0.4452883100876011,54.802207729556024,25.22285725716567,extension,52.27457514062632,24.098364122250224
DEMO_017,T02,33,3.3000000000000003,train,synthetic_demo,0.2471311938268067,0.6160135210756886,0.23224039276648129,0.4600078574274417,52.27457514062632,24.098364122250224,extension,49.831583923104986,23.038530545008104
DEMO_017,T02,34,3.4000000000000004,train,synthetic_demo,0.21833683896153855,0.6362528513543843,0.1931257545848696,0.4689260519898174,49.831583923104986,23.038530545008104,extension,47.50000000000001,22.054968283896024
DEMO_017,T02,35,3.5,train,synthetic_demo,0.21351377096840757,0.6043977324114203,0.23986643973677324,0.4398998794434547,47.50000000000001,22.054968283896024,extension,45.30536869268818,21.158453452870347
DEMO_017,T02,36,3.6,train,synthetic_demo,0.2464126334417247,0.563985710347202,0.22052612566112015,0.39821271231301325,45.30536869268818,21.158453452870347,extension,43.27173484102855,20.35880845602759
DEMO_017,T02,37,3.7,train,synthetic_demo,0.24001887082774545,0.5883118309950726,0.2153620854118441,0.35206070897110525,43.27173484102855,20.35880845602759,extension,41.42137936306515,19.66479437128963
DEMO_017,T02,38,3.8000000000000003,train,synthetic_demo,0.28009642488871084,0.45687775542476705,0.23557037627341545,0.3156926432604656,41.42137936306515,19.66479437128963,extension,39.774575140626304,19.084014962200634
DEMO_017,T02,39,3.9000000000000004,train,synthetic_demo,0.2472555814892923,0.5667426687039637,0.2366701841492796,0.3934016259607491,39.774575140626304,19.084014962200634,extension,38.34936490538904,18.6228333695025
DEMO_017,T02,40,4.0,train,synthetic_demo,0.23601010408278644,0.44627967622288384,0.21656112842619485,0.3747025961048722,38.34936490538904,18.6228333695025,extension,37.16136355893498,18.286302395233275
DEMO_017,T02,41,4.1000000000000005,train,synthetic_demo,0.26726883912102506,0.4064609574200778,0.199685142624255,0.25692972654105234,37.16136355893498,18.286302395233275,extension,36.22358709262116,18.078109143170686
DEMO_017,T02,42,4.2,train,synthetic_demo,0.24556506628414004,0.3747853381477385,0.17349847478106012,0.28615036148536804,36.22358709262116,18.078109143170686,extension,35.54630998165486,18.00053462215157
DEMO_017,T02,43,4.3,train,synthetic_demo,0.2026829447444698,0.26133046191847265,0.15581926978410932,0.25201037389213865,35.54630998165486,18.00053462215157,hold,35.13695261579316,18.05442875486172
DEMO_017,T02,44,4.4,train,synthetic_demo,0.2709037223689196,0.3248347941153978,0.1805988516890556,0.28457156345636364,35.13695261579316,18.05442875486172,hold,35.0,18.2392010659051
DEMO_017,T02,45,4.5,train,synthetic_demo,0.2424830458972065,0.2160660819496918,0.29047869203257093,0.23486836031974734,35.0,18.2392010659051,hold,35.13695261579316,18.552827151175826
DEMO_017,T02,46,4.6000000000000005,train,synthetic_demo,0.2687414483708002,0.2345126366115155,0.29033432159176165,0.2338102570840429,35.13695261579316,18.552827151175826,hold,35.54630998165486,18.991870857653183
DEMO_017,T02,47,4.7,train,synthetic_demo,0.3107930587501559,0.23000377659766863,0.3469816240217513,0.19112374514463398,35.54630998165486,18.991870857653183,hold,36.223587092621166,19.55152193061322
DEMO_017,T02,48,4.800000000000001,train,synthetic_demo,0.34712116686580424,0.25779390893356113,0.34795785150057,0.2277579568139742,36.223587092621166,19.55152193061322,flexion,37.16136355893498,20.225648715786054
DEMO_017,T02,49,4.9,train,synthetic_demo,0.42763936462022806,0.19377672361332327,0.35763779902389475,0.2987089152720044,37.16136355893498,20.225648715786054,flexion,38.34936490538904,21.006865339043237
DEMO_017,T02,50,5.0,train,synthetic_demo,0.3891851699190222,0.2436244225863174,0.39011897260097295,0.21229068248550703,38.34936490538904,21.006865339043237,flexion,39.774575140626325,21.88661262758029
DEMO_017,T02,51,5.1000000000000005,train,synthetic_demo,0.4994877960309972,0.23983011193837767,0.3871704525283801,0.25897114632958734,39.774575140626325,21.88661262758029,flexion,41.421379363065135,22.855251886005014
DEMO_017,T02,52,5.2,train,synthetic_demo,0.49866330967947725,0.22259987247125726,0.4102151473368906,0.29518334294733456,41.421379363065135,22.855251886005014,flexion,43.27173484102855,23.902170499901345
DEMO_017,T02,53,5.300000000000001,train,synthetic_demo,0.5771644020078243,0.27143477972927293,0.4332359664662744,0.26733219245404927,43.27173484102855,23.902170499901345,flexion,45.30536869268816,25.01589820985361
DEMO_017,T02,54,5.4,train,synthetic_demo,0.5958687173276972,0.2857774888062286,0.38921808138084113,0.2554706837416608,45.30536869268816,25.01589820985361,flexion,47.499999999999986,26.184232782009072
DEMO_017,T02,55,5.5,train,synthetic_demo,0.6356859566328962,0.28147773990645847,0.4754753699517391,0.2488448719206559,47.499999999999986,26.184232782009072,flexion,49.831583923105,27.394373698305476
DEMO_017,T02,56,5.6000000000000005,train,synthetic_demo,0.6255662577302799,0.27114859855079404,0.47976990906402556,0.24574244685099597,49.831583923105,27.394373698305476,flexion,52.27457514062633,28.633062401625605
DEMO_017,T02,57,5.7,train,synthetic_demo,0.6402816466366823,0.267874085945118,0.4785198345018602,0.2704272925363788,52.27457514062633,28.633062401625605,flexion,54.802207729556045,29.886727559323603
DEMO_017,T02,58,5.800000000000001,train,synthetic_demo,0.6558844458882133,0.27794766301336427,0.4746851889728698,0.20376851674713028,54.802207729556045,29.886727559323603,flexion,57.38678841830866,31.141633753585417
DEMO_017,T03,0,0.0,train,synthetic_demo,0.6809377838897843,0.21575368479439086,0.43795368135063145,0.2584270422960098,60.0,32.384031969540736,flexion,62.61321158169134,33.600310232347006
DEMO_017,T03,1,0.1,train,synthetic_demo,0.714055828503393,0.21215793646759046,0.3999338556623408,0.24381887842032668,62.61321158169134,33.600310232347006,flexion,65.19779227044398,34.77714274283433
DEMO_017,T03,2,0.2,train,synthetic_demo,0.5983691120482779,0.1718928615946564,0.39906595262358757,0.29700345678627627,65.19779227044398,34.77714274283433,flexion,67.72542485937369,35.901635877749776
DEMO_017,T03,3,0.30000000000000004,train,synthetic_demo,0.6908093391472826,0.2380790731944206,0.41336640989545087,0.22524208497213513,67.72542485937369,35.901635877749776,flexion,70.168416076895,36.96146945499189
DEMO_017,T03,4,0.4,train,synthetic_demo,0.617172339295228,0.2420287825053696,0.4362757411399232,0.30149477968870597,70.168416076895,36.96146945499189,flexion,72.5,37.945031716103976
DEMO_017,T03,5,0.5,train,synthetic_demo,0.5994854960969204,0.20628753395895774,0.3575714145919861,0.21051482052823772,72.5,37.945031716103976,flexion,74.69463130731182,38.84154654712965
DEMO_017,T03,6,0.6000000000000001,train,synthetic_demo,0.5869989536024174,0.22809966031723672,0.361837510983097,0.268554945251867,74.69463130731182,38.84154654712965,flexion,76.72826515897145,39.64119154397241
DEMO_017,T03,7,0.7000000000000001,train,synthetic_demo,0.47019912455581253,0.2182966991970803,0.3612715898737577,0.2239202168009029,76.72826515897145,39.64119154397241,flexion,78.57862063693486,40.33520562871037
DEMO_017,T03,8,0.8,train,synthetic_demo,0.4638823625683951,0.2319997733447074,0.3342699788878556,0.23322743651162117,78.57862063693486,40.33520562871037,flexion,80.22542485937369,40.91598503779936
DEMO_017,T03,9,0.9,train,synthetic_demo,0.5610506203408525,0.16998869792998145,0.2598828893741006,0.21720755976605485,80.22542485937369,40.91598503779936,flexion,81.65063509461096,41.3771666304975
DEMO_017,T03,10,1.0,train,synthetic_demo,0.4973679841696404,0.17756569730879007,0.263995927107632,0.2215995901286395,81.65063509461096,41.3771666304975,flexion,82.83863644106502,41.71369760476672
DEMO_017,T03,11,1.1,train,synthetic_demo,0.44253332071252494,0.20459071228046988,0.2731805885433004,0.30620674658692226,82.83863644106502,41.71369760476672,flexion,83.77641290737884,41.921890856829314
DEMO_017,T03,12,1.2000000000000002,train,synthetic_demo,0.3557229732206706,0.15885246412671916,0.2468141266257234,0.3076135499082403,83.77641290737884,41.921890856829314,flexion,84.45369001834514,41.99946537784843
DEMO_017,T03,13,1.3,train,synthetic_demo,0.31852958019959476,0.25283770145912904,0.24816599861403396,0.26060717016655277,84.45369001834514,41.99946537784843,hold,84.86304738420684,41.94557124513828
DEMO_017,T03,14,1.4000000000000001,train,synthetic_demo,0.3325612456478403,0.19983450745264503,0.21476268203231963,0.25400560552621226,84.86304738420684,41.94557124513828,hold,85.0,41.7607989340949
DEMO_017,T03,15,1.5,train,synthetic_demo,0.22193124157777944,0.30189724866496254,0.22985690773183348,0.3583402589287577,85.0,41.7607989340949,hold,84.86304738420684,41.44717284882418
DEMO_017,T03,16,1.6,train,synthetic_demo,0.23163395138622161,0.30287519011306324,0.19514860169538395,0.28632478571704634,84.86304738420684,41.44717284882418,hold,84.45369001834514,41.00812914234682
DEMO_017,T03,17,1.7000000000000002,train,synthetic_demo,0.19746871304358107,0.368220011345491,0.18057594510055913,0.279449159434635,84.45369001834514,41.00812914234682,hold,83.77641290737884,40.44847806938679
DEMO_017,T03,18,1.8,train,synthetic_demo,0.19703974763654628,0.4488716520758945,0.25213338771920635,0.33000425698395713,83.77641290737884,40.44847806938679,extension,82.83863644106502,39.77435128421395
DEMO_017,T03,19,1.9000000000000001,train,synthetic_demo,0.2854525310219847,0.37497852618345306,0.1893839435815134,0.32283496528746436,82.83863644106502,39.77435128421395,extension,81.65063509461098,38.99313466095676
DEMO_017,T03,20,2.0,train,synthetic_demo,0.2521504680544384,0.39983720266222833,0.31636186925541593,0.4193106745713293,81.65063509461098,38.99313466095676,extension,80.22542485937369,38.113387372419716
DEMO_017,T03,21,2.1,train,synthetic_demo,0.206698797624162,0.49473085064723765,0.20646541271351787,0.4356335099070307,80.22542485937369,38.113387372419716,extension,78.57862063693486,37.14474811399498
DEMO_017,T03,22,2.2,train,synthetic_demo,0.22791415737743376,0.5308557271871784,0.2368870322817099,0.4588906388144404,78.57862063693486,37.14474811399498,extension,76.72826515897145,36.097829500098655
DEMO_017,T03,23,2.3000000000000003,train,synthetic_demo,0.1696805739045797,0.5639909246340806,0.2393368324505258,0.3796089653797782,76.72826515897145,36.097829500098655,extension,74.69463130731182,34.98410179014638
DEMO_017,T03,24,2.4000000000000004,train,synthetic_demo,0.2090898591889883,0.5384744256415862,0.21158756887912128,0.5024443863830501,74.69463130731182,34.98410179014638,extension,72.5,33.815767217990924
DEMO_017,T03,25,2.5,train,synthetic_demo,0.25456147260348266,0.5586623031763007,0.20968629449028758,0.4915662009507487,72.5,33.815767217990924,extension,70.16841607689501,32.60562630169453
DEMO_017,T03,26,2.6,train,synthetic_demo,0.2535013134817794,0.6595703594434033,0.3017758447470327,0.5201505594571845,70.16841607689501,32.60562630169453,extension,67.72542485937369,31.366937598374406
DEMO_017,T03,27,2.7,train,synthetic_demo,0.23922235317253188,0.5847812354514373,0.2681826411723171,0.4923784641620613,67.72542485937369,31.366937598374406,extension,65.19779227044398,30.11327244067641
DEMO_017,T03,28,2.8000000000000003,train,synthetic_demo,0.2753174368438529,0.6779213649616805,0.16077455353047723,0.488767780746975,65.19779227044398,30.11327244067641,extension,62.613211581691324,28.85836624641458
DEMO_017,T03,29,2.9000000000000004,train,synthetic_demo,0.2361938206613831,0.6487831102734439,0.2180791848637294,0.5160980004621276,62.613211581691324,28.85836624641458,extension,60.0,27.615968030459264
DEMO_017,T03,30,3.0,train,synthetic_demo,0.1709921316251184,0.6592543927676113,0.23131895785705636,0.48717701403890656,60.0,27.615968030459264,extension,57.38678841830866,26.39968976765299
DEMO_017,T03,31,3.1,train,synthetic_demo,0.23070737069663286,0.5940155748431054,0.26624694064349275,0.5138455720477444,57.38678841830866,26.39968976765299,extension,54.802207729556024,25.22285725716567
DEMO_017,T03,32,3.2,train,synthetic_demo,0.2364153852206205,0.6305334195128967,0.29299534159569285,0.5134273475094459,54.802207729556024,25.22285725716567,extension,52.27457514062632,24.098364122250224
DEMO_017,T03,33,3.3000000000000003,train,synthetic_demo,0.24641262506068232,0.6154875569215004,0.21750383221717123,0.47532028670678045,52.27457514062632,24.098364122250224,extension,49.831583923104986,23.038530545008104
DEMO_017,T03,34,3.4000000000000004,train,synthetic_demo,0.19885121150975035,0.5991964584686723,0.2391009808655947,0.45341669642691085,49.831583923104986,23.038530545008104,extension,47.50000000000001,22.054968283896024
DEMO_017,T03,35,3.5,train,synthetic_demo,0.2352748001148421,0.600092834294223,0.18281850231049507,0.4787115964526993,47.50000000000001,22.054968283896024,extension,45.30536869268818,21.158453452870347
DEMO_017,T03,36,3.6,train,synthetic_demo,0.20864464890148188,0.6033097744878971,0.21869818595366014,0.4329110106034787,45.30536869268818,21.158453452870347,extension,43.27173484102855,20.35880845602759
DEMO_017,T03,37,3.7,train,synthetic_demo,0.20608595982235672,0.509435197789737,0.2683976848390793,0.3997306856092729,43.27173484102855,20.35880845602759,extension,41.42137936306515,19.66479437128963
DEMO_017,T03,38,3.8000000000000003,train,synthetic_demo,0.20647197833399156,0.4990208826212441,0.20970287938954213,0.37956742994249626,41.42137936306515,19.66479437128963,extension,39.774575140626304,19.084014962200634
DEMO_017,T03,39,3.9000000000000004,train,synthetic_demo,0.2527004825154771,0.46035959537380355,0.27619996282463566,0.3875112289221992,39.774575140626304,19.084014962200634,extension,38.34936490538904,18.6228333695025
DEMO_017,T03,40,4.0,train,synthetic_demo,0.18405571231089743,0.4050095753038947,0.17369598096514338,0.3111626760551042,38.34936490538904,18.6228333695025,extension,37.16136355893498,18.286302395233275
DEMO_017,T03,41,4.1000000000000005,train,synthetic_demo,0.20797839386578248,0.44425119096681615,0.23492431046304285,0.36796146469903523,37.16136355893498,18.286302395233275,extension,36.22358709262116,18.078109143170686
DEMO_017,T03,42,4.2,train,synthetic_demo,0.21699999605487585,0.302732384590734,0.22527516750820614,0.33598420850216826,36.22358709262116,18.078109143170686,extension,35.54630998165486,18.00053462215157
DEMO_017,T03,43,4.3,train,synthetic_demo,0.2010521071676189,0.27630931361315597,0.24496637615972464,0.24605249282705305,35.54630998165486,18.00053462215157,hold,35.13695261579316,18.05442875486172
DEMO_017,T03,44,4.4,train,synthetic_demo,0.2500770120512255,0.22549066583882,0.22956982758805236,0.27140547278579535,35.13695261579316,18.05442875486172,hold,35.0,18.2392010659051
DEMO_017,T03,45,4.5,train,synthetic_demo,0.255980241421543,0.2476967530208103,0.2946141442820195,0.2369338394602623,35.0,18.2392010659051,hold,35.13695261579316,18.552827151175826
DEMO_017,T03,46,4.6000000000000005,train,synthetic_demo,0.24585891966035323,0.14243568869050433,0.2613588548026884,0.25355277855246644,35.13695261579316,18.552827151175826,hold,35.54630998165486,18.991870857653183
DEMO_017,T03,47,4.7,train,synthetic_demo,0.32687798312470623,0.22860719218833778,0.3008627729601172,0.2014092389908766,35.54630998165486,18.991870857653183,hold,36.223587092621166,19.55152193061322
DEMO_017,T03,48,4.800000000000001,train,synthetic_demo,0.4250833870575064,0.2591475286766525,0.33719259252676703,0.2429843034633765,36.223587092621166,19.55152193061322,flexion,37.16136355893498,20.225648715786054
DEMO_017,T03,49,4.9,train,synthetic_demo,0.40240451567809254,0.2712937182141095,0.3193031680983928,0.2590526800306636,37.16136355893498,20.225648715786054,flexion,38.34936490538904,21.006865339043237
DEMO_017,T03,50,5.0,train,synthetic_demo,0.43825798111761294,0.18243673625134227,0.3378623147463024,0.2140546241225023,38.34936490538904,21.006865339043237,flexion,39.774575140626325,21.88661262758029
DEMO_017,T03,51,5.1000000000000005,train,synthetic_demo,0.4925187083693301,0.23428084180327147,0.32067402424734204,0.2539066052963263,39.774575140626325,21.88661262758029,flexion,41.421379363065135,22.855251886005014
DEMO_017,T03,52,5.2,train,synthetic_demo,0.49652099221511414,0.23247444865226402,0.3911139206375543,0.2995465151120309,41.421379363065135,22.855251886005014,flexion,43.27173484102855,23.902170499901345
DEMO_017,T03,53,5.300000000000001,train,synthetic_demo,0.5772960685690913,0.23955289221357823,0.3879676445841884,0.3336952541412351,43.27173484102855,23.902170499901345,flexion,45.30536869268816,25.01589820985361
DEMO_017,T03,54,5.4,train,synthetic_demo,0.6105101241184596,0.23568787072818853,0.42993343188506833,0.2632247426370203,45.30536869268816,25.01589820985361,flexion,47.499999999999986,26.184232782009072
DEMO_017,T03,55,5.5,train,synthetic_demo,0.6434804606925415,0.266331161997774,0.4553719141653091,0.31536830341285516,47.499999999999986,26.184232782009072,flexion,49.831583923105,27.394373698305476
DEMO_017,T03,56,5.6000000000000005,train,synthetic_demo,0.6243592915132657,0.194771935730323,0.43378771609161526,0.2480252913307833,49.831583923105,27.394373698305476,flexion,52.27457514062633,28.633062401625605
DEMO_017,T03,57,5.7,train,synthetic_demo,0.617080702861293,0.16864834707863313,0.4761533143294318,0.29183969232087326,52.27457514062633,28.633062401625605,flexion,54.802207729556045,29.886727559323603
DEMO_017,T03,58,5.800000000000001,train,synthetic_demo,0.6128858964832699,0.24997143784638534,0.4286684131315482,0.2404454799082882,54.802207729556045,29.886727559323603,flexion,57.38678841830866,31.141633753585417
DEMO_018,T01,0,0.0,train,synthetic_demo,0.7432228730814189,0.27996880559037773,0.5290710961458653,0.20813134433069536,60.0,32.384031969540736,flexion,62.61321158169134,33.600310232347006
DEMO_018,T01,1,0.1,train,synthetic_demo,0.7399912389819773,0.24633572349528898,0.4448859730681821,0.19064097947294137,62.61321158169134,33.600310232347006,flexion,65.19779227044398,34.77714274283433
DEMO_018,T01,2,0.2,train,synthetic_demo,0.685394826531892,0.2839976887124558,0.4903466772940154,0.3252372572090209,65.19779227044398,34.77714274283433,flexion,67.72542485937369,35.901635877749776
DEMO_018,T01,3,0.30000000000000004,train,synthetic_demo,0.6657527659157509,0.21419149773066645,0.4419127075925315,0.32009269231009874,67.72542485937369,35.901635877749776,flexion,70.168416076895,36.96146945499189
DEMO_018,T01,4,0.4,train,synthetic_demo,0.6677754465773841,0.2717521446217069,0.4938665289275582,0.24444493278958748,70.168416076895,36.96146945499189,flexion,72.5,37.945031716103976
DEMO_018,T01,5,0.5,train,synthetic_demo,0.6567445177424374,0.23201710671934078,0.3768274487968203,0.25133980100452485,72.5,37.945031716103976,flexion,74.69463130731182,38.84154654712965
DEMO_018,T01,6,0.6000000000000001,train,synthetic_demo,0.690212197933713,0.2665497616660152,0.4734897511789317,0.1625948684570729,74.69463130731182,38.84154654712965,flexion,76.72826515897145,39.64119154397241
DEMO_018,T01,7,0.7000000000000001,train,synthetic_demo,0.5841796321213115,0.3249197877701903,0.439417296853278,0.2028562180154811,76.72826515897145,39.64119154397241,flexion,78.57862063693486,40.33520562871037
DEMO_018,T01,8,0.8,train,synthetic_demo,0.5092118546405061,0.24662496773254303,0.34641062634291614,0.2844872548468304,78.57862063693486,40.33520562871037,flexion,80.22542485937369,40.91598503779936
DEMO_018,T01,9,0.9,train,synthetic_demo,0.5143264250966045,0.30878837018430105,0.3748756412785393,0.23281981113867145,80.22542485937369,40.91598503779936,flexion,81.65063509461096,41.3771666304975
DEMO_018,T01,10,1.0,train,synthetic_demo,0.47129483963847946,0.23775959211554107,0.37119774333829986,0.25785688398726786,81.65063509461096,41.3771666304975,flexion,82.83863644106502,41.71369760476672
DEMO_018,T01,11,1.1,train,synthetic_demo,0.38973364141139377,0.23378158189435094,0.29822712988913413,0.23630221138278887,82.83863644106502,41.71369760476672,flexion,83.77641290737884,41.921890856829314
DEMO_018,T01,12,1.2000000000000002,train,synthetic_demo,0.4411596531967019,0.24783201097525562,0.27257995489074804,0.32434844449316425,83.77641290737884,41.921890856829314,flexion,84.45369001834514,41.99946537784843
DEMO_018,T01,13,1.3,train,synthetic_demo,0.37677237324184526,0.29987350612563,0.2945479194923157,0.23270635929522154,84.45369001834514,41.99946537784843,hold,84.86304738420684,41.94557124513828
DEMO_018,T01,14,1.4000000000000001,train,synthetic_demo,0.29010709809459684,0.20000805354171736,0.27777870105648944,0.3071915943210114,84.86304738420684,41.94557124513828,hold,85.0,41.7607989340949
DEMO_018,T01,15,1.5,train,synthetic_demo,0.22989660994729705,0.2791456039995797,0.2875885422775644,0.3077564272327067,85.0,41.7607989340949,hold,84.86304738420684,41.44717284882418
DEMO_018,T01,16,1.6,train,synthetic_demo,0.26943682734480245,0.28460917892275056,0.22054065921421936,0.3711445321360066,84.86304738420684,41.44717284882418,hold,84.45369001834514,41.00812914234682
DEMO_018,T01,17,1.7000000000000002,train,synthetic_demo,0.20133606258015216,0.4035922349823237,0.2771509926577999,0.40414728206504086,84.45369001834514,41.00812914234682,hold,83.77641290737884,40.44847806938679
DEMO_018,T01,18,1.8,train,synthetic_demo,0.24542529705577046,0.4588012617604767,0.31306217109169865,0.44124664135647523,83.77641290737884,40.44847806938679,extension,82.83863644106502,39.77435128421395
DEMO_018,T01,19,1.9000000000000001,train,synthetic_demo,0.28704659846355784,0.44273060382930896,0.22853151269974756,0.44457960532444013,82.83863644106502,39.77435128421395,extension,81.65063509461098,38.99313466095676
DEMO_018,T01,20,2.0,train,synthetic_demo,0.2057529945219849,0.49765971363564454,0.22608006383995394,0.40005819060371806,81.65063509461098,38.99313466095676,extension,80.22542485937369,38.113387372419716
DEMO_018,T01,21,2.1,train,synthetic_demo,0.2833060736581272,0.605830171792349,0.23963867795046198,0.4698191754322603,80.22542485937369,38.113387372419716,extension,78.57862063693486,37.14474811399498
DEMO_018,T01,22,2.2,train,synthetic_demo,0.27488682182198637,0.5802137965015357,0.25360453291010715,0.4202962691565829,78.57862063693486,37.14474811399498,extension,76.72826515897145,36.097829500098655
DEMO_018,T01,23,2.3000000000000003,train,synthetic_demo,0.20027517567893252,0.6130802460983318,0.2348783562269196,0.49184004600572556,76.72826515897145,36.097829500098655,extension,74.69463130731182,34.98410179014638
DEMO_018,T01,24,2.4000000000000004,train,synthetic_demo,0.2727678999658687,0.7498784002238651,0.18676944077525742,0.4325453295170806,74.69463130731182,34.98410179014638,extension,72.5,33.815767217990924
DEMO_018,T01,25,2.5,train,synthetic_demo,0.28377321711544107,0.6471152933070387,0.2986184574903142,0.5092107173256359,72.5,33.815767217990924,extension,70.16841607689501,32.60562630169453
DEMO_018,T01,26,2.6,train,synthetic_demo,0.27897581931930726,0.7533115962808117,0.2619710734534884,0.47623104870721217,70.16841607689501,32.60562630169453,extension,67.72542485937369,31.366937598374406
DEMO_018,T01,27,2.7,train,synthetic_demo,0.25089135539869467,0.6774543872808886,0.25387120748946235,0.6015024374996004,67.72542485937369,31.366937598374406,extension,65.19779227044398,30.11327244067641
DEMO_018,T01,28,2.8000000000000003,train,synthetic_demo,0.21897315303669052,0.7228675569986655,0.18109336093582257,0.5427814196110197,65.19779227044398,30.11327244067641,extension,62.613211581691324,28.85836624641458
DEMO_018,T01,29,2.9000000000000004,train,synthetic_demo,0.24599687437973503,0.7914591396586995,0.23191877685132645,0.4807662199548434,62.613211581691324,28.85836624641458,extension,60.0,27.615968030459264
DEMO_018,T01,30,3.0,train,synthetic_demo,0.2716966081880265,0.7498640778056115,0.25282190850153335,0.5770604525928292,60.0,27.615968030459264,extension,57.38678841830866,26.39968976765299
DEMO_018,T01,31,3.1,train,synthetic_demo,0.27965105016477465,0.7910788861432192,0.21469832419284568,0.5706930807674864,57.38678841830866,26.39968976765299,extension,54.802207729556024,25.22285725716567
DEMO_018,T01,32,3.2,train,synthetic_demo,0.19909305932661572,0.8128436483844408,0.22074939733270216,0.4963766547102725,54.802207729556024,25.22285725716567,extension,52.27457514062632,24.098364122250224
DEMO_018,T01,33,3.3000000000000003,train,synthetic_demo,0.17664104099166997,0.7358407443410301,0.1991408549527866,0.49180632723122464,52.27457514062632,24.098364122250224,extension,49.831583923104986,23.038530545008104
DEMO_018,T01,34,3.4000000000000004,train,synthetic_demo,0.25344369920632265,0.778100523094262,0.3190457339378887,0.48367562574205086,49.831583923104986,23.038530545008104,extension,47.50000000000001,22.054968283896024
DEMO_018,T01,35,3.5,train,synthetic_demo,0.2597874642304449,0.6962376837090168,0.30121910384930534,0.47751377016391183,47.50000000000001,22.054968283896024,extension,45.30536869268818,21.158453452870347
DEMO_018,T01,36,3.6,train,synthetic_demo,0.22880340142235292,0.7034991292712233,0.27109278301126494,0.4229499179581173,45.30536869268818,21.158453452870347,extension,43.27173484102855,20.35880845602759
DEMO_018,T01,37,3.7,train,synthetic_demo,0.22616942058571066,0.6372970672225646,0.24309542213327334,0.40131323389335316,43.27173484102855,20.35880845602759,extension,41.42137936306515,19.66479437128963
DEMO_018,T01,38,3.8000000000000003,train,synthetic_demo,0.2688358963818324,0.6226102570849346,0.26279362308008136,0.4853434865310704,41.42137936306515,19.66479437128963,extension,39.774575140626304,19.084014962200634
DEMO_018,T01,39,3.9000000000000004,train,synthetic_demo,0.28879971760253015,0.5717209625383212,0.23038190330969285,0.3483966496710628,39.774575140626304,19.084014962200634,extension,38.34936490538904,18.6228333695025
DEMO_018,T01,40,4.0,train,synthetic_demo,0.30392750104026595,0.5199878051599837,0.279848658917287,0.400433815449311,38.34936490538904,18.6228333695025,extension,37.16136355893498,18.286302395233275
DEMO_018,T01,41,4.1000000000000005,train,synthetic_demo,0.22224205940440103,0.4608872608516662,0.24223244336738772,0.30167014800385106,37.16136355893498,18.286302395233275,extension,36.22358709262116,18.078109143170686
DEMO_018,T01,42,4.2,train,synthetic_demo,0.20400282082636362,0.406850193789231,0.24098697888393222,0.2752600217956696,36.22358709262116,18.078109143170686,extension,35.54630998165486,18.00053462215157
DEMO_018,T01,43,4.3,train,synthetic_demo,0.22580982357531992,0.43034476968041935,0.27388235023032503,0.23016480936336292,35.54630998165486,18.00053462215157,hold,35.13695261579316,18.05442875486172
DEMO_018,T01,44,4.4,train,synthetic_demo,0.27128610685033816,0.32214105569140206,0.23699546498605606,0.30254902689365754,35.13695261579316,18.05442875486172,hold,35.0,18.2392010659051
DEMO_018,T01,45,4.5,train,synthetic_demo,0.27144729105173726,0.27211147670451513,0.33430276793798325,0.3174639298483316,35.0,18.2392010659051,hold,35.13695261579316,18.552827151175826
DEMO_018,T01,46,4.6000000000000005,train,synthetic_demo,0.39085061046418207,0.25569389619141525,0.40030599985799986,0.27977902695676615,35.13695261579316,18.552827151175826,hold,35.54630998165486,18.991870857653183
DEMO_018,T01,47,4.7,train,synthetic_demo,0.3565561917178771,0.2681109058246503,0.4183505416925184,0.23999798564316493,35.54630998165486,18.991870857653183,hold,36.223587092621166,19.55152193061322
DEMO_018,T01,48,4.800000000000001,train,synthetic_demo,0.423745228076771,0.3105357577825404,0.40010564501650997,0.24784908886935084,36.223587092621166,19.55152193061322,flexion,37.16136355893498,20.225648715786054
DEMO_018,T01,49,4.9,train,synthetic_demo,0.5053816009915375,0.2567663585970757,0.44188863944890894,0.2689934834952267,37.16136355893498,20.225648715786054,flexion,38.34936490538904,21.006865339043237
DEMO_018,T01,50,5.0,train,synthetic_demo,0.45591889086056037,0.32102356462397125,0.4233499000116074,0.21956009931558917,38.34936490538904,21.006865339043237,flexion,39.774575140626325,21.88661262758029
DEMO_018,T01,51,5.1000000000000005,train,synthetic_demo,0.5355838772597808,0.22829191422952286,0.43319802217624565,0.2825874906122046,39.774575140626325,21.88661262758029,flexion,41.421379363065135,22.855251886005014
DEMO_018,T01,52,5.2,train,synthetic_demo,0.5629372824282712,0.24171100616705532,0.5087701858542591,0.285454281275629,41.421379363065135,22.855251886005014,flexion,43.27173484102855,23.902170499901345
DEMO_018,T01,53,5.300000000000001,train,synthetic_demo,0.5356371697125719,0.2340767338043352,0.5590692441876162,0.236099279206552,43.27173484102855,23.902170499901345,flexion,45.30536869268816,25.01589820985361
DEMO_018,T01,54,5.4,train,synthetic_demo,0.649953702999416,0.27789156620199645,0.5376193857153149,0.22995423453141461,45.30536869268816,25.01589820985361,flexion,47.499999999999986,26.184232782009072
DEMO_018,T01,55,5.5,train,synthetic_demo,0.6578741577928282,0.26051340130421763,0.5103714092119414,0.28314491191442065,47.499999999999986,26.184232782009072,flexion,49.831583923105,27.394373698305476
DEMO_018,T01,56,5.6000000000000005,train,synthetic_demo,0.6858921367643616,0.2491943303099913,0.5023309310308479,0.2162483564754518,49.831583923105,27.394373698305476,flexion,52.27457514062633,28.633062401625605
DEMO_018,T01,57,5.7,train,synthetic_demo,0.6949963931399781,0.290968978335277,0.504605833060704,0.2745886548066787,52.27457514062633,28.633062401625605,flexion,54.802207729556045,29.886727559323603
DEMO_018,T01,58,5.800000000000001,train,synthetic_demo,0.7646165835441096,0.22303441182243017,0.568670197986741,0.22565742759639537,54.802207729556045,29.886727559323603,flexion,57.38678841830866,31.141633753585417
DEMO_018,T02,0,0.0,train,synthetic_demo,0.6827614357678214,0.3163734226210959,0.5135866388395037,0.3059003419992188,60.0,32.384031969540736,flexion,62.61321158169134,33.600310232347006
DEMO_018,T02,1,0.1,train,synthetic_demo,0.7264517743203838,0.2685855588428881,0.44226687718643365,0.2828120695853693,62.61321158169134,33.600310232347006,flexion,65.19779227044398,34.77714274283433
DEMO_018,T02,2,0.2,train,synthetic_demo,0.7094465913608752,0.29462919864421844,0.5049463514494686,0.24796645626826616,65.19779227044398,34.77714274283433,flexion,67.72542485937369,35.901635877749776
DEMO_018,T02,3,0.30000000000000004,train,synthetic_demo,0.6623452469540158,0.22891730287373827,0.44413978355676603,0.28627411708977574,67.72542485937369,35.901635877749776,flexion,70.168416076895,36.96146945499189
DEMO_018,T02,4,0.4,train,synthetic_demo,0.6667300396933692,0.21149808563142808,0.49153628563851887,0.23738307259092595,70.168416076895,36.96146945499189,flexion,72.5,37.945031716103976
DEMO_018,T02,5,0.5,train,synthetic_demo,0.6644670559853675,0.28628610964764084,0.4954634074200422,0.2957429481152645,72.5,37.945031716103976,flexion,74.69463130731182,38.84154654712965
DEMO_018,T02,6,0.6000000000000001,train,synthetic_demo,0.6069149475554886,0.2533723293452387,0.4167638322564033,0.31952960380156886,74.69463130731182,38.84154654712965,flexion,76.72826515897145,39.64119154397241
DEMO_018,T02,7,0.7000000000000001,train,synthetic_demo,0.5454830258544981,0.25909239977524046,0.43659084598019876,0.2220238833308591,76.72826515897145,39.64119154397241,flexion,78.57862063693486,40.33520562871037
DEMO_018,T02,8,0.8,train,synthetic_demo,0.523297332191625,0.2204729043185125,0.40694900557087815,0.2146610117709228,78.57862063693486,40.33520562871037,flexion,80.22542485937369,40.91598503779936
DEMO_018,T02,9,0.9,train,synthetic_demo,0.46852738734913113,0.3068534571734131,0.2979450875706042,0.24253799521960817,80.22542485937369,40.91598503779936,flexion,81.65063509461096,41.3771666304975
DEMO_018,T02,10,1.0,train,synthetic_demo,0.48003640976744677,0.25115376851360216,0.3274348376726809,0.28325323249711876,81.65063509461096,41.3771666304975,flexion,82.83863644106502,41.71369760476672
DEMO_018,T02,11,1.1,train,synthetic_demo,0.4010348764043832,0.29260163175913717,0.3307047058519254,0.23880196091622644,82.83863644106502,41.71369760476672,flexion,83.77641290737884,41.921890856829314
DEMO_018,T02,12,1.2000000000000002,train,synthetic_demo,0.4199494179865509,0.24745191688082496,0.28268585183967543,0.24751941431790347,83.77641290737884,41.921890856829314,flexion,84.45369001834514,41.99946537784843
DEMO_018,T02,13,1.3,train,synthetic_demo,0.3201447865483083,0.2774469932162602,0.18980902027749397,0.23815701078379273,84.45369001834514,41.99946537784843,hold,84.86304738420684,41.94557124513828
DEMO_018,T02,14,1.4000000000000001,train,synthetic_demo,0.2850107345502357,0.2936651863185371,0.2732664664012836,0.2761358963434268,84.86304738420684,41.94557124513828,hold,85.0,41.7607989340949
DEMO_018,T02,15,1.5,train,synthetic_demo,0.3064199676040561,0.22457381954056643,0.25674123887147965,0.32033050043873834,85.0,41.7607989340949,hold,84.86304738420684,41.44717284882418
DEMO_018,T02,16,1.6,train,synthetic_demo,0.20912301201904795,0.2772709663491966,0.26719418077357515,0.3254890700156121,84.86304738420684,41.44717284882418,hold,84.45369001834514,41.00812914234682
DEMO_018,T02,17,1.7000000000000002,train,synthetic_demo,0.28623597641095644,0.35548862573734336,0.24606421434130266,0.4153237796086781,84.45369001834514,41.00812914234682,hold,83.77641290737884,40.44847806938679
DEMO_018,T02,18,1.8,train,synthetic_demo,0.2104465464522753,0.4259509821684228,0.2944160337027005,0.3949640586917887,83.77641290737884,40.44847806938679,extension,82.83863644106502,39.77435128421395
DEMO_018,T02,19,1.9000000000000001,train,synthetic_demo,0.234188606321545,0.5060324289869899,0.2008313226105115,0.4119753867984989,82.83863644106502,39.77435128421395,extension,81.65063509461098,38.99313466095676
DEMO_018,T02,20,2.0,train,synthetic_demo,0.22182515801786193,0.5230339211992938,0.24694547731889316,0.4175113619815871,81.65063509461098,38.99313466095676,extension,80.22542485937369,38.113387372419716
DEMO_018,T02,21,2.1,train,synthetic_demo,0.27889942548677005,0.5645052857406377,0.2738218068714832,0.4864940989202618,80.22542485937369,38.113387372419716,extension,78.57862063693486,37.14474811399498
DEMO_018,T02,22,2.2,train,synthetic_demo,0.19404107788080577,0.5893066357422175,0.251055268187444,0.5033921573548901,78.57862063693486,37.14474811399498,extension,76.72826515897145,36.097829500098655
DEMO_018,T02,23,2.3000000000000003,train,synthetic_demo,0.18707563454598414,0.6532233914728173,0.3012664024517838,0.475602198933269,76.72826515897145,36.097829500098655,extension,74.69463130731182,34.98410179014638
DEMO_018,T02,24,2.4000000000000004,train,synthetic_demo,0.2752346631880103,0.663143988915078,0.2806534211374054,0.5407429402149158,74.69463130731182,34.98410179014638,extension,72.5,33.815767217990924
DEMO_018,T02,25,2.5,train,synthetic_demo,0.2676327574564317,0.7601459337456661,0.2340973962354977,0.5486975074556303,72.5,33.815767217990924,extension,70.16841607689501,32.60562630169453
DEMO_018,T02,26,2.6,train,synthetic_demo,0.3341987480937337,0.7125093131891721,0.25169061987023406,0.5120659369422211,70.16841607689501,32.60562630169453,extension,67.72542485937369,31.366937598374406
DEMO_018,T02,27,2.7,train,synthetic_demo,0.2191636502749917,0.6950085322851474,0.331929943524275,0.5092044935067241,67.72542485937369,31.366937598374406,extension,65.19779227044398,30.11327244067641
DEMO_018,T02,28,2.8000000000000003,train,synthetic_demo,0.2904155662128483,0.788785684875172,0.29613547236031396,0.47226583358300234,65.19779227044398,30.11327244067641,extension,62.613211581691324,28.85836624641458
DEMO_018,T02,29,2.9000000000000004,train,synthetic_demo,0.22966593245582886,0.7759419472268249,0.26398078339498265,0.5359519939182271,62.613211581691324,28.85836624641458,extension,60.0,27.615968030459264
DEMO_018,T02,30,3.0,train,synthetic_demo,0.24301435113460812,0.7223456478416045,0.2705896671718221,0.5105854123886714,60.0,27.615968030459264,extension,57.38678841830866,26.39968976765299
DEMO_018,T02,31,3.1,train,synthetic_demo,0.1882152727932323,0.7530595981811562,0.22453051439109215,0.5647156666871943,57.38678841830866,26.39968976765299,extension,54.802207729556024,25.22285725716567
DEMO_018,T02,32,3.2,train,synthetic_demo,0.19648631713791384,0.7242206039579534,0.27406531762344477,0.4774035652784266,54.802207729556024,25.22285725716567,extension,52.27457514062632,24.098364122250224
DEMO_018,T02,33,3.3000000000000003,train,synthetic_demo,0.3132350608587966,0.7394917492054579,0.26091955748732726,0.5115227039528476,52.27457514062632,24.098364122250224,extension,49.831583923104986,23.038530545008104
DEMO_018,T02,34,3.4000000000000004,train,synthetic_demo,0.34053004273835785,0.7384411332209948,0.28041664931910704,0.4879351223427431,49.831583923104986,23.038530545008104,extension,47.50000000000001,22.054968283896024
DEMO_018,T02,35,3.5,train,synthetic_demo,0.24492457091598568,0.7596112327563525,0.2868373102923557,0.4573245903969557,47.50000000000001,22.054968283896024,extension,45.30536869268818,21.158453452870347
DEMO_018,T02,36,3.6,train,synthetic_demo,0.21683517727745197,0.6800130922545933,0.26550760726395495,0.3922867490095456,45.30536869268818,21.158453452870347,extension,43.27173484102855,20.35880845602759
DEMO_018,T02,37,3.7,train,synthetic_demo,0.21321775381790706,0.582164688829985,0.28517548109975605,0.41253034009115713,43.27173484102855,20.35880845602759,extension,41.42137936306515,19.66479437128963
DEMO_018,T02,38,3.8000000000000003,train,synthetic_demo,0.20375632441727082,0.5705466713879257,0.2710917333885616,0.3603371081684316,41.42137936306515,19.66479437128963,extension,39.774575140626304,19.084014962200634
DEMO_018,T02,39,3.9000000000000004,train,synthetic_demo,0.21856363997621545,0.5549167290720031,0.26924189003640664,0.34090466546194936,39.774575140626304,19.084014962200634,extension,38.34936490538904,18.6228333695025
DEMO_018,T02,40,4.0,train,synthetic_demo,0.1868029802763328,0.5523179889328129,0.2573634152979796,0.3655196186478586,38.34936490538904,18.6228333695025,extension,37.16136355893498,18.286302395233275
DEMO_018,T02,41,4.1000000000000005,train,synthetic_demo,0.24711599783703234,0.46305244462066897,0.2724854592053396,0.33098034209967025,37.16136355893498,18.286302395233275,extension,36.22358709262116,18.078109143170686
DEMO_018,T02,42,4.2,train,synthetic_demo,0.26695675232539806,0.45522273720596823,0.23474620713500655,0.2852348192132597,36.22358709262116,18.078109143170686,extension,35.54630998165486,18.00053462215157
DEMO_018,T02,43,4.3,train,synthetic_demo,0.2290591735315237,0.3566470842379876,0.16686814378926246,0.20055055359213392,35.54630998165486,18.00053462215157,hold,35.13695261579316,18.05442875486172
DEMO_018,T02,44,4.4,train,synthetic_demo,0.27623944444604737,0.2824005338473457,0.25432459875256014,0.27641780422508005,35.13695261579316,18.05442875486172,hold,35.0,18.2392010659051
DEMO_018,T02,45,4.5,train,synthetic_demo,0.20002915202251062,0.3400932168663672,0.3663938024005218,0.18731269852590784,35.0,18.2392010659051,hold,35.13695261579316,18.552827151175826
DEMO_018,T02,46,4.6000000000000005,train,synthetic_demo,0.33869659936729724,0.303286528302876,0.3708133223774164,0.2098470913805151,35.13695261579316,18.552827151175826,hold,35.54630998165486,18.991870857653183
DEMO_018,T02,47,4.7,train,synthetic_demo,0.33481849023743165,0.282904472964071,0.3562155069382055,0.27625672913122307,35.54630998165486,18.991870857653183,hold,36.223587092621166,19.55152193061322
DEMO_018,T02,48,4.800000000000001,train,synthetic_demo,0.39371796581111856,0.31475785075906004,0.32918848135697476,0.2939370655978858,36.223587092621166,19.55152193061322,flexion,37.16136355893498,20.225648715786054
DEMO_018,T02,49,4.9,train,synthetic_demo,0.4674173466230379,0.32603559083821515,0.3395037538955188,0.1960351155066224,37.16136355893498,20.225648715786054,flexion,38.34936490538904,21.006865339043237
DEMO_018,T02,50,5.0,train,synthetic_demo,0.4522596521467596,0.29665913920113895,0.40802124954290664,0.32470196317242256,38.34936490538904,21.006865339043237,flexion,39.774575140626325,21.88661262758029
DEMO_018,T02,51,5.1000000000000005,train,synthetic_demo,0.4803559465873206,0.2910805524016417,0.46085320879831476,0.30142254735341795,39.774575140626325,21.88661262758029,flexion,41.421379363065135,22.855251886005014
DEMO_018,T02,52,5.2,train,synthetic_demo,0.5677375179690526,0.24874269597097814,0.38506365121151925,0.26023556672835935,41.421379363065135,22.855251886005014,flexion,43.27173484102855,23.902170499901345
DEMO_018,T02,53,5.300000000000001,train,synthetic_demo,0.6576084876571243,0.2528985204386908,0.48100891115835087,0.29581256046495363,43.27173484102855,23.902170499901345,flexion,45.30536869268816,25.01589820985361
DEMO_018,T02,54,5.4,train,synthetic_demo,0.5836489663165828,0.2786724456435842,0.5261074400655881,0.24316264783955382,45.30536869268816,25.01589820985361,flexion,47.499999999999986,26.184232782009072
DEMO_018,T02,55,5.5,train,synthetic_demo,0.6678362125267382,0.2776531479594839,0.5046416319056263,0.2976920335065265,47.499999999999986,26.184232782009072,flexion,49.831583923105,27.394373698305476
DEMO_018,T02,56,5.6000000000000005,train,synthetic_demo,0.579936346040882,0.267858673980134,0.5571205119556334,0.3008685197234098,49.831583923105,27.394373698305476,flexion,52.27457514062633,28.633062401625605
DEMO_018,T02,57,5.7,train,synthetic_demo,0.690568750773691,0.3077123651473544,0.5687897745640027,0.23537073948794293,52.27457514062633,28.633062401625605,flexion,54.802207729556045,29.886727559323603
DEMO_018,T02,58,5.800000000000001,train,synthetic_demo,0.7398131257573389,0.2683813746919471,0.5464566776106164,0.2410752549365466,54.802207729556045,29.886727559323603,flexion,57.38678841830866,31.141633753585417
DEMO_018,T03,0,0.0,train,synthetic_demo,0.7895585231930826,0.28130471389537204,0.5612871030051302,0.28202807890016385,60.0,32.384031969540736,flexion,62.61321158169134,33.600310232347006
DEMO_018,T03,1,0.1,train,synthetic_demo,0.7093208235098001,0.2885220485092288,0.4781375155185948,0.18472299063853065,62.61321158169134,33.600310232347006,flexion,65.19779227044398,34.77714274283433
DEMO_018,T03,2,0.2,train,synthetic_demo,0.7598715433708296,0.23294398669300553,0.5481864556332048,0.2512204790507566,65.19779227044398,34.77714274283433,flexion,67.72542485937369,35.901635877749776
DEMO_018,T03,3,0.30000000000000004,train,synthetic_demo,0.6689935670381085,0.23251922887149726,0.4533794865807201,0.2218993832299395,67.72542485937369,35.901635877749776,flexion,70.168416076895,36.96146945499189
DEMO_018,T03,4,0.4,train,synthetic_demo,0.6915271563325179,0.29308062458541034,0.4312558205812381,0.3120393439413131,70.168416076895,36.96146945499189,flexion,72.5,37.945031716103976
DEMO_018,T03,5,0.5,train,synthetic_demo,0.6433367397888801,0.26844608246048063,0.41063463697862096,0.28366308760091075,72.5,37.945031716103976,flexion,74.69463130731182,38.84154654712965
DEMO_018,T03,6,0.6000000000000001,train,synthetic_demo,0.6494161710463483,0.30244047612830716,0.37647072271929133,0.2947547281483278,74.69463130731182,38.84154654712965,flexion,76.72826515897145,39.64119154397241
DEMO_018,T03,7,0.7000000000000001,train,synthetic_demo,0.6497350048863056,0.26952697976395534,0.45474834310184986,0.21299114267156524,76.72826515897145,39.64119154397241,flexion,78.57862063693486,40.33520562871037
DEMO_018,T03,8,0.8,train,synthetic_demo,0.5438918662214213,0.28032144366854067,0.4476436814240963,0.26136650909187886,78.57862063693486,40.33520562871037,flexion,80.22542485937369,40.91598503779936
DEMO_018,T03,9,0.9,train,synthetic_demo,0.4841651166639458,0.22114131517356533,0.3480414014946492,0.28226834145079455,80.22542485937369,40.91598503779936,flexion,81.65063509461096,41.3771666304975
DEMO_018,T03,10,1.0,train,synthetic_demo,0.5145992348818228,0.25564010130462483,0.30170221187481405,0.3426672841157906,81.65063509461096,41.3771666304975,flexion,82.83863644106502,41.71369760476672
DEMO_018,T03,11,1.1,train,synthetic_demo,0.4659053031309592,0.2677746097578058,0.31440130496739765,0.2935009626123204,82.83863644106502,41.71369760476672,flexion,83.77641290737884,41.921890856829314
DEMO_018,T03,12,1.2000000000000002,train,synthetic_demo,0.3583894390863656,0.2616916727096602,0.27473563023937503,0.2141631387985819,83.77641290737884,41.921890856829314,flexion,84.45369001834514,41.99946537784843
DEMO_018,T03,13,1.3,train,synthetic_demo,0.3043048147985855,0.26239959854840333,0.2784013814030131,0.24067842250291152,84.45369001834514,41.99946537784843,hold,84.86304738420684,41.94557124513828
DEMO_018,T03,14,1.4000000000000001,train,synthetic_demo,0.30203933301551816,0.2906081522361853,0.29354255385924277,0.3072948601307157,84.86304738420684,41.94557124513828,hold,85.0,41.7607989340949
DEMO_018,T03,15,1.5,train,synthetic_demo,0.27886044840921576,0.28757982167281587,0.2618144101404403,0.3078757401860089,85.0,41.7607989340949,hold,84.86304738420684,41.44717284882418
DEMO_018,T03,16,1.6,train,synthetic_demo,0.20836326374185182,0.3477639505050252,0.2406802615809576,0.3071096905313333,84.86304738420684,41.44717284882418,hold,84.45369001834514,41.00812914234682
DEMO_018,T03,17,1.7000000000000002,train,synthetic_demo,0.26143590185956533,0.3737130930048471,0.3280795536675883,0.3624128504658431,84.45369001834514,41.00812914234682,hold,83.77641290737884,40.44847806938679
DEMO_018,T03,18,1.8,train,synthetic_demo,0.2854230252417629,0.4553075004151858,0.23457061087576878,0.42631943253154614,83.77641290737884,40.44847806938679,extension,82.83863644106502,39.77435128421395
DEMO_018,T03,19,1.9000000000000001,train,synthetic_demo,0.21926204258826687,0.45838378489113213,0.24030135341904627,0.42337021289726157,82.83863644106502,39.77435128421395,extension,81.65063509461098,38.99313466095676
DEMO_018,T03,20,2.0,train,synthetic_demo,0.19627246019513828,0.5832566106456528,0.277807993149761,0.3644032716704577,81.65063509461098,38.99313466095676,extension,80.22542485937369,38.113387372419716
DEMO_018,T03,21,2.1,train,synthetic_demo,0.2737861691927047,0.6095573891414399,0.25341005913929976,0.4588065049828125,80.22542485937369,38.113387372419716,extension,78.57862063693486,37.14474811399498
DEMO_018,T03,22,2.2,train,synthetic_demo,0.2514659991060492,0.570723412173104,0.2789485642115965,0.4377352561634922,78.57862063693486,37.14474811399498,extension,76.72826515897145,36.097829500098655
DEMO_018,T03,23,2.3000000000000003,train,synthetic_demo,0.2309944786279354,0.6246764962883492,0.32613195880983226,0.4953070809893797,76.72826515897145,36.097829500098655,extension,74.69463130731182,34.98410179014638
DEMO_018,T03,24,2.4000000000000004,train,synthetic_demo,0.25948858556189924,0.6263371781953867,0.24829690268873966,0.48421479701480163,74.69463130731182,34.98410179014638,extension,72.5,33.815767217990924
DEMO_018,T03,25,2.5,train,synthetic_demo,0.21006057295627936,0.7283111986420117,0.23387249613681435,0.5515963545709179,72.5,33.815767217990924,extension,70.16841607689501,32.60562630169453
DEMO_018,T03,26,2.6,train,synthetic_demo,0.26554931006771754,0.6660827348444944,0.21822650868089288,0.5129511452823086,70.16841607689501,32.60562630169453,extension,67.72542485937369,31.366937598374406
DEMO_018,T03,27,2.7,train,synthetic_demo,0.24277316226596943,0.7397215967158081,0.2472351081592665,0.5722806419179146,67.72542485937369,31.366937598374406,extension,65.19779227044398,30.11327244067641
DEMO_018,T03,28,2.8000000000000003,train,synthetic_demo,0.24128146573269363,0.7394820629706027,0.31428999293861004,0.5998160655142144,65.19779227044398,30.11327244067641,extension,62.613211581691324,28.85836624641458
DEMO_018,T03,29,2.9000000000000004,train,synthetic_demo,0.28391663061274053,0.7775896597818904,0.30451850497667643,0.5419527278600742,62.613211581691324,28.85836624641458,extension,60.0,27.615968030459264
DEMO_018,T03,30,3.0,train,synthetic_demo,0.21557803603028425,0.7930275712559445,0.28120430651575573,0.5164348663648394,60.0,27.615968030459264,extension,57.38678841830866,26.39968976765299
DEMO_018,T03,31,3.1,train,synthetic_demo,0.24064069145165767,0.7139280723971263,0.2959260843446748,0.44766948053692407,57.38678841830866,26.39968976765299,extension,54.802207729556024,25.22285725716567
DEMO_018,T03,32,3.2,train,synthetic_demo,0.21673469752645405,0.6777660374501302,0.27966149559167003,0.5663542384064666,54.802207729556024,25.22285725716567,extension,52.27457514062632,24.098364122250224
DEMO_018,T03,33,3.3000000000000003,train,synthetic_demo,0.2599580340102916,0.763761497262369,0.21785033120496086,0.5652025279554902,52.27457514062632,24.098364122250224,extension,49.831583923104986,23.038530545008104
DEMO_018,T03,34,3.4000000000000004,train,synthetic_demo,0.25249398851713833,0.7582636562368326,0.3410046249182375,0.4358554274815127,49.831583923104986,23.038530545008104,extension,47.50000000000001,22.054968283896024
DEMO_018,T03,35,3.5,train,synthetic_demo,0.2071606556331622,0.7758506085030962,0.2545087667023406,0.4696067137741425,47.50000000000001,22.054968283896024,extension,45.30536869268818,21.158453452870347
DEMO_018,T03,36,3.6,train,synthetic_demo,0.2259248990006828,0.6918194131647543,0.22045509559316775,0.4855134496286937,45.30536869268818,21.158453452870347,extension,43.27173484102855,20.35880845602759
DEMO_018,T03,37,3.7,train,synthetic_demo,0.26113157732003145,0.6190224663223004,0.26367886883889435,0.4224123670584751,43.27173484102855,20.35880845602759,extension,41.42137936306515,19.66479437128963
DEMO_018,T03,38,3.8000000000000003,train,synthetic_demo,0.2884040197234421,0.5923431414891496,0.2780526181777819,0.4233505346099121,41.42137936306515,19.66479437128963,extension,39.774575140626304,19.084014962200634
DEMO_018,T03,39,3.9000000000000004,train,synthetic_demo,0.2761583189120019,0.5551347588461604,0.2559997651846275,0.3263171116346753,39.774575140626304,19.084014962200634,extension,38.34936490538904,18.6228333695025
DEMO_018,T03,40,4.0,train,synthetic_demo,0.24837132941209009,0.5001253402559025,0.2783398248571725,0.3394599956663204,38.34936490538904,18.6228333695025,extension,37.16136355893498,18.286302395233275
DEMO_018,T03,41,4.1000000000000005,train,synthetic_demo,0.19658281711047587,0.4379111422443118,0.20024718246799905,0.3175446050305771,37.16136355893498,18.286302395233275,extension,36.22358709262116,18.078109143170686
DEMO_018,T03,42,4.2,train,synthetic_demo,0.2561792874410357,0.428576369150493,0.21361095242881062,0.2826928204234179,36.22358709262116,18.078109143170686,extension,35.54630998165486,18.00053462215157
DEMO_018,T03,43,4.3,train,synthetic_demo,0.28192500032564993,0.3218481121277038,0.2701856945669506,0.2756552008959359,35.54630998165486,18.00053462215157,hold,35.13695261579316,18.05442875486172
DEMO_018,T03,44,4.4,train,synthetic_demo,0.22528637090377612,0.3381280619779731,0.32126021907999197,0.18649140945537895,35.13695261579316,18.05442875486172,hold,35.0,18.2392010659051
DEMO_018,T03,45,4.5,train,synthetic_demo,0.22276463922067863,0.2983442256378398,0.3542343048393358,0.20729823340242026,35.0,18.2392010659051,hold,35.13695261579316,18.552827151175826
DEMO_018,T03,46,4.6000000000000005,train,synthetic_demo,0.31390563902916363,0.26478784910624875,0.35688968706839325,0.27077985136614996,35.13695261579316,18.552827151175826,hold,35.54630998165486,18.991870857653183
DEMO_018,T03,47,4.7,train,synthetic_demo,0.356635037007192,0.29022621857177433,0.3772981330690378,0.31429029236025413,35.54630998165486,18.991870857653183,hold,36.223587092621166,19.55152193061322
DEMO_018,T03,48,4.800000000000001,train,synthetic_demo,0.39228622504182853,0.2623224547670509,0.40472391742300773,0.33464671307862764,36.223587092621166,19.55152193061322,flexion,37.16136355893498,20.225648715786054
DEMO_018,T03,49,4.9,train,synthetic_demo,0.4260977465889236,0.304192724312718,0.42734050306315924,0.2857561622948015,37.16136355893498,20.225648715786054,flexion,38.34936490538904,21.006865339043237
DEMO_018,T03,50,5.0,train,synthetic_demo,0.4341489005573438,0.2623424553205371,0.46126059596019103,0.27197374192691587,38.34936490538904,21.006865339043237,flexion,39.774575140626325,21.88661262758029
DEMO_018,T03,51,5.1000000000000005,train,synthetic_demo,0.5928455578574658,0.264779708812622,0.40963238454450807,0.28668433542340616,39.774575140626325,21.88661262758029,flexion,41.421379363065135,22.855251886005014
DEMO_018,T03,52,5.2,train,synthetic_demo,0.5165555575184396,0.29558992659136174,0.4773918367320559,0.23665673193568906,41.421379363065135,22.855251886005014,flexion,43.27173484102855,23.902170499901345
DEMO_018,T03,53,5.300000000000001,train,synthetic_demo,0.5952231844632297,0.23800114098321795,0.5404660580217985,0.22355994898043052,43.27173484102855,23.902170499901345,flexion,45.30536869268816,25.01589820985361
DEMO_018,T03,54,5.4,train,synthetic_demo,0.6318570518845568,0.2616752771138865,0.4899199947069431,0.21647160591221176,45.30536869268816,25.01589820985361,flexion,47.499999999999986,26.184232782009072
DEMO_018,T03,55,5.5,train,synthetic_demo,0.6381671699028864,0.2582429420818868,0.5300254122534145,0.3003809255963124,47.499999999999986,26.184232782009072,flexion,49.831583923105,27.394373698305476
DEMO_018,T03,56,5.6000000000000005,train,synthetic_demo,0.6686331179191842,0.21900836418870676,0.47073025785313627,0.22047561093627027,49.831583923105,27.394373698305476,flexion,52.27457514062633,28.633062401625605
DEMO_018,T03,57,5.7,train,synthetic_demo,0.697990219539019,0.2870566455370643,0.49342478299507525,0.26981037181797285,52.27457514062633,28.633062401625605,flexion,54.802207729556045,29.886727559323603
DEMO_018,T03,58,5.800000000000001,train,synthetic_demo,0.6805756967451397,0.27567541982681804,0.5172334615007537,0.28988038550704803,54.802207729556045,29.886727559323603,flexion,57.38678841830866,31.141633753585417
DEMO_019,T01,0,0.0,train,synthetic_demo,0.6712961710098133,0.2937461193945149,0.458020946347427,0.255122044400932,60.0,32.384031969540736,flexion,62.61321158169134,33.600310232347006
DEMO_019,T01,1,0.1,train,synthetic_demo,0.7151278702998757,0.3024471158395886,0.41635307042515113,0.2281806631148606,62.61321158169134,33.600310232347006,flexion,65.19779227044398,34.77714274283433
DEMO_019,T01,2,0.2,train,synthetic_demo,0.6546340759929097,0.26788820327519813,0.4781210195411298,0.23866635529743896,65.19779227044398,34.77714274283433,flexion,67.72542485937369,35.901635877749776
DEMO_019,T01,3,0.30000000000000004,train,synthetic_demo,0.6628871317065353,0.26908523164910575,0.44840186618693595,0.241273086872983,67.72542485937369,35.901635877749776,flexion,70.168416076895,36.96146945499189
DEMO_019,T01,4,0.4,train,synthetic_demo,0.5858365851777667,0.3384903216636004,0.35037875582298394,0.16380377268927365,70.168416076895,36.96146945499189,flexion,72.5,37.945031716103976
DEMO_019,T01,5,0.5,train,synthetic_demo,0.6114837828477541,0.27989133850410064,0.38245557883415876,0.2149767187432281,72.5,37.945031716103976,flexion,74.69463130731182,38.84154654712965
DEMO_019,T01,6,0.6000000000000001,train,synthetic_demo,0.6023334105339275,0.30489674185519594,0.4177373526691352,0.29442307422754893,74.69463130731182,38.84154654712965,flexion,76.72826515897145,39.64119154397241
DEMO_019,T01,7,0.7000000000000001,train,synthetic_demo,0.49980773044780047,0.241533236999945,0.40075057956015314,0.20374618922169713,76.72826515897145,39.64119154397241,flexion,78.57862063693486,40.33520562871037
DEMO_019,T01,8,0.8,train,synthetic_demo,0.5795801066756117,0.2875929851420398,0.3213681350132314,0.21750919642204675,78.57862063693486,40.33520562871037,flexion,80.22542485937369,40.91598503779936
DEMO_019,T01,9,0.9,train,synthetic_demo,0.5025325452132435,0.2935493662810333,0.28238757896288524,0.2494985586610719,80.22542485937369,40.91598503779936,flexion,81.65063509461096,41.3771666304975
DEMO_019,T01,10,1.0,train,synthetic_demo,0.41964395454120573,0.24427397089911826,0.27071821570338467,0.23784234077348596,81.65063509461096,41.3771666304975,flexion,82.83863644106502,41.71369760476672
DEMO_019,T01,11,1.1,train,synthetic_demo,0.48807484423183006,0.33321511100001994,0.24927870047909426,0.21166363381412967,82.83863644106502,41.71369760476672,flexion,83.77641290737884,41.921890856829314
DEMO_019,T01,12,1.2000000000000002,train,synthetic_demo,0.36020755990496545,0.2450342146867083,0.1922180640077486,0.22261939430212416,83.77641290737884,41.921890856829314,flexion,84.45369001834514,41.99946537784843
DEMO_019,T01,13,1.3,train,synthetic_demo,0.3525630132727311,0.33065228544435427,0.18501686766057787,0.19069283823545927,84.45369001834514,41.99946537784843,hold,84.86304738420684,41.94557124513828
DEMO_019,T01,14,1.4000000000000001,train,synthetic_demo,0.24906108215618245,0.2967963276552821,0.24042934580363812,0.18569468695189556,84.86304738420684,41.94557124513828,hold,85.0,41.7607989340949
DEMO_019,T01,15,1.5,train,synthetic_demo,0.28086969008700646,0.3000311557241191,0.19905387590318488,0.30871250938995753,85.0,41.7607989340949,hold,84.86304738420684,41.44717284882418
DEMO_019,T01,16,1.6,train,synthetic_demo,0.24335814700822306,0.3994412905147587,0.24097816562630106,0.2848659090985787,84.86304738420684,41.44717284882418,hold,84.45369001834514,41.00812914234682
DEMO_019,T01,17,1.7000000000000002,train,synthetic_demo,0.2613476652656981,0.40925854326224786,0.20783375392482006,0.27677453632936305,84.45369001834514,41.00812914234682,hold,83.77641290737884,40.44847806938679
DEMO_019,T01,18,1.8,train,synthetic_demo,0.24369253491936954,0.45374099466822904,0.1824712582838675,0.3821901905820125,83.77641290737884,40.44847806938679,extension,82.83863644106502,39.77435128421395
DEMO_019,T01,19,1.9000000000000001,train,synthetic_demo,0.18921504085158808,0.4811097584392833,0.21610014168291408,0.3427163449599594,82.83863644106502,39.77435128421395,extension,81.65063509461098,38.99313466095676
DEMO_019,T01,20,2.0,train,synthetic_demo,0.25838227415875653,0.5461614587332457,0.21403891334385997,0.32042210731417925,81.65063509461098,38.99313466095676,extension,80.22542485937369,38.113387372419716
DEMO_019,T01,21,2.1,train,synthetic_demo,0.21217300752983864,0.6016486872135426,0.2760885916825179,0.30958718916253936,80.22542485937369,38.113387372419716,extension,78.57862063693486,37.14474811399498
DEMO_019,T01,22,2.2,train,synthetic_demo,0.22943468049297014,0.6262793891019954,0.2178432834170852,0.40408528242064023,78.57862063693486,37.14474811399498,extension,76.72826515897145,36.097829500098655
DEMO_019,T01,23,2.3000000000000003,train,synthetic_demo,0.26515491938536484,0.6299679604151681,0.20762180712706307,0.4005276037250787,76.72826515897145,36.097829500098655,extension,74.69463130731182,34.98410179014638
DEMO_019,T01,24,2.4000000000000004,train,synthetic_demo,0.21046076821902726,0.708123741739269,0.2403023665716451,0.41132214776164466,74.69463130731182,34.98410179014638,extension,72.5,33.815767217990924
DEMO_019,T01,25,2.5,train,synthetic_demo,0.24423307531118396,0.7249543998951462,0.20213955554199906,0.4372304372712499,72.5,33.815767217990924,extension,70.16841607689501,32.60562630169453
DEMO_019,T01,26,2.6,train,synthetic_demo,0.29973465679624933,0.7310955309578616,0.19393270829542333,0.48389823725188147,70.16841607689501,32.60562630169453,extension,67.72542485937369,31.366937598374406
DEMO_019,T01,27,2.7,train,synthetic_demo,0.2854690487741314,0.7908611379170005,0.21423493642836602,0.45461353137656396,67.72542485937369,31.366937598374406,extension,65.19779227044398,30.11327244067641
DEMO_019,T01,28,2.8000000000000003,train,synthetic_demo,0.2594439380814559,0.8014826859452767,0.20662730479825264,0.4707917357030126,65.19779227044398,30.11327244067641,extension,62.613211581691324,28.85836624641458
DEMO_019,T01,29,2.9000000000000004,train,synthetic_demo,0.2634464568475546,0.815315333036316,0.13297335492335946,0.46161994049028576,62.613211581691324,28.85836624641458,extension,60.0,27.615968030459264
DEMO_019,T01,30,3.0,train,synthetic_demo,0.21360166615304374,0.778380546965889,0.16898957376602614,0.38919208307553554,60.0,27.615968030459264,extension,57.38678841830866,26.39968976765299
DEMO_019,T01,31,3.1,train,synthetic_demo,0.24362729427247687,0.8609768119630861,0.2283497459449445,0.4780979164598428,57.38678841830866,26.39968976765299,extension,54.802207729556024,25.22285725716567
DEMO_019,T01,32,3.2,train,synthetic_demo,0.2126953978210636,0.8115508485235434,0.19614320138791883,0.4528702093346142,54.802207729556024,25.22285725716567,extension,52.27457514062632,24.098364122250224
DEMO_019,T01,33,3.3000000000000003,train,synthetic_demo,0.2458959179672915,0.7491396503820054,0.24131447068595877,0.4246182145921996,52.27457514062632,24.098364122250224,extension,49.831583923104986,23.038530545008104
DEMO_019,T01,34,3.4000000000000004,train,synthetic_demo,0.19527217313055656,0.7742379761492634,0.21261755011232594,0.3975663185256565,49.831583923104986,23.038530545008104,extension,47.50000000000001,22.054968283896024
DEMO_019,T01,35,3.5,train,synthetic_demo,0.23909587897011536,0.6248552573292482,0.2162251199842766,0.3435221120221686,47.50000000000001,22.054968283896024,extension,45.30536869268818,21.158453452870347
DEMO_019,T01,36,3.6,train,synthetic_demo,0.2518958113954667,0.6751595223533277,0.24709971153359792,0.351573699348124,45.30536869268818,21.158453452870347,extension,43.27173484102855,20.35880845602759
DEMO_019,T01,37,3.7,train,synthetic_demo,0.29757016989769924,0.6827044365768495,0.16614560122522282,0.3709991967826405,43.27173484102855,20.35880845602759,extension,41.42137936306515,19.66479437128963
DEMO_019,T01,38,3.8000000000000003,train,synthetic_demo,0.295065851119889,0.6433376709380468,0.15793115846944047,0.3323706513343212,41.42137936306515,19.66479437128963,extension,39.774575140626304,19.084014962200634
DEMO_019,T01,39,3.9000000000000004,train,synthetic_demo,0.259963908822278,0.6146922013536271,0.19761819054424556,0.332323169132628,39.774575140626304,19.084014962200634,extension,38.34936490538904,18.6228333695025
DEMO_019,T01,40,4.0,train,synthetic_demo,0.25707759840971167,0.5695998022430507,0.257034762654064,0.3031888169721832,38.34936490538904,18.6228333695025,extension,37.16136355893498,18.286302395233275
DEMO_019,T01,41,4.1000000000000005,train,synthetic_demo,0.26868908735647873,0.4558897165618499,0.19425494789523695,0.28039794825941355,37.16136355893498,18.286302395233275,extension,36.22358709262116,18.078109143170686
DEMO_019,T01,42,4.2,train,synthetic_demo,0.19735489854110358,0.39572719330099115,0.20504460133549549,0.2741457908102434,36.22358709262116,18.078109143170686,extension,35.54630998165486,18.00053462215157
DEMO_019,T01,43,4.3,train,synthetic_demo,0.22383097851404354,0.4438441922617717,0.24215618014755724,0.17962376417861953,35.54630998165486,18.00053462215157,hold,35.13695261579316,18.05442875486172
DEMO_019,T01,44,4.4,train,synthetic_demo,0.2261284066808582,0.3322935442826484,0.18548253573485804,0.23193817921059265,35.13695261579316,18.05442875486172,hold,35.0,18.2392010659051
DEMO_019,T01,45,4.5,train,synthetic_demo,0.2243946542978988,0.25408756948830025,0.272017171792346,0.19687306600184437,35.0,18.2392010659051,hold,35.13695261579316,18.552827151175826
DEMO_019,T01,46,4.6000000000000005,train,synthetic_demo,0.2994458175986261,0.3136347235400449,0.26605769708407023,0.1789181888229583,35.13695261579316,18.552827151175826,hold,35.54630998165486,18.991870857653183
DEMO_019,T01,47,4.7,train,synthetic_demo,0.3403962619745534,0.354037472610086,0.2347227261615169,0.21712836071093938,35.54630998165486,18.991870857653183,hold,36.223587092621166,19.55152193061322
DEMO_019,T01,48,4.800000000000001,train,synthetic_demo,0.36125665054319617,0.27695895065109394,0.34614274979614446,0.2177543122549594,36.223587092621166,19.55152193061322,flexion,37.16136355893498,20.225648715786054
DEMO_019,T01,49,4.9,train,synthetic_demo,0.44247492065915955,0.29496668890979966,0.3614630587665888,0.15909098988357195,37.16136355893498,20.225648715786054,flexion,38.34936490538904,21.006865339043237
DEMO_019,T01,50,5.0,train,synthetic_demo,0.4831978754802601,0.30023632868111383,0.34471086107505244,0.2451326846532781,38.34936490538904,21.006865339043237,flexion,39.774575140626325,21.88661262758029
DEMO_019,T01,51,5.1000000000000005,train,synthetic_demo,0.5264662801232951,0.26566064185299954,0.3955915243909541,0.14147936365501412,39.774575140626325,21.88661262758029,flexion,41.421379363065135,22.855251886005014
DEMO_019,T01,52,5.2,train,synthetic_demo,0.5618581060232438,0.2758778069456766,0.35146102069854107,0.1742099042924206,41.421379363065135,22.855251886005014,flexion,43.27173484102855,23.902170499901345
DEMO_019,T01,53,5.300000000000001,train,synthetic_demo,0.5308350935768977,0.2119709054092755,0.44449191710942026,0.23406032715722658,43.27173484102855,23.902170499901345,flexion,45.30536869268816,25.01589820985361
DEMO_019,T01,54,5.4,train,synthetic_demo,0.5313056239782749,0.23446670931769678,0.4289555132145878,0.29043000960888976,45.30536869268816,25.01589820985361,flexion,47.499999999999986,26.184232782009072
DEMO_019,T01,55,5.5,train,synthetic_demo,0.6345837536388285,0.2764233161921104,0.4727472182977619,0.22147982836823438,47.499999999999986,26.184232782009072,flexion,49.831583923105,27.394373698305476
DEMO_019,T01,56,5.6000000000000005,train,synthetic_demo,0.6180210510550657,0.2570282222245466,0.4331931353398279,0.19893132266157051,49.831583923105,27.394373698305476,flexion,52.27457514062633,28.633062401625605
DEMO_019,T01,57,5.7,train,synthetic_demo,0.6829275098079334,0.3090348451834171,0.44674378067746123,0.2685638619961218,52.27457514062633,28.633062401625605,flexion,54.802207729556045,29.886727559323603
DEMO_019,T01,58,5.800000000000001,train,synthetic_demo,0.6377958301529139,0.24694439096777535,0.38385170612815844,0.18553893842093583,54.802207729556045,29.886727559323603,flexion,57.38678841830866,31.141633753585417
DEMO_019,T02,0,0.0,train,synthetic_demo,0.6333496388188983,0.27830328233182267,0.39211998991778835,0.21354757923992446,60.0,32.384031969540736,flexion,62.61321158169134,33.600310232347006
DEMO_019,T02,1,0.1,train,synthetic_demo,0.6623063538656245,0.24605384168291988,0.42375681427970247,0.19993747686166763,62.61321158169134,33.600310232347006,flexion,65.19779227044398,34.77714274283433
DEMO_019,T02,2,0.2,train,synthetic_demo,0.6145627129227914,0.27161334087605493,0.4169845502426908,0.22030713851323053,65.19779227044398,34.77714274283433,flexion,67.72542485937369,35.901635877749776
DEMO_019,T02,3,0.30000000000000004,train,synthetic_demo,0.6096111430699271,0.3464041958115913,0.40518593991890384,0.24052151604468414,67.72542485937369,35.901635877749776,flexion,70.168416076895,36.96146945499189
DEMO_019,T02,4,0.4,train,synthetic_demo,0.6453081821081273,0.26498722755840237,0.37806016210690646,0.18429538607536705,70.168416076895,36.96146945499189,flexion,72.5,37.945031716103976
DEMO_019,T02,5,0.5,train,synthetic_demo,0.6030388202523694,0.3286957926003395,0.3078769263288496,0.23142578251515902,72.5,37.945031716103976,flexion,74.69463130731182,38.84154654712965
DEMO_019,T02,6,0.6000000000000001,train,synthetic_demo,0.6090895375821082,0.24795194603728243,0.3849887351340677,0.2187549692363817,74.69463130731182,38.84154654712965,flexion,76.72826515897145,39.64119154397241
DEMO_019,T02,7,0.7000000000000001,train,synthetic_demo,0.5396984622128171,0.26500300462205084,0.3362268081073466,0.19595669639943203,76.72826515897145,39.64119154397241,flexion,78.57862063693486,40.33520562871037
DEMO_019,T02,8,0.8,train,synthetic_demo,0.5188345748552586,0.2702949494834578,0.3376817332102303,0.21141693330500466,78.57862063693486,40.33520562871037,flexion,80.22542485937369,40.91598503779936
DEMO_019,T02,9,0.9,train,synthetic_demo,0.4780680503235706,0.23402134812700104,0.3342885391276569,0.25877907998172944,80.22542485937369,40.91598503779936,flexion,81.65063509461096,41.3771666304975
DEMO_019,T02,10,1.0,train,synthetic_demo,0.5186440619626089,0.29322594812852687,0.28773302093992015,0.21074814822490767,81.65063509461096,41.3771666304975,flexion,82.83863644106502,41.71369760476672
DEMO_019,T02,11,1.1,train,synthetic_demo,0.40835500624576543,0.29803368757133497,0.2204445436253697,0.2656041299704268,82.83863644106502,41.71369760476672,flexion,83.77641290737884,41.921890856829314
DEMO_019,T02,12,1.2000000000000002,train,synthetic_demo,0.2913893827396041,0.3187597235751236,0.22079707661528578,0.2635856481630632,83.77641290737884,41.921890856829314,flexion,84.45369001834514,41.99946537784843
DEMO_019,T02,13,1.3,train,synthetic_demo,0.3300540250297897,0.2808387778145133,0.24049163394165063,0.22314898072141445,84.45369001834514,41.99946537784843,hold,84.86304738420684,41.94557124513828
DEMO_019,T02,14,1.4000000000000001,train,synthetic_demo,0.3161653436808243,0.328006085528663,0.24895573176959745,0.21328224576391752,84.86304738420684,41.94557124513828,hold,85.0,41.7607989340949
DEMO_019,T02,15,1.5,train,synthetic_demo,0.2300337921872067,0.2311376440317914,0.24360413641025647,0.24048751094234133,85.0,41.7607989340949,hold,84.86304738420684,41.44717284882418
DEMO_019,T02,16,1.6,train,synthetic_demo,0.2643952708625637,0.3049157019497639,0.16995164224069517,0.24147871807896848,84.86304738420684,41.44717284882418,hold,84.45369001834514,41.00812914234682
DEMO_019,T02,17,1.7000000000000002,train,synthetic_demo,0.18264244957108686,0.4754174556461313,0.2353182413071174,0.30100487644312196,84.45369001834514,41.00812914234682,hold,83.77641290737884,40.44847806938679
DEMO_019,T02,18,1.8,train,synthetic_demo,0.2619709887225559,0.478235697440404,0.22449612741139136,0.3584816332055103,83.77641290737884,40.44847806938679,extension,82.83863644106502,39.77435128421395
DEMO_019,T02,19,1.9000000000000001,train,synthetic_demo,0.2345535946354838,0.44695683048880885,0.20607603650294554,0.3595277268578168,82.83863644106502,39.77435128421395,extension,81.65063509461098,38.99313466095676
DEMO_019,T02,20,2.0,train,synthetic_demo,0.24154817278006183,0.47664043055118677,0.2054540837946207,0.43516331549956294,81.65063509461098,38.99313466095676,extension,80.22542485937369,38.113387372419716
DEMO_019,T02,21,2.1,train,synthetic_demo,0.20280961314782078,0.5671012779320147,0.335860526914566,0.4279692989881735,80.22542485937369,38.113387372419716,extension,78.57862063693486,37.14474811399498
DEMO_019,T02,22,2.2,train,synthetic_demo,0.22049673260756086,0.6189565634760144,0.22956419789568303,0.34702864882974416,78.57862063693486,37.14474811399498,extension,76.72826515897145,36.097829500098655
DEMO_019,T02,23,2.3000000000000003,train,synthetic_demo,0.18495464645782483,0.7159581775193999,0.19595876962767583,0.394174348928627,76.72826515897145,36.097829500098655,extension,74.69463130731182,34.98410179014638
DEMO_019,T02,24,2.4000000000000004,train,synthetic_demo,0.21194218594948946,0.6580897608589438,0.2524211784601172,0.4556394099631553,74.69463130731182,34.98410179014638,extension,72.5,33.815767217990924
DEMO_019,T02,25,2.5,train,synthetic_demo,0.20103875088123357,0.6959570386102459,0.1743518291975091,0.4127723025089919,72.5,33.815767217990924,extension,70.16841607689501,32.60562630169453
DEMO_019,T02,26,2.6,train,synthetic_demo,0.23434143731055015,0.7522094373676574,0.27785013376248835,0.520164564358141,70.16841607689501,32.60562630169453,extension,67.72542485937369,31.366937598374406
DEMO_019,T02,27,2.7,train,synthetic_demo,0.20025602582371052,0.7668863537694347,0.1798981300637904,0.4205350532738278,67.72542485937369,31.366937598374406,extension,65.19779227044398,30.11327244067641
DEMO_019,T02,28,2.8000000000000003,train,synthetic_demo,0.2509912142414776,0.8253414339352256,0.2458864760400771,0.43549210534226923,65.19779227044398,30.11327244067641,extension,62.613211581691324,28.85836624641458
DEMO_019,T02,29,2.9000000000000004,train,synthetic_demo,0.19564972487725854,0.744747227159542,0.23811252221220058,0.43625698346690356,62.613211581691324,28.85836624641458,extension,60.0,27.615968030459264
DEMO_019,T02,30,3.0,train,synthetic_demo,0.18532467054643395,0.8150874389050283,0.2005605572302217,0.39079550101882227,60.0,27.615968030459264,extension,57.38678841830866,26.39968976765299
DEMO_019,T02,31,3.1,train,synthetic_demo,0.2971024166171946,0.7859410376574923,0.24427136631802746,0.46736404866344494,57.38678841830866,26.39968976765299,extension,54.802207729556024,25.22285725716567
DEMO_019,T02,32,3.2,train,synthetic_demo,0.3082663559199614,0.7839155282536614,0.21638323767986206,0.35986453285687264,54.802207729556024,25.22285725716567,extension,52.27457514062632,24.098364122250224
DEMO_019,T02,33,3.3000000000000003,train,synthetic_demo,0.16122590241667697,0.7713665035537107,0.22959784795757043,0.417279355314606,52.27457514062632,24.098364122250224,extension,49.831583923104986,23.038530545008104
DEMO_019,T02,34,3.4000000000000004,train,synthetic_demo,0.24358443411154854,0.7615516598367729,0.1721090713776497,0.4210347268985262,49.831583923104986,23.038530545008104,extension,47.50000000000001,22.054968283896024
DEMO_019,T02,35,3.5,train,synthetic_demo,0.28300286262530583,0.7169721834728586,0.26856365834976476,0.4017366883119365,47.50000000000001,22.054968283896024,extension,45.30536869268818,21.158453452870347
DEMO_019,T02,36,3.6,train,synthetic_demo,0.25611681184235147,0.6968926657336001,0.13429968342389298,0.39370661465346435,45.30536869268818,21.158453452870347,extension,43.27173484102855,20.35880845602759
DEMO_019,T02,37,3.7,train,synthetic_demo,0.21241912277662983,0.6904190369046579,0.22641818689051896,0.35802681163849764,43.27173484102855,20.35880845602759,extension,41.42137936306515,19.66479437128963
DEMO_019,T02,38,3.8000000000000003,train,synthetic_demo,0.22982797666919103,0.6194796774637945,0.2703893152588992,0.3489138631685025,41.42137936306515,19.66479437128963,extension,39.774575140626304,19.084014962200634
DEMO_019,T02,39,3.9000000000000004,train,synthetic_demo,0.25192335025885965,0.5927037297013135,0.2144636654899262,0.28003351989591707,39.774575140626304,19.084014962200634,extension,38.34936490538904,18.6228333695025
DEMO_019,T02,40,4.0,train,synthetic_demo,0.2048265333977192,0.6067786523963655,0.18405237855327833,0.2627131979282554,38.34936490538904,18.6228333695025,extension,37.16136355893498,18.286302395233275
DEMO_019,T02,41,4.1000000000000005,train,synthetic_demo,0.25639401331501566,0.45765565774227046,0.22294828766518707,0.29740059749013176,37.16136355893498,18.286302395233275,extension,36.22358709262116,18.078109143170686
DEMO_019,T02,42,4.2,train,synthetic_demo,0.27640323275040873,0.45238388371095295,0.27263192133157743,0.23990900928525027,36.22358709262116,18.078109143170686,extension,35.54630998165486,18.00053462215157
DEMO_019,T02,43,4.3,train,synthetic_demo,0.256694897355681,0.35113276555317763,0.18835993020057423,0.27982689033809915,35.54630998165486,18.00053462215157,hold,35.13695261579316,18.05442875486172
DEMO_019,T02,44,4.4,train,synthetic_demo,0.3092960093349942,0.277673252601401,0.285487540836532,0.21291386472893115,35.13695261579316,18.05442875486172,hold,35.0,18.2392010659051
DEMO_019,T02,45,4.5,train,synthetic_demo,0.2306672120213816,0.30979602054174615,0.2848778931975891,0.2214947833286215,35.0,18.2392010659051,hold,35.13695261579316,18.552827151175826
DEMO_019,T02,46,4.6000000000000005,train,synthetic_demo,0.1891745587049407,0.28949068085109425,0.2606534496202383,0.20541487695985966,35.13695261579316,18.552827151175826,hold,35.54630998165486,18.991870857653183
DEMO_019,T02,47,4.7,train,synthetic_demo,0.3384275659753271,0.3345342561050973,0.3486988763633527,0.2036493693387676,35.54630998165486,18.991870857653183,hold,36.223587092621166,19.55152193061322
DEMO_019,T02,48,4.800000000000001,train,synthetic_demo,0.3765600239475056,0.25281249916947235,0.31966714893159104,0.22283489627894312,36.223587092621166,19.55152193061322,flexion,37.16136355893498,20.225648715786054
DEMO_019,T02,49,4.9,train,synthetic_demo,0.4591967473961871,0.31371759008493655,0.3375055325217991,0.20759211298466426,37.16136355893498,20.225648715786054,flexion,38.34936490538904,21.006865339043237
DEMO_019,T02,50,5.0,train,synthetic_demo,0.4176295312468007,0.20991437356574433,0.33975657706105256,0.24433161328506658,38.34936490538904,21.006865339043237,flexion,39.774575140626325,21.88661262758029
DEMO_019,T02,51,5.1000000000000005,train,synthetic_demo,0.45478391630267895,0.2677289952899344,0.4207837755827549,0.2068042245391492,39.774575140626325,21.88661262758029,flexion,41.421379363065135,22.855251886005014
DEMO_019,T02,52,5.2,train,synthetic_demo,0.5275118996999624,0.271289560684275,0.3926816479411661,0.28830747696792003,41.421379363065135,22.855251886005014,flexion,43.27173484102855,23.902170499901345
DEMO_019,T02,53,5.300000000000001,train,synthetic_demo,0.5401572965297513,0.31907289258275856,0.32097980517000435,0.215090087027287,43.27173484102855,23.902170499901345,flexion,45.30536869268816,25.01589820985361
DEMO_019,T02,54,5.4,train,synthetic_demo,0.57830767973713,0.29394159073895193,0.41350450631282715,0.26053237864353107,45.30536869268816,25.01589820985361,flexion,47.499999999999986,26.184232782009072
DEMO_019,T02,55,5.5,train,synthetic_demo,0.6347858970796418,0.29513734689000576,0.40506043249742363,0.2429387526811771,47.499999999999986,26.184232782009072,flexion,49.831583923105,27.394373698305476
DEMO_019,T02,56,5.6000000000000005,train,synthetic_demo,0.6597082913681048,0.29645266999886943,0.4329294427441092,0.24329435021294069,49.831583923105,27.394373698305476,flexion,52.27457514062633,28.633062401625605
DEMO_019,T02,57,5.7,train,synthetic_demo,0.649904898328974,0.27750470323538606,0.3939388271693373,0.17781871248647085,52.27457514062633,28.633062401625605,flexion,54.802207729556045,29.886727559323603
DEMO_019,T02,58,5.800000000000001,train,synthetic_demo,0.625663671249889,0.33436934619587627,0.414770651984203,0.1951408744833772,54.802207729556045,29.886727559323603,flexion,57.38678841830866,31.141633753585417
DEMO_019,T03,0,0.0,train,synthetic_demo,0.6549225684252798,0.25436518945501163,0.45855835409535356,0.22604726368963415,60.0,32.384031969540736,flexion,62.61321158169134,33.600310232347006
DEMO_019,T03,1,0.1,train,synthetic_demo,0.6555286984230497,0.31210219791313787,0.439596200076329,0.30171132969013226,62.61321158169134,33.600310232347006,flexion,65.19779227044398,34.77714274283433
DEMO_019,T03,2,0.2,train,synthetic_demo,0.6364923880429866,0.23999256492323007,0.41818270697625026,0.1900077657214553,65.19779227044398,34.77714274283433,flexion,67.72542485937369,35.901635877749776
DEMO_019,T03,3,0.30000000000000004,train,synthetic_demo,0.7164975367655639,0.3019150420150185,0.4257850321149699,0.2426289422676961,67.72542485937369,35.901635877749776,flexion,70.168416076895,36.96146945499189
DEMO_019,T03,4,0.4,train,synthetic_demo,0.6230959985607242,0.2856601918057392,0.36883929581279645,0.26078082357887733,70.168416076895,36.96146945499189,flexion,72.5,37.945031716103976
DEMO_019,T03,5,0.5,train,synthetic_demo,0.5845108312402827,0.20783180721989267,0.3901539328664448,0.24632445930647068,72.5,37.945031716103976,flexion,74.69463130731182,38.84154654712965
DEMO_019,T03,6,0.6000000000000001,train,synthetic_demo,0.4962795513913152,0.2746247976017625,0.2925503498266085,0.22271196811701807,74.69463130731182,38.84154654712965,flexion,76.72826515897145,39.64119154397241
DEMO_019,T03,7,0.7000000000000001,train,synthetic_demo,0.5335786345059049,0.2997824538170419,0.3575865458817644,0.26153123082378466,76.72826515897145,39.64119154397241,flexion,78.57862063693486,40.33520562871037
DEMO_019,T03,8,0.8,train,synthetic_demo,0.5176530155205304,0.28753559055090167,0.2947773664144738,0.23168032053129603,78.57862063693486,40.33520562871037,flexion,80.22542485937369,40.91598503779936
DEMO_019,T03,9,0.9,train,synthetic_demo,0.482331859406792,0.2996804927267863,0.3180181674663706,0.21226386538544956,80.22542485937369,40.91598503779936,flexion,81.65063509461096,41.3771666304975
DEMO_019,T03,10,1.0,train,synthetic_demo,0.43033916116742077,0.31540546761537114,0.26622142202349697,0.20992194148249596,81.65063509461096,41.3771666304975,flexion,82.83863644106502,41.71369760476672
DEMO_019,T03,11,1.1,train,synthetic_demo,0.3764793086714358,0.24523915323107198,0.27314071432185055,0.22552977509254585,82.83863644106502,41.71369760476672,flexion,83.77641290737884,41.921890856829314
DEMO_019,T03,12,1.2000000000000002,train,synthetic_demo,0.35318966468266366,0.2820371902836766,0.26841648810393337,0.23273010251361848,83.77641290737884,41.921890856829314,flexion,84.45369001834514,41.99946537784843
DEMO_019,T03,13,1.3,train,synthetic_demo,0.36345396814114284,0.32254053836606356,0.1802077262442799,0.2129503821262846,84.45369001834514,41.99946537784843,hold,84.86304738420684,41.94557124513828
DEMO_019,T03,14,1.4000000000000001,train,synthetic_demo,0.2873579307967719,0.34778861548091117,0.22758509794030699,0.26186610796397597,84.86304738420684,41.94557124513828,hold,85.0,41.7607989340949
DEMO_019,T03,15,1.5,train,synthetic_demo,0.1879731202442787,0.24586933768172653,0.20766088385111747,0.20457817926976352,85.0,41.7607989340949,hold,84.86304738420684,41.44717284882418
DEMO_019,T03,16,1.6,train,synthetic_demo,0.2816195088791978,0.3752449595909649,0.1808922295209058,0.2789415923026968,84.86304738420684,41.44717284882418,hold,84.45369001834514,41.00812914234682
DEMO_019,T03,17,1.7000000000000002,train,synthetic_demo,0.2485199511622283,0.381287150467187,0.18733621646867774,0.29987235348895375,84.45369001834514,41.00812914234682,hold,83.77641290737884,40.44847806938679
DEMO_019,T03,18,1.8,train,synthetic_demo,0.25170950128172526,0.4571149059142936,0.19835517198532787,0.2775882141757441,83.77641290737884,40.44847806938679,extension,82.83863644106502,39.77435128421395
DEMO_019,T03,19,1.9000000000000001,train,synthetic_demo,0.24074961864331917,0.5126761774641188,0.2977549824735326,0.38053988588628485,82.83863644106502,39.77435128421395,extension,81.65063509461098,38.99313466095676
DEMO_019,T03,20,2.0,train,synthetic_demo,0.25338144709773547,0.5281992080376783,0.18888909025568723,0.33791610965832963,81.65063509461098,38.99313466095676,extension,80.22542485937369,38.113387372419716
DEMO_019,T03,21,2.1,train,synthetic_demo,0.19409070881005616,0.5983968128221422,0.2403252278924959,0.38093582913592633,80.22542485937369,38.113387372419716,extension,78.57862063693486,37.14474811399498
DEMO_019,T03,22,2.2,train,synthetic_demo,0.23103858406999545,0.6341531826716325,0.1886290482840982,0.3797146286926243,78.57862063693486,37.14474811399498,extension,76.72826515897145,36.097829500098655
DEMO_019,T03,23,2.3000000000000003,train,synthetic_demo,0.2537075333146803,0.6949449670968039,0.17813366139088374,0.4427569123118913,76.72826515897145,36.097829500098655,extension,74.69463130731182,34.98410179014638
DEMO_019,T03,24,2.4000000000000004,train,synthetic_demo,0.2570821341500441,0.6649433226776428,0.1557276280596929,0.490298416927041,74.69463130731182,34.98410179014638,extension,72.5,33.815767217990924
DEMO_019,T03,25,2.5,train,synthetic_demo,0.22245113841533376,0.7024507805049145,0.23625851518300667,0.5168283049911142,72.5,33.815767217990924,extension,70.16841607689501,32.60562630169453
DEMO_019,T03,26,2.6,train,synthetic_demo,0.24825018302979218,0.7943443723572524,0.18370639888773718,0.5127407075784731,70.16841607689501,32.60562630169453,extension,67.72542485937369,31.366937598374406
DEMO_019,T03,27,2.7,train,synthetic_demo,0.17310933861116665,0.7641785597405678,0.2050857843153425,0.4315479928146006,67.72542485937369,31.366937598374406,extension,65.19779227044398,30.11327244067641
DEMO_019,T03,28,2.8000000000000003,train,synthetic_demo,0.246413742206438,0.8591765443139758,0.21171975302575677,0.45660431769181875,65.19779227044398,30.11327244067641,extension,62.613211581691324,28.85836624641458
DEMO_019,T03,29,2.9000000000000004,train,synthetic_demo,0.20602056167663063,0.8069891154273222,0.2180351063823485,0.4345793876067796,62.613211581691324,28.85836624641458,extension,60.0,27.615968030459264
DEMO_019,T03,30,3.0,train,synthetic_demo,0.1710981331194129,0.8065195489033358,0.23394727599743592,0.3904628667253842,60.0,27.615968030459264,extension,57.38678841830866,26.39968976765299
DEMO_019,T03,31,3.1,train,synthetic_demo,0.22937302359300504,0.7127727482269656,0.2607294654146557,0.46376135586680317,57.38678841830866,26.39968976765299,extension,54.802207729556024,25.22285725716567
DEMO_019,T03,32,3.2,train,synthetic_demo,0.21571673998461705,0.7237456006546137,0.24359975790152957,0.4357907777334661,54.802207729556024,25.22285725716567,extension,52.27457514062632,24.098364122250224
DEMO_019,T03,33,3.3000000000000003,train,synthetic_demo,0.2790103384348353,0.7674388503086049,0.205731897456622,0.4203074901336118,52.27457514062632,24.098364122250224,extension,49.831583923104986,23.038530545008104
DEMO_019,T03,34,3.4000000000000004,train,synthetic_demo,0.23653402307053034,0.7180770188437379,0.18959094298035284,0.410671087895301,49.831583923104986,23.038530545008104,extension,47.50000000000001,22.054968283896024
DEMO_019,T03,35,3.5,train,synthetic_demo,0.2588555860183198,0.7319200981733339,0.22782501049121504,0.3389546265728768,47.50000000000001,22.054968283896024,extension,45.30536869268818,21.158453452870347
DEMO_019,T03,36,3.6,train,synthetic_demo,0.20326788676678412,0.6921854505960306,0.1991610963608309,0.3578228707927174,45.30536869268818,21.158453452870347,extension,43.27173484102855,20.35880845602759
DEMO_019,T03,37,3.7,train,synthetic_demo,0.2832410232218896,0.6543471185633991,0.2460809146270631,0.36632386847261494,43.27173484102855,20.35880845602759,extension,41.42137936306515,19.66479437128963
DEMO_019,T03,38,3.8000000000000003,train,synthetic_demo,0.23850914722438507,0.6718030227102372,0.24140210243364,0.34664628202841874,41.42137936306515,19.66479437128963,extension,39.774575140626304,19.084014962200634
DEMO_019,T03,39,3.9000000000000004,train,synthetic_demo,0.23865342897243894,0.644583714566381,0.17429293585480554,0.334610145178167,39.774575140626304,19.084014962200634,extension,38.34936490538904,18.6228333695025
DEMO_019,T03,40,4.0,train,synthetic_demo,0.24655754304343586,0.5267834456014575,0.2770540995228372,0.3072630019182591,38.34936490538904,18.6228333695025,extension,37.16136355893498,18.286302395233275
DEMO_019,T03,41,4.1000000000000005,train,synthetic_demo,0.2398137597379785,0.48926393790119815,0.2267923209339271,0.26890451780862296,37.16136355893498,18.286302395233275,extension,36.22358709262116,18.078109143170686
DEMO_019,T03,42,4.2,train,synthetic_demo,0.22075143196965738,0.45792258554586196,0.23913736110449596,0.22940011846051106,36.22358709262116,18.078109143170686,extension,35.54630998165486,18.00053462215157
DEMO_019,T03,43,4.3,train,synthetic_demo,0.22075159037384545,0.3893185726177933,0.19494282829217777,0.25704379632985164,35.54630998165486,18.00053462215157,hold,35.13695261579316,18.05442875486172
DEMO_019,T03,44,4.4,train,synthetic_demo,0.18910139605553972,0.2954243828854617,0.2869371636759552,0.23514405641572755,35.13695261579316,18.05442875486172,hold,35.0,18.2392010659051
DEMO_019,T03,45,4.5,train,synthetic_demo,0.21837252279921618,0.25504693555347524,0.27570234304218133,0.2413218270349103,35.0,18.2392010659051,hold,35.13695261579316,18.552827151175826
DEMO_019,T03,46,4.6000000000000005,train,synthetic_demo,0.34278399219949324,0.274186398620261,0.2585549325288211,0.20847326717566234,35.13695261579316,18.552827151175826,hold,35.54630998165486,18.991870857653183
DEMO_019,T03,47,4.7,train,synthetic_demo,0.32332340115760966,0.24318043621460417,0.34949473678345805,0.2341719146164056,35.54630998165486,18.991870857653183,hold,36.223587092621166,19.55152193061322
DEMO_019,T03,48,4.800000000000001,train,synthetic_demo,0.3102972652776305,0.3296731741990583,0.30599322277354063,0.19474967713063535,36.223587092621166,19.55152193061322,flexion,37.16136355893498,20.225648715786054
DEMO_019,T03,49,4.9,train,synthetic_demo,0.40050498875152946,0.2602456413851539,0.3611821955572188,0.21916300016722848,37.16136355893498,20.225648715786054,flexion,38.34936490538904,21.006865339043237
DEMO_019,T03,50,5.0,train,synthetic_demo,0.43728820536313556,0.3844566499062617,0.35896576948621695,0.23958470412439117,38.34936490538904,21.006865339043237,flexion,39.774575140626325,21.88661262758029
DEMO_019,T03,51,5.1000000000000005,train,synthetic_demo,0.4638737572589636,0.2886247009244161,0.3960916684406861,0.18742222210367843,39.774575140626325,21.88661262758029,flexion,41.421379363065135,22.855251886005014
DEMO_019,T03,52,5.2,train,synthetic_demo,0.5337293836456318,0.26924954013892594,0.31867089003034804,0.24459266229928037,41.421379363065135,22.855251886005014,flexion,43.27173484102855,23.902170499901345
DEMO_019,T03,53,5.300000000000001,train,synthetic_demo,0.5240160357851917,0.25582552042103635,0.4688199730384912,0.2724830040241228,43.27173484102855,23.902170499901345,flexion,45.30536869268816,25.01589820985361
DEMO_019,T03,54,5.4,train,synthetic_demo,0.5936568374231097,0.28312053972780704,0.390575902004277,0.18500518815372535,45.30536869268816,25.01589820985361,flexion,47.499999999999986,26.184232782009072
DEMO_019,T03,55,5.5,train,synthetic_demo,0.5979909740340301,0.32330151151071196,0.41329231020126167,0.1947584251587329,47.499999999999986,26.184232782009072,flexion,49.831583923105,27.394373698305476
DEMO_019,T03,56,5.6000000000000005,train,synthetic_demo,0.6745112326661953,0.22814298949234396,0.43492014453678396,0.18318124596991775,49.831583923105,27.394373698305476,flexion,52.27457514062633,28.633062401625605
DEMO_019,T03,57,5.7,train,synthetic_demo,0.6658077476123522,0.2456634021463716,0.4259441904600295,0.2233066616696227,52.27457514062633,28.633062401625605,flexion,54.802207729556045,29.886727559323603
DEMO_019,T03,58,5.800000000000001,train,synthetic_demo,0.6316850493308095,0.23799915478954448,0.4819571677148117,0.14626343758049065,54.802207729556045,29.886727559323603,flexion,57.38678841830866,31.141633753585417
DEMO_020,T01,0,0.0,validation,synthetic_demo,0.8357445999775879,0.21978098835884285,0.5432874808869327,0.20193382491767764,60.0,32.384031969540736,flexion,62.61321158169134,33.600310232347006
DEMO_020,T01,1,0.1,validation,synthetic_demo,0.8177423593250503,0.26485332035754544,0.47462151526919844,0.2839404738377987,62.61321158169134,33.600310232347006,flexion,65.19779227044398,34.77714274283433
DEMO_020,T01,2,0.2,validation,synthetic_demo,0.8258513257955168,0.2216801770435459,0.5337869478191508,0.21803235398880055,65.19779227044398,34.77714274283433,flexion,67.72542485937369,35.901635877749776
DEMO_020,T01,3,0.30000000000000004,validation,synthetic_demo,0.8208830701887401,0.27400381660246564,0.48978471106098004,0.2012417892281804,67.72542485937369,35.901635877749776,flexion,70.168416076895,36.96146945499189
DEMO_020,T01,4,0.4,validation,synthetic_demo,0.7658550069207448,0.16294945021765594,0.5167049069246737,0.24698032589187505,70.168416076895,36.96146945499189,flexion,72.5,37.945031716103976
DEMO_020,T01,5,0.5,validation,synthetic_demo,0.6950224306436743,0.1527220158544572,0.479672077440779,0.20622929231464632,72.5,37.945031716103976,flexion,74.69463130731182,38.84154654712965
DEMO_020,T01,6,0.6000000000000001,validation,synthetic_demo,0.734039314985486,0.15441021837946994,0.43085856856631527,0.22447958508193808,74.69463130731182,38.84154654712965,flexion,76.72826515897145,39.64119154397241
DEMO_020,T01,7,0.7000000000000001,validation,synthetic_demo,0.6614723452308787,0.23775045583956086,0.39443217380317164,0.2385912742579724,76.72826515897145,39.64119154397241,flexion,78.57862063693486,40.33520562871037
DEMO_020,T01,8,0.8,validation,synthetic_demo,0.5610657353757413,0.18354664320174469,0.4085103657866401,0.2054749474045795,78.57862063693486,40.33520562871037,flexion,80.22542485937369,40.91598503779936
DEMO_020,T01,9,0.9,validation,synthetic_demo,0.5650593770663866,0.2528321831939231,0.4260756051350921,0.2439953897234813,80.22542485937369,40.91598503779936,flexion,81.65063509461096,41.3771666304975
DEMO_020,T01,10,1.0,validation,synthetic_demo,0.5410157520902399,0.2583776137820981,0.3512819057176208,0.17694706542758504,81.65063509461096,41.3771666304975,flexion,82.83863644106502,41.71369760476672
DEMO_020,T01,11,1.1,validation,synthetic_demo,0.4925608596871243,0.24733984791214997,0.32460592830566676,0.19834145469508133,82.83863644106502,41.71369760476672,flexion,83.77641290737884,41.921890856829314
DEMO_020,T01,12,1.2000000000000002,validation,synthetic_demo,0.48009691384841574,0.252105292886708,0.3274852222125605,0.23785532260154954,83.77641290737884,41.921890856829314,flexion,84.45369001834514,41.99946537784843
DEMO_020,T01,13,1.3,validation,synthetic_demo,0.3939210340149355,0.26048615557837995,0.30751404899259527,0.2096283398875561,84.45369001834514,41.99946537784843,hold,84.86304738420684,41.94557124513828
DEMO_020,T01,14,1.4000000000000001,validation,synthetic_demo,0.30478003160639505,0.21152621199193966,0.26207238245219105,0.22486826956732608,84.86304738420684,41.94557124513828,hold,85.0,41.7607989340949
DEMO_020,T01,15,1.5,validation,synthetic_demo,0.3150986662626074,0.20470970424747942,0.24404857627214915,0.2399008942655023,85.0,41.7607989340949,hold,84.86304738420684,41.44717284882418
DEMO_020,T01,16,1.6,validation,synthetic_demo,0.29129522194363217,0.2540547778052439,0.20832586798222974,0.3339278738095557,84.86304738420684,41.44717284882418,hold,84.45369001834514,41.00812914234682
DEMO_020,T01,17,1.7000000000000002,validation,synthetic_demo,0.2676126028863784,0.30277006397709,0.26619861399814887,0.33442898714501257,84.45369001834514,41.00812914234682,hold,83.77641290737884,40.44847806938679
DEMO_020,T01,18,1.8,validation,synthetic_demo,0.2560637962431784,0.33814170800046217,0.3356160412922182,0.3109609215776361,83.77641290737884,40.44847806938679,extension,82.83863644106502,39.77435128421395
DEMO_020,T01,19,1.9000000000000001,validation,synthetic_demo,0.23642175435784316,0.4135254454719326,0.25957407083672623,0.3724845002366346,82.83863644106502,39.77435128421395,extension,81.65063509461098,38.99313466095676
DEMO_020,T01,20,2.0,validation,synthetic_demo,0.31688129098753026,0.40521321855513787,0.21791244291169248,0.4310790033400318,81.65063509461098,38.99313466095676,extension,80.22542485937369,38.113387372419716
DEMO_020,T01,21,2.1,validation,synthetic_demo,0.3249056750734102,0.4355107724617685,0.2801069166859562,0.4148140099228048,80.22542485937369,38.113387372419716,extension,78.57862063693486,37.14474811399498
DEMO_020,T01,22,2.2,validation,synthetic_demo,0.30694965747082376,0.5068788292556686,0.29516809291381463,0.41062334589257354,78.57862063693486,37.14474811399498,extension,76.72826515897145,36.097829500098655
DEMO_020,T01,23,2.3000000000000003,validation,synthetic_demo,0.2963693789084541,0.5393979119340304,0.2713170705769412,0.39093191562971163,76.72826515897145,36.097829500098655,extension,74.69463130731182,34.98410179014638
DEMO_020,T01,24,2.4000000000000004,validation,synthetic_demo,0.2977715641436463,0.5395947532189381,0.23328335259730393,0.4404059591792358,74.69463130731182,34.98410179014638,extension,72.5,33.815767217990924
DEMO_020,T01,25,2.5,validation,synthetic_demo,0.2856140117904257,0.533146009935107,0.21689283338536872,0.43751440431934585,72.5,33.815767217990924,extension,70.16841607689501,32.60562630169453
DEMO_020,T01,26,2.6,validation,synthetic_demo,0.24011652480826326,0.5669128969161301,0.26130975177681864,0.43264454192741797,70.16841607689501,32.60562630169453,extension,67.72542485937369,31.366937598374406
DEMO_020,T01,27,2.7,validation,synthetic_demo,0.2683260362479093,0.5084303434044585,0.22256029051597867,0.3916450759700088,67.72542485937369,31.366937598374406,extension,65.19779227044398,30.11327244067641
DEMO_020,T01,28,2.8000000000000003,validation,synthetic_demo,0.3252353318140121,0.6494899250534756,0.31880352303064285,0.41540220330018846,65.19779227044398,30.11327244067641,extension,62.613211581691324,28.85836624641458
DEMO_020,T01,29,2.9000000000000004,validation,synthetic_demo,0.23489221299300017,0.6068208812391194,0.23419217646473423,0.44351834614562324,62.613211581691324,28.85836624641458,extension,60.0,27.615968030459264
DEMO_020,T01,30,3.0,validation,synthetic_demo,0.3715354361444446,0.5854785003980119,0.30175888429657516,0.41187164409657423,60.0,27.615968030459264,extension,57.38678841830866,26.39968976765299
DEMO_020,T01,31,3.1,validation,synthetic_demo,0.32504083098995334,0.6058439102008157,0.2664328172564728,0.45160039577495165,57.38678841830866,26.39968976765299,extension,54.802207729556024,25.22285725716567
DEMO_020,T01,32,3.2,validation,synthetic_demo,0.32972725245241474,0.5994142235671122,0.31757220431082445,0.3885356754915635,54.802207729556024,25.22285725716567,extension,52.27457514062632,24.098364122250224
DEMO_020,T01,33,3.3000000000000003,validation,synthetic_demo,0.32048849761087495,0.5189784345431129,0.2236122451316526,0.3611098361470024,52.27457514062632,24.098364122250224,extension,49.831583923104986,23.038530545008104
DEMO_020,T01,34,3.4000000000000004,validation,synthetic_demo,0.2315962605347554,0.5833639826691485,0.2520742855601682,0.35054004072305434,49.831583923104986,23.038530545008104,extension,47.50000000000001,22.054968283896024
DEMO_020,T01,35,3.5,validation,synthetic_demo,0.30032891486175795,0.501101927235338,0.3047688998640401,0.3482247051724072,47.50000000000001,22.054968283896024,extension,45.30536869268818,21.158453452870347
DEMO_020,T01,36,3.6,validation,synthetic_demo,0.2823191528954397,0.5584851750378726,0.24811962672012944,0.32118959800808355,45.30536869268818,21.158453452870347,extension,43.27173484102855,20.35880845602759
DEMO_020,T01,37,3.7,validation,synthetic_demo,0.25219241993440783,0.4960713916214846,0.284748647597326,0.3467581131521216,43.27173484102855,20.35880845602759,extension,41.42137936306515,19.66479437128963
DEMO_020,T01,38,3.8000000000000003,validation,synthetic_demo,0.258684346897315,0.41229158895980933,0.2257098580422457,0.36554368125827225,41.42137936306515,19.66479437128963,extension,39.774575140626304,19.084014962200634
DEMO_020,T01,39,3.9000000000000004,validation,synthetic_demo,0.3594474555005911,0.47667266659657404,0.2782534506817202,0.31574509124931005,39.774575140626304,19.084014962200634,extension,38.34936490538904,18.6228333695025
DEMO_020,T01,40,4.0,validation,synthetic_demo,0.2542764270729256,0.4253478061506756,0.26055239902401167,0.2714706480780227,38.34936490538904,18.6228333695025,extension,37.16136355893498,18.286302395233275
DEMO_020,T01,41,4.1000000000000005,validation,synthetic_demo,0.3200494938905428,0.3307138585204599,0.32334013065525197,0.229794218167852,37.16136355893498,18.286302395233275,extension,36.22358709262116,18.078109143170686
DEMO_020,T01,42,4.2,validation,synthetic_demo,0.30158411367559956,0.3897550568823239,0.2446329638331633,0.2503315786749535,36.22358709262116,18.078109143170686,extension,35.54630998165486,18.00053462215157
DEMO_020,T01,43,4.3,validation,synthetic_demo,0.2532765255327709,0.3031707495157287,0.2675714567690195,0.2680341529218915,35.54630998165486,18.00053462215157,hold,35.13695261579316,18.05442875486172
DEMO_020,T01,44,4.4,validation,synthetic_demo,0.2346601056151224,0.21110762575690897,0.23057516210663598,0.13084569585823358,35.13695261579316,18.05442875486172,hold,35.0,18.2392010659051
DEMO_020,T01,45,4.5,validation,synthetic_demo,0.2712273951037957,0.24416073591116785,0.29686058217254685,0.22753546530682353,35.0,18.2392010659051,hold,35.13695261579316,18.552827151175826
DEMO_020,T01,46,4.6000000000000005,validation,synthetic_demo,0.3040464516887564,0.23291674804153328,0.3384584473947068,0.22893980181819293,35.13695261579316,18.552827151175826,hold,35.54630998165486,18.991870857653183
DEMO_020,T01,47,4.7,validation,synthetic_demo,0.40538391454663714,0.20825542838106467,0.32038363813814386,0.1651030324321517,35.54630998165486,18.991870857653183,hold,36.223587092621166,19.55152193061322
DEMO_020,T01,48,4.800000000000001,validation,synthetic_demo,0.44866408030243954,0.15906418336490658,0.36701829224099997,0.27658214058982716,36.223587092621166,19.55152193061322,flexion,37.16136355893498,20.225648715786054
DEMO_020,T01,49,4.9,validation,synthetic_demo,0.5530674035259698,0.2339638216957696,0.3941098884190095,0.17362936468673562,37.16136355893498,20.225648715786054,flexion,38.34936490538904,21.006865339043237
DEMO_020,T01,50,5.0,validation,synthetic_demo,0.566683339316214,0.17893412190793226,0.43878150137452493,0.2179840306584978,38.34936490538904,21.006865339043237,flexion,39.774575140626325,21.88661262758029
DEMO_020,T01,51,5.1000000000000005,validation,synthetic_demo,0.615394008515905,0.18177166517482876,0.43803243546539233,0.18564655595196292,39.774575140626325,21.88661262758029,flexion,41.421379363065135,22.855251886005014
DEMO_020,T01,52,5.2,validation,synthetic_demo,0.6885551082876089,0.2342210237618334,0.4913746045573983,0.2379270400689711,41.421379363065135,22.855251886005014,flexion,43.27173484102855,23.902170499901345
DEMO_020,T01,53,5.300000000000001,validation,synthetic_demo,0.6749824876417729,0.2690687150397986,0.5158175698478633,0.22074178894526705,43.27173484102855,23.902170499901345,flexion,45.30536869268816,25.01589820985361
DEMO_020,T01,54,5.4,validation,synthetic_demo,0.7654209151796801,0.17547277571655615,0.5109011367559132,0.2281496993575649,45.30536869268816,25.01589820985361,flexion,47.499999999999986,26.184232782009072
DEMO_020,T01,55,5.5,validation,synthetic_demo,0.7461272034980232,0.2087718001855586,0.5528221974806322,0.18628765688436186,47.499999999999986,26.184232782009072,flexion,49.831583923105,27.394373698305476
DEMO_020,T01,56,5.6000000000000005,validation,synthetic_demo,0.7676923636231608,0.21255149769336554,0.5416065269022337,0.2132119251716307,49.831583923105,27.394373698305476,flexion,52.27457514062633,28.633062401625605
DEMO_020,T01,57,5.7,validation,synthetic_demo,0.7726349777727958,0.23477853089322778,0.4810649778138418,0.24069930517204544,52.27457514062633,28.633062401625605,flexion,54.802207729556045,29.886727559323603
DEMO_020,T01,58,5.800000000000001,validation,synthetic_demo,0.8288695312144929,0.23315098987264823,0.4583116678779555,0.20482762264504953,54.802207729556045,29.886727559323603,flexion,57.38678841830866,31.141633753585417
DEMO_020,T02,0,0.0,validation,synthetic_demo,0.7409133146253684,0.2610159832141533,0.5072122297850711,0.2102000938693484,60.0,32.384031969540736,flexion,62.61321158169134,33.600310232347006
DEMO_020,T02,1,0.1,validation,synthetic_demo,0.7800180697163844,0.08969557941511713,0.49221162671500235,0.19142131536336615,62.61321158169134,33.600310232347006,flexion,65.19779227044398,34.77714274283433
DEMO_020,T02,2,0.2,validation,synthetic_demo,0.8107531802653635,0.22095309901040347,0.4836530878817713,0.20782407276329873,65.19779227044398,34.77714274283433,flexion,67.72542485937369,35.901635877749776
DEMO_020,T02,3,0.30000000000000004,validation,synthetic_demo,0.7894720928643341,0.17217115029718227,0.4840152133537015,0.2043485487826367,67.72542485937369,35.901635877749776,flexion,70.168416076895,36.96146945499189
DEMO_020,T02,4,0.4,validation,synthetic_demo,0.7612222571777496,0.26603704105564163,0.5380396866202919,0.2253820522824033,70.168416076895,36.96146945499189,flexion,72.5,37.945031716103976
DEMO_020,T02,5,0.5,validation,synthetic_demo,0.7946860136099689,0.17877327405864915,0.4348299551572441,0.2223443147699791,72.5,37.945031716103976,flexion,74.69463130731182,38.84154654712965
DEMO_020,T02,6,0.6000000000000001,validation,synthetic_demo,0.7103436253914375,0.24272947053918695,0.45154205573558,0.2508559214273988,74.69463130731182,38.84154654712965,flexion,76.72826515897145,39.64119154397241
DEMO_020,T02,7,0.7000000000000001,validation,synthetic_demo,0.6278507634396516,0.271442843438395,0.4444961146312157,0.16712728514111191,76.72826515897145,39.64119154397241,flexion,78.57862063693486,40.33520562871037
DEMO_020,T02,8,0.8,validation,synthetic_demo,0.6075683965298468,0.19040401332989695,0.3906021314275731,0.18375397141974784,78.57862063693486,40.33520562871037,flexion,80.22542485937369,40.91598503779936
DEMO_020,T02,9,0.9,validation,synthetic_demo,0.5830293882089775,0.24657393946773387,0.35078909035100314,0.20489394254855312,80.22542485937369,40.91598503779936,flexion,81.65063509461096,41.3771666304975
DEMO_020,T02,10,1.0,validation,synthetic_demo,0.4841433343996933,0.28242705240786986,0.33086925215389973,0.22145326448495914,81.65063509461096,41.3771666304975,flexion,82.83863644106502,41.71369760476672
DEMO_020,T02,11,1.1,validation,synthetic_demo,0.47777929612699604,0.207764224723428,0.31665248922600836,0.17426172263015233,82.83863644106502,41.71369760476672,flexion,83.77641290737884,41.921890856829314
DEMO_020,T02,12,1.2000000000000002,validation,synthetic_demo,0.4850611732832922,0.20626830312042826,0.33073299605231116,0.2103472266322732,83.77641290737884,41.921890856829314,flexion,84.45369001834514,41.99946537784843
DEMO_020,T02,13,1.3,validation,synthetic_demo,0.45044806295616224,0.24846545078541846,0.2894298449888938,0.20897954466338187,84.45369001834514,41.99946537784843,hold,84.86304738420684,41.94557124513828
DEMO_020,T02,14,1.4000000000000001,validation,synthetic_demo,0.38468903252332887,0.25349417385547746,0.3097612185200711,0.21950086298108257,84.86304738420684,41.94557124513828,hold,85.0,41.7607989340949
DEMO_020,T02,15,1.5,validation,synthetic_demo,0.324151058608369,0.24745533652281357,0.3276193885067746,0.2673279591336126,85.0,41.7607989340949,hold,84.86304738420684,41.44717284882418
DEMO_020,T02,16,1.6,validation,synthetic_demo,0.2448438205280502,0.24003509180477076,0.24335970527988826,0.24872788128534767,84.86304738420684,41.44717284882418,hold,84.45369001834514,41.00812914234682
DEMO_020,T02,17,1.7000000000000002,validation,synthetic_demo,0.2510759197441896,0.3106301894290495,0.273553486533961,0.31008148981191264,84.45369001834514,41.00812914234682,hold,83.77641290737884,40.44847806938679
DEMO_020,T02,18,1.8,validation,synthetic_demo,0.2957114313120213,0.3130096970241407,0.3028338994139465,0.278213261593683,83.77641290737884,40.44847806938679,extension,82.83863644106502,39.77435128421395
DEMO_020,T02,19,1.9000000000000001,validation,synthetic_demo,0.2594562415676921,0.424457851140719,0.25592329248655277,0.3577881427812656,82.83863644106502,39.77435128421395,extension,81.65063509461098,38.99313466095676
DEMO_020,T02,20,2.0,validation,synthetic_demo,0.315322003906518,0.38280740903328475,0.2676130463866992,0.4262347590373101,81.65063509461098,38.99313466095676,extension,80.22542485937369,38.113387372419716
DEMO_020,T02,21,2.1,validation,synthetic_demo,0.2597940581197401,0.42973885405481493,0.22921646656934969,0.3920442920999159,80.22542485937369,38.113387372419716,extension,78.57862063693486,37.14474811399498
DEMO_020,T02,22,2.2,validation,synthetic_demo,0.29947439440783485,0.4862903746271658,0.2653702238640577,0.3388846198745584,78.57862063693486,37.14474811399498,extension,76.72826515897145,36.097829500098655
DEMO_020,T02,23,2.3000000000000003,validation,synthetic_demo,0.28689097855520296,0.516622453622514,0.2154324574259543,0.3583635784638138,76.72826515897145,36.097829500098655,extension,74.69463130731182,34.98410179014638
DEMO_020,T02,24,2.4000000000000004,validation,synthetic_demo,0.26470330834606914,0.5480020038258676,0.28390103519699506,0.36606579369488834,74.69463130731182,34.98410179014638,extension,72.5,33.815767217990924
DEMO_020,T02,25,2.5,validation,synthetic_demo,0.2833218808136605,0.5642337033732595,0.26586226449172773,0.46641673534005246,72.5,33.815767217990924,extension,70.16841607689501,32.60562630169453
DEMO_020,T02,26,2.6,validation,synthetic_demo,0.2512337138563613,0.5548872371022965,0.24018196550076423,0.41394903201076266,70.16841607689501,32.60562630169453,extension,67.72542485937369,31.366937598374406
DEMO_020,T02,27,2.7,validation,synthetic_demo,0.22693330798106703,0.6418869752672085,0.31306014851374225,0.40411822900574385,67.72542485937369,31.366937598374406,extension,65.19779227044398,30.11327244067641
DEMO_020,T02,28,2.8000000000000003,validation,synthetic_demo,0.29834785705432476,0.596458941627441,0.29995174367046273,0.46839241072658244,65.19779227044398,30.11327244067641,extension,62.613211581691324,28.85836624641458
DEMO_020,T02,29,2.9000000000000004,validation,synthetic_demo,0.3044541218529296,0.6531841039657337,0.26258165410706474,0.4151786194725933,62.613211581691324,28.85836624641458,extension,60.0,27.615968030459264
DEMO_020,T02,30,3.0,validation,synthetic_demo,0.23537208304834023,0.5588599569735724,0.26032842173226967,0.4052972043410638,60.0,27.615968030459264,extension,57.38678841830866,26.39968976765299
DEMO_020,T02,31,3.1,validation,synthetic_demo,0.2992668753984822,0.6364053008902841,0.21710533808892027,0.46286682295460757,57.38678841830866,26.39968976765299,extension,54.802207729556024,25.22285725716567
DEMO_020,T02,32,3.2,validation,synthetic_demo,0.2436299223425498,0.6101672957558023,0.2678615370964649,0.3912411763661365,54.802207729556024,25.22285725716567,extension,52.27457514062632,24.098364122250224
DEMO_020,T02,33,3.3000000000000003,validation,synthetic_demo,0.32163811426695116,0.5704777365437983,0.29848133138998373,0.4451696802550183,52.27457514062632,24.098364122250224,extension,49.831583923104986,23.038530545008104
DEMO_020,T02,34,3.4000000000000004,validation,synthetic_demo,0.2663936948069051,0.5748360656691615,0.27143857112660247,0.3866050311857364,49.831583923104986,23.038530545008104,extension,47.50000000000001,22.054968283896024
DEMO_020,T02,35,3.5,validation,synthetic_demo,0.3210706943800446,0.5223636600430709,0.2176138718727944,0.3877294439987735,47.50000000000001,22.054968283896024,extension,45.30536869268818,21.158453452870347
DEMO_020,T02,36,3.6,validation,synthetic_demo,0.225529925990617,0.5524508336647693,0.2275476547890176,0.3482527400624193,45.30536869268818,21.158453452870347,extension,43.27173484102855,20.35880845602759
DEMO_020,T02,37,3.7,validation,synthetic_demo,0.29163422272274964,0.5560887762481282,0.31999517180799963,0.34487378015728753,43.27173484102855,20.35880845602759,extension,41.42137936306515,19.66479437128963
DEMO_020,T02,38,3.8000000000000003,validation,synthetic_demo,0.3216152813006995,0.4567707497002528,0.22491196950459627,0.380368617089365,41.42137936306515,19.66479437128963,extension,39.774575140626304,19.084014962200634
DEMO_020,T02,39,3.9000000000000004,validation,synthetic_demo,0.27896703743591267,0.4774630610916297,0.26239292444032597,0.30733916256587607,39.774575140626304,19.084014962200634,extension,38.34936490538904,18.6228333695025
DEMO_020,T02,40,4.0,validation,synthetic_demo,0.2618050599217124,0.44078918604782885,0.1996749069201171,0.3289052943291351,38.34936490538904,18.6228333695025,extension,37.16136355893498,18.286302395233275
DEMO_020,T02,41,4.1000000000000005,validation,synthetic_demo,0.3048168928706959,0.41829003630397543,0.2257724638541076,0.2602422434362824,37.16136355893498,18.286302395233275,extension,36.22358709262116,18.078109143170686
DEMO_020,T02,42,4.2,validation,synthetic_demo,0.30737672466474486,0.360243352284665,0.22390862215418206,0.1707628223939892,36.22358709262116,18.078109143170686,extension,35.54630998165486,18.00053462215157
DEMO_020,T02,43,4.3,validation,synthetic_demo,0.31460763135749237,0.3271443674481081,0.3137454840040728,0.2511378069085967,35.54630998165486,18.00053462215157,hold,35.13695261579316,18.05442875486172
DEMO_020,T02,44,4.4,validation,synthetic_demo,0.26630455766431105,0.28744641343754945,0.22735411983900689,0.267204961115565,35.13695261579316,18.05442875486172,hold,35.0,18.2392010659051
DEMO_020,T02,45,4.5,validation,synthetic_demo,0.2221431185034896,0.19471237745897818,0.2648454485403543,0.21495730424456055,35.0,18.2392010659051,hold,35.13695261579316,18.552827151175826
DEMO_020,T02,46,4.6000000000000005,validation,synthetic_demo,0.35773533281430236,0.1573884178633121,0.3547045739920714,0.1637683881309298,35.13695261579316,18.552827151175826,hold,35.54630998165486,18.991870857653183
DEMO_020,T02,47,4.7,validation,synthetic_demo,0.37361565495849663,0.2603792614770374,0.35515266507046217,0.22578485002764997,35.54630998165486,18.991870857653183,hold,36.223587092621166,19.55152193061322
DEMO_020,T02,48,4.800000000000001,validation,synthetic_demo,0.4607334331904317,0.2700549482681844,0.40300123845058416,0.23769479541160557,36.223587092621166,19.55152193061322,flexion,37.16136355893498,20.225648715786054
DEMO_020,T02,49,4.9,validation,synthetic_demo,0.4864432079147937,0.16018584959380539,0.3756632565669791,0.21032310421435252,37.16136355893498,20.225648715786054,flexion,38.34936490538904,21.006865339043237
DEMO_020,T02,50,5.0,validation,synthetic_demo,0.5957200693044827,0.20149922811087653,0.36576649411687917,0.27120725257875516,38.34936490538904,21.006865339043237,flexion,39.774575140626325,21.88661262758029
DEMO_020,T02,51,5.1000000000000005,validation,synthetic_demo,0.6133751287090283,0.21612600218507422,0.4028939432797121,0.16569200789665076,39.774575140626325,21.88661262758029,flexion,41.421379363065135,22.855251886005014
DEMO_020,T02,52,5.2,validation,synthetic_demo,0.6093288863290761,0.24068671843703848,0.47870310170723757,0.228430844140116,41.421379363065135,22.855251886005014,flexion,43.27173484102855,23.902170499901345
DEMO_020,T02,53,5.300000000000001,validation,synthetic_demo,0.7156258989605614,0.2468479672103867,0.5331887092881182,0.2520111808929048,43.27173484102855,23.902170499901345,flexion,45.30536869268816,25.01589820985361
DEMO_020,T02,54,5.4,validation,synthetic_demo,0.7063150673340203,0.23733792409753884,0.520784572271687,0.25699320018846955,45.30536869268816,25.01589820985361,flexion,47.499999999999986,26.184232782009072
DEMO_020,T02,55,5.5,validation,synthetic_demo,0.7215401411740017,0.1833411836262735,0.5716856877797885,0.24174998779268478,47.499999999999986,26.184232782009072,flexion,49.831583923105,27.394373698305476
DEMO_020,T02,56,5.6000000000000005,validation,synthetic_demo,0.7200048940668069,0.1588980476177545,0.5018223986363624,0.23664527463846585,49.831583923105,27.394373698305476,flexion,52.27457514062633,28.633062401625605
DEMO_020,T02,57,5.7,validation,synthetic_demo,0.7475708416630716,0.24331749445519207,0.5230600009872961,0.18966011438112113,52.27457514062633,28.633062401625605,flexion,54.802207729556045,29.886727559323603
DEMO_020,T02,58,5.800000000000001,validation,synthetic_demo,0.7643576293003772,0.23182650094336138,0.48668651983531264,0.19193351199070718,54.802207729556045,29.886727559323603,flexion,57.38678841830866,31.141633753585417
DEMO_020,T03,0,0.0,validation,synthetic_demo,0.814654087927385,0.26401656355388653,0.5039023257252963,0.20330421960227865,60.0,32.384031969540736,flexion,62.61321158169134,33.600310232347006
DEMO_020,T03,1,0.1,validation,synthetic_demo,0.7295745923928098,0.1704896612891527,0.5221263047047384,0.16262279153301523,62.61321158169134,33.600310232347006,flexion,65.19779227044398,34.77714274283433
DEMO_020,T03,2,0.2,validation,synthetic_demo,0.7553916944165038,0.242141680848857,0.4997407872520063,0.24144578110722079,65.19779227044398,34.77714274283433,flexion,67.72542485937369,35.901635877749776
DEMO_020,T03,3,0.30000000000000004,validation,synthetic_demo,0.7869754239864744,0.2341596150848376,0.5071317964654698,0.23202267346161676,67.72542485937369,35.901635877749776,flexion,70.168416076895,36.96146945499189
DEMO_020,T03,4,0.4,validation,synthetic_demo,0.7703635289202849,0.2006401854421278,0.45906846204931473,0.24996943376191005,70.168416076895,36.96146945499189,flexion,72.5,37.945031716103976
DEMO_020,T03,5,0.5,validation,synthetic_demo,0.7632540489417791,0.220077819704286,0.4199181632369377,0.2130090143842628,72.5,37.945031716103976,flexion,74.69463130731182,38.84154654712965
DEMO_020,T03,6,0.6000000000000001,validation,synthetic_demo,0.6996344322893915,0.17516602567410333,0.4347883706303929,0.12222847560562672,74.69463130731182,38.84154654712965,flexion,76.72826515897145,39.64119154397241
DEMO_020,T03,7,0.7000000000000001,validation,synthetic_demo,0.6568791416362298,0.14162105271445996,0.42175044159218095,0.1949910634346252,76.72826515897145,39.64119154397241,flexion,78.57862063693486,40.33520562871037
DEMO_020,T03,8,0.8,validation,synthetic_demo,0.5910861844307334,0.23228433829085074,0.4259459874545143,0.16456513407239928,78.57862063693486,40.33520562871037,flexion,80.22542485937369,40.91598503779936
DEMO_020,T03,9,0.9,validation,synthetic_demo,0.5986723829072894,0.1850152291797501,0.3209623248721247,0.19363393889966243,80.22542485937369,40.91598503779936,flexion,81.65063509461096,41.3771666304975
DEMO_020,T03,10,1.0,validation,synthetic_demo,0.515242879459727,0.2541894240027819,0.3601846696090333,0.16258032908128997,81.65063509461096,41.3771666304975,flexion,82.83863644106502,41.71369760476672
DEMO_020,T03,11,1.1,validation,synthetic_demo,0.5019840249637118,0.23005926533192167,0.24553697469683788,0.1785942554255011,82.83863644106502,41.71369760476672,flexion,83.77641290737884,41.921890856829314
DEMO_020,T03,12,1.2000000000000002,validation,synthetic_demo,0.5039097822046333,0.17391162854900355,0.23972706574253894,0.18410623006915428,83.77641290737884,41.921890856829314,flexion,84.45369001834514,41.99946537784843
DEMO_020,T03,13,1.3,validation,synthetic_demo,0.40118796749619134,0.23709359802010915,0.21572177428384026,0.23686550260863068,84.45369001834514,41.99946537784843,hold,84.86304738420684,41.94557124513828
DEMO_020,T03,14,1.4000000000000001,validation,synthetic_demo,0.2986837921827931,0.21573326573258625,0.279764963153769,0.19271678124676694,84.86304738420684,41.94557124513828,hold,85.0,41.7607989340949
DEMO_020,T03,15,1.5,validation,synthetic_demo,0.20523197384123243,0.16731411806632496,0.27036574913476014,0.22630115589790262,85.0,41.7607989340949,hold,84.86304738420684,41.44717284882418
DEMO_020,T03,16,1.6,validation,synthetic_demo,0.3360566213191843,0.27917651799393495,0.31009512904550557,0.32274906377840146,84.86304738420684,41.44717284882418,hold,84.45369001834514,41.00812914234682
DEMO_020,T03,17,1.7000000000000002,validation,synthetic_demo,0.26010833988248483,0.3102466195540945,0.2414347351799569,0.33757971621305993,84.45369001834514,41.00812914234682,hold,83.77641290737884,40.44847806938679
DEMO_020,T03,18,1.8,validation,synthetic_demo,0.2991245758410543,0.3046841609950869,0.25175634092735477,0.360450922159967,83.77641290737884,40.44847806938679,extension,82.83863644106502,39.77435128421395
DEMO_020,T03,19,1.9000000000000001,validation,synthetic_demo,0.1794489221676609,0.4034005141141813,0.29966604920193723,0.33674437800831364,82.83863644106502,39.77435128421395,extension,81.65063509461098,38.99313466095676
DEMO_020,T03,20,2.0,validation,synthetic_demo,0.3488323837011472,0.41970203458038835,0.23829552691531714,0.42160098661502204,81.65063509461098,38.99313466095676,extension,80.22542485937369,38.113387372419716
DEMO_020,T03,21,2.1,validation,synthetic_demo,0.34425234121409615,0.4673051630472121,0.2817227413216006,0.3573954451623181,80.22542485937369,38.113387372419716,extension,78.57862063693486,37.14474811399498
DEMO_020,T03,22,2.2,validation,synthetic_demo,0.26409360579411134,0.44341643173991685,0.3114954741666969,0.37715944499407955,78.57862063693486,37.14474811399498,extension,76.72826515897145,36.097829500098655
DEMO_020,T03,23,2.3000000000000003,validation,synthetic_demo,0.33252308119992896,0.5186499436857762,0.3243765155463799,0.46269672939541934,76.72826515897145,36.097829500098655,extension,74.69463130731182,34.98410179014638
DEMO_020,T03,24,2.4000000000000004,validation,synthetic_demo,0.277728046895585,0.4976406486766233,0.2581678737458728,0.4238205196327454,74.69463130731182,34.98410179014638,extension,72.5,33.815767217990924
DEMO_020,T03,25,2.5,validation,synthetic_demo,0.26849342974058704,0.5939157618238602,0.2641144293606981,0.39116157576545346,72.5,33.815767217990924,extension,70.16841607689501,32.60562630169453
DEMO_020,T03,26,2.6,validation,synthetic_demo,0.2774248482278095,0.513185059475942,0.27735381387634833,0.33072385451595576,70.16841607689501,32.60562630169453,extension,67.72542485937369,31.366937598374406
DEMO_020,T03,27,2.7,validation,synthetic_demo,0.3073164374501414,0.5987700340092827,0.2530929819958741,0.39111436416296436,67.72542485937369,31.366937598374406,extension,65.19779227044398,30.11327244067641
DEMO_020,T03,28,2.8000000000000003,validation,synthetic_demo,0.23569693672752245,0.6809555524714843,0.20348945880307673,0.4013097627812026,65.19779227044398,30.11327244067641,extension,62.613211581691324,28.85836624641458
DEMO_020,T03,29,2.9000000000000004,validation,synthetic_demo,0.2912083242045676,0.6251833525747295,0.2933023981296876,0.4732348434858795,62.613211581691324,28.85836624641458,extension,60.0,27.615968030459264
DEMO_020,T03,30,3.0,validation,synthetic_demo,0.3084370987201361,0.642092728247729,0.2385603909501114,0.4973800223123195,60.0,27.615968030459264,extension,57.38678841830866,26.39968976765299
DEMO_020,T03,31,3.1,validation,synthetic_demo,0.3134491629521806,0.6220271056875711,0.2582376139521953,0.41197116012669904,57.38678841830866,26.39968976765299,extension,54.802207729556024,25.22285725716567
DEMO_020,T03,32,3.2,validation,synthetic_demo,0.2783240249483588,0.611218843769003,0.27927154886378713,0.49261637207825504,54.802207729556024,25.22285725716567,extension,52.27457514062632,24.098364122250224
DEMO_020,T03,33,3.3000000000000003,validation,synthetic_demo,0.28412409397346283,0.6060164474652918,0.26072682477118064,0.45688298877520067,52.27457514062632,24.098364122250224,extension,49.831583923104986,23.038530545008104
DEMO_020,T03,34,3.4000000000000004,validation,synthetic_demo,0.3204210197227212,0.5562569783660305,0.21629714620591328,0.4098706734105182,49.831583923104986,23.038530545008104,extension,47.50000000000001,22.054968283896024
DEMO_020,T03,35,3.5,validation,synthetic_demo,0.296815912791567,0.5567490854209732,0.2218708744196909,0.41992731356134694,47.50000000000001,22.054968283896024,extension,45.30536869268818,21.158453452870347
DEMO_020,T03,36,3.6,validation,synthetic_demo,0.30940256317836634,0.5212981484577571,0.21239807062483868,0.4436111676582684,45.30536869268818,21.158453452870347,extension,43.27173484102855,20.35880845602759
DEMO_020,T03,37,3.7,validation,synthetic_demo,0.32540021853186457,0.5356637103924922,0.25313068569775227,0.32543457926638947,43.27173484102855,20.35880845602759,extension,41.42137936306515,19.66479437128963
DEMO_020,T03,38,3.8000000000000003,validation,synthetic_demo,0.26818589072691623,0.546904289959195,0.22043175864967376,0.29006972284007904,41.42137936306515,19.66479437128963,extension,39.774575140626304,19.084014962200634
DEMO_020,T03,39,3.9000000000000004,validation,synthetic_demo,0.2847651135013337,0.5136709808439306,0.19735013871849535,0.33666437858155973,39.774575140626304,19.084014962200634,extension,38.34936490538904,18.6228333695025
DEMO_020,T03,40,4.0,validation,synthetic_demo,0.23717066421099767,0.418186537377591,0.2755100057586478,0.2913049778043491,38.34936490538904,18.6228333695025,extension,37.16136355893498,18.286302395233275
DEMO_020,T03,41,4.1000000000000005,validation,synthetic_demo,0.26917627834994057,0.3427581253329011,0.2114031550370041,0.27636596165756405,37.16136355893498,18.286302395233275,extension,36.22358709262116,18.078109143170686
DEMO_020,T03,42,4.2,validation,synthetic_demo,0.30838310379590045,0.29556057421754,0.2941983898865296,0.28320643823909114,36.22358709262116,18.078109143170686,extension,35.54630998165486,18.00053462215157
DEMO_020,T03,43,4.3,validation,synthetic_demo,0.26725909837517586,0.30767072203693147,0.2821001474520587,0.20244523901177586,35.54630998165486,18.00053462215157,hold,35.13695261579316,18.05442875486172
DEMO_020,T03,44,4.4,validation,synthetic_demo,0.3463033615486072,0.20726461802499302,0.21283846535448167,0.27311949690192217,35.13695261579316,18.05442875486172,hold,35.0,18.2392010659051
DEMO_020,T03,45,4.5,validation,synthetic_demo,0.26569027779688176,0.24580828608132177,0.27807571260876124,0.21054399583227318,35.0,18.2392010659051,hold,35.13695261579316,18.552827151175826
DEMO_020,T03,46,4.6000000000000005,validation,synthetic_demo,0.34926187928234226,0.2245780882188942,0.4258548050055364,0.19315068901732588,35.13695261579316,18.552827151175826,hold,35.54630998165486,18.991870857653183
DEMO_020,T03,47,4.7,validation,synthetic_demo,0.3575039341135041,0.23486646749483978,0.3767049317410586,0.21534241932847856,35.54630998165486,18.991870857653183,hold,36.223587092621166,19.55152193061322
DEMO_020,T03,48,4.800000000000001,validation,synthetic_demo,0.44912766978166896,0.27274852632131347,0.46958261542481333,0.22565723702702287,36.223587092621166,19.55152193061322,flexion,37.16136355893498,20.225648715786054
DEMO_020,T03,49,4.9,validation,synthetic_demo,0.4996142126381337,0.25748822464144605,0.44078955748506543,0.20311207704245532,37.16136355893498,20.225648715786054,flexion,38.34936490538904,21.006865339043237
DEMO_020,T03,50,5.0,validation,synthetic_demo,0.5819665710945141,0.24538241627971996,0.5085166813062655,0.2094719331510592,38.34936490538904,21.006865339043237,flexion,39.774575140626325,21.88661262758029
DEMO_020,T03,51,5.1000000000000005,validation,synthetic_demo,0.5571477621378088,0.16756703367054265,0.4136802964839954,0.23050867087518265,39.774575140626325,21.88661262758029,flexion,41.421379363065135,22.855251886005014
DEMO_020,T03,52,5.2,validation,synthetic_demo,0.6005673130661116,0.2514625083493271,0.505748134090073,0.22267556982968664,41.421379363065135,22.855251886005014,flexion,43.27173484102855,23.902170499901345
DEMO_020,T03,53,5.300000000000001,validation,synthetic_demo,0.6430042767531334,0.24063792996118552,0.5082448366943776,0.14369184979669264,43.27173484102855,23.902170499901345,flexion,45.30536869268816,25.01589820985361
DEMO_020,T03,54,5.4,validation,synthetic_demo,0.7597194461237362,0.17281993666340134,0.5205923894123934,0.1899096508955769,45.30536869268816,25.01589820985361,flexion,47.499999999999986,26.184232782009072
DEMO_020,T03,55,5.5,validation,synthetic_demo,0.7180861045254324,0.18778814509308667,0.47117310208548885,0.19175866862273763,47.499999999999986,26.184232782009072,flexion,49.831583923105,27.394373698305476
DEMO_020,T03,56,5.6000000000000005,validation,synthetic_demo,0.7624811557217059,0.25201576137277204,0.5261486490437637,0.23837416137605671,49.831583923105,27.394373698305476,flexion,52.27457514062633,28.633062401625605
DEMO_020,T03,57,5.7,validation,synthetic_demo,0.7374272636529952,0.18233771071590385,0.49786616186411725,0.2569675363833197,52.27457514062633,28.633062401625605,flexion,54.802207729556045,29.886727559323603
DEMO_020,T03,58,5.800000000000001,validation,synthetic_demo,0.8054963202829954,0.2117891149688217,0.4896916968194671,0.24486230405529041,54.802207729556045,29.886727559323603,flexion,57.38678841830866,31.141633753585417
DEMO_021,T01,0,0.0,validation,synthetic_demo,0.7922047441197437,0.25271737779257075,0.44574671819964606,0.26963868513130074,60.0,32.384031969540736,flexion,62.61321158169134,33.600310232347006
DEMO_021,T01,1,0.1,validation,synthetic_demo,0.816547973857896,0.19125669155213815,0.5057710247208137,0.282847770921776,62.61321158169134,33.600310232347006,flexion,65.19779227044398,34.77714274283433
DEMO_021,T01,2,0.2,validation,synthetic_demo,0.7915996879817775,0.1367484383257434,0.3918362979178372,0.2921788468011464,65.19779227044398,34.77714274283433,flexion,67.72542485937369,35.901635877749776
DEMO_021,T01,3,0.30000000000000004,validation,synthetic_demo,0.7846811852367461,0.16937855894391754,0.3992203168108105,0.26533021277212515,67.72542485937369,35.901635877749776,flexion,70.168416076895,36.96146945499189
DEMO_021,T01,4,0.4,validation,synthetic_demo,0.798656317429954,0.1641377245513075,0.4075999698822066,0.208700725539192,70.168416076895,36.96146945499189,flexion,72.5,37.945031716103976
DEMO_021,T01,5,0.5,validation,synthetic_demo,0.7586290129597067,0.1441358108616187,0.4094159652028179,0.26158861253670435,72.5,37.945031716103976,flexion,74.69463130731182,38.84154654712965
DEMO_021,T01,6,0.6000000000000001,validation,synthetic_demo,0.7698045888046552,0.1587303297194281,0.3631502006606688,0.29347149288710817,74.69463130731182,38.84154654712965,flexion,76.72826515897145,39.64119154397241
DEMO_021,T01,7,0.7000000000000001,validation,synthetic_demo,0.7045207074207068,0.1930660768912984,0.40051186249328546,0.29178557585115394,76.72826515897145,39.64119154397241,flexion,78.57862063693486,40.33520562871037
DEMO_021,T01,8,0.8,validation,synthetic_demo,0.6370633084917894,0.17625068917583628,0.39733533645605357,0.2542148042819868,78.57862063693486,40.33520562871037,flexion,80.22542485937369,40.91598503779936
DEMO_021,T01,9,0.9,validation,synthetic_demo,0.6027678067482203,0.16427085139413283,0.39101255333531487,0.3312129479328932,80.22542485937369,40.91598503779936,flexion,81.65063509461096,41.3771666304975
DEMO_021,T01,10,1.0,validation,synthetic_demo,0.5589866306164024,0.1766731672192331,0.36210070867769273,0.24311937848361215,81.65063509461096,41.3771666304975,flexion,82.83863644106502,41.71369760476672
DEMO_021,T01,11,1.1,validation,synthetic_demo,0.5216741896265624,0.22064924021924381,0.29484513709020155,0.29431677395853334,82.83863644106502,41.71369760476672,flexion,83.77641290737884,41.921890856829314
DEMO_021,T01,12,1.2000000000000002,validation,synthetic_demo,0.49457298548348544,0.12371786313017441,0.19618066444639665,0.2661216831093989,83.77641290737884,41.921890856829314,flexion,84.45369001834514,41.99946537784843
DEMO_021,T01,13,1.3,validation,synthetic_demo,0.3581984674686472,0.2019774201335201,0.20835304157910248,0.25013573607446243,84.45369001834514,41.99946537784843,hold,84.86304738420684,41.94557124513828
DEMO_021,T01,14,1.4000000000000001,validation,synthetic_demo,0.38578038283697536,0.18570680266466055,0.2078545530762957,0.34522695994233676,84.86304738420684,41.94557124513828,hold,85.0,41.7607989340949
DEMO_021,T01,15,1.5,validation,synthetic_demo,0.2570321521358239,0.19098121664090817,0.2650508963913568,0.390477642280639,85.0,41.7607989340949,hold,84.86304738420684,41.44717284882418
DEMO_021,T01,16,1.6,validation,synthetic_demo,0.2993674460394446,0.22479850145648825,0.25338584822313603,0.34444455915486427,84.86304738420684,41.44717284882418,hold,84.45369001834514,41.00812914234682
DEMO_021,T01,17,1.7000000000000002,validation,synthetic_demo,0.3237816461071721,0.3341666907588069,0.2491200901809063,0.4193656202083767,84.45369001834514,41.00812914234682,hold,83.77641290737884,40.44847806938679
DEMO_021,T01,18,1.8,validation,synthetic_demo,0.2990112514375185,0.29025969874594015,0.21518004537742347,0.3997976119222577,83.77641290737884,40.44847806938679,extension,82.83863644106502,39.77435128421395
DEMO_021,T01,19,1.9000000000000001,validation,synthetic_demo,0.2889539836255903,0.31257082617457976,0.17873093109909988,0.5076524152384506,82.83863644106502,39.77435128421395,extension,81.65063509461098,38.99313466095676
DEMO_021,T01,20,2.0,validation,synthetic_demo,0.2817989557669744,0.4468510627883015,0.28239391539433695,0.4368379437561678,81.65063509461098,38.99313466095676,extension,80.22542485937369,38.113387372419716
DEMO_021,T01,21,2.1,validation,synthetic_demo,0.35024117659271137,0.36941774565380014,0.2228582476946493,0.5010121731159495,80.22542485937369,38.113387372419716,extension,78.57862063693486,37.14474811399498
DEMO_021,T01,22,2.2,validation,synthetic_demo,0.25911252945323937,0.39753912854742834,0.22397560187740984,0.49117829221013926,78.57862063693486,37.14474811399498,extension,76.72826515897145,36.097829500098655
DEMO_021,T01,23,2.3000000000000003,validation,synthetic_demo,0.3266875075301371,0.44765746486020647,0.310116389102261,0.46821702544236143,76.72826515897145,36.097829500098655,extension,74.69463130731182,34.98410179014638
DEMO_021,T01,24,2.4000000000000004,validation,synthetic_demo,0.30914014284697305,0.5274052169425885,0.26562262722388774,0.5163693175013814,74.69463130731182,34.98410179014638,extension,72.5,33.815767217990924
DEMO_021,T01,25,2.5,validation,synthetic_demo,0.2718144726067419,0.516499982797119,0.2757811620575373,0.5003877114091829,72.5,33.815767217990924,extension,70.16841607689501,32.60562630169453
DEMO_021,T01,26,2.6,validation,synthetic_demo,0.2811355128631132,0.5933578334838425,0.22996490246295925,0.5728760676003276,70.16841607689501,32.60562630169453,extension,67.72542485937369,31.366937598374406
DEMO_021,T01,27,2.7,validation,synthetic_demo,0.27048149600708143,0.5537382054309425,0.28955806508243676,0.5515799794135883,67.72542485937369,31.366937598374406,extension,65.19779227044398,30.11327244067641
DEMO_021,T01,28,2.8000000000000003,validation,synthetic_demo,0.2798724945276642,0.6154511474017977,0.20282336656126662,0.5721471196685523,65.19779227044398,30.11327244067641,extension,62.613211581691324,28.85836624641458
DEMO_021,T01,29,2.9000000000000004,validation,synthetic_demo,0.2771675799520522,0.49777876597841453,0.21390097038975928,0.5324236196549046,62.613211581691324,28.85836624641458,extension,60.0,27.615968030459264
DEMO_021,T01,30,3.0,validation,synthetic_demo,0.264634795018446,0.502065313568825,0.21517583268209434,0.5588531133779566,60.0,27.615968030459264,extension,57.38678841830866,26.39968976765299
DEMO_021,T01,31,3.1,validation,synthetic_demo,0.3092846006695813,0.5713840794936453,0.18973393786263798,0.5387988926660794,57.38678841830866,26.39968976765299,extension,54.802207729556024,25.22285725716567
DEMO_021,T01,32,3.2,validation,synthetic_demo,0.26583110483808303,0.5441933920397313,0.2529445261413365,0.5522066680043702,54.802207729556024,25.22285725716567,extension,52.27457514062632,24.098364122250224
DEMO_021,T01,33,3.3000000000000003,validation,synthetic_demo,0.27147870705644045,0.519986145196531,0.16654593415677377,0.5295246934717246,52.27457514062632,24.098364122250224,extension,49.831583923104986,23.038530545008104
DEMO_021,T01,34,3.4000000000000004,validation,synthetic_demo,0.28133671971754187,0.5202094955562552,0.2583029786506168,0.5340922248020389,49.831583923104986,23.038530545008104,extension,47.50000000000001,22.054968283896024
DEMO_021,T01,35,3.5,validation,synthetic_demo,0.3146976751689568,0.5352871291866562,0.18001651410268515,0.48681918078313824,47.50000000000001,22.054968283896024,extension,45.30536869268818,21.158453452870347
DEMO_021,T01,36,3.6,validation,synthetic_demo,0.35493104585167756,0.5167478225078206,0.24029541062410742,0.42779914654082885,45.30536869268818,21.158453452870347,extension,43.27173484102855,20.35880845602759
DEMO_021,T01,37,3.7,validation,synthetic_demo,0.3404715346949839,0.47838169428679,0.2401879606328999,0.4163638530777614,43.27173484102855,20.35880845602759,extension,41.42137936306515,19.66479437128963
DEMO_021,T01,38,3.8000000000000003,validation,synthetic_demo,0.2833516428868449,0.4294823267610675,0.20761315461584678,0.39455944753831296,41.42137936306515,19.66479437128963,extension,39.774575140626304,19.084014962200634
DEMO_021,T01,39,3.9000000000000004,validation,synthetic_demo,0.2672354737185217,0.4560604734030676,0.2128284543917579,0.45719922911489624,39.774575140626304,19.084014962200634,extension,38.34936490538904,18.6228333695025
DEMO_021,T01,40,4.0,validation,synthetic_demo,0.28288151873617706,0.4015778208769507,0.27694161400463746,0.3820900895285027,38.34936490538904,18.6228333695025,extension,37.16136355893498,18.286302395233275
DEMO_021,T01,41,4.1000000000000005,validation,synthetic_demo,0.32518420448531754,0.32687314361052777,0.25880601428051164,0.35706312766672454,37.16136355893498,18.286302395233275,extension,36.22358709262116,18.078109143170686
DEMO_021,T01,42,4.2,validation,synthetic_demo,0.26767057620306567,0.4172981308387841,0.22194172817423577,0.3503842661128794,36.22358709262116,18.078109143170686,extension,35.54630998165486,18.00053462215157
DEMO_021,T01,43,4.3,validation,synthetic_demo,0.31671929128727627,0.294181253534436,0.20714143987695266,0.2603241136132421,35.54630998165486,18.00053462215157,hold,35.13695261579316,18.05442875486172
DEMO_021,T01,44,4.4,validation,synthetic_demo,0.28384827996264783,0.19827918183109042,0.23023556957408206,0.249830159043005,35.13695261579316,18.05442875486172,hold,35.0,18.2392010659051
DEMO_021,T01,45,4.5,validation,synthetic_demo,0.24746187712669962,0.20920408588709302,0.2509964701820059,0.3063654172537763,35.0,18.2392010659051,hold,35.13695261579316,18.552827151175826
DEMO_021,T01,46,4.6000000000000005,validation,synthetic_demo,0.37485280734000614,0.13587766121481,0.3829887807768704,0.2991861386493423,35.13695261579316,18.552827151175826,hold,35.54630998165486,18.991870857653183
DEMO_021,T01,47,4.7,validation,synthetic_demo,0.4463816485389299,0.23024306005361783,0.3191348889686671,0.25514237314358085,35.54630998165486,18.991870857653183,hold,36.223587092621166,19.55152193061322
DEMO_021,T01,48,4.800000000000001,validation,synthetic_demo,0.4151982789615568,0.17688580496866896,0.40088875776828053,0.26787416188182184,36.223587092621166,19.55152193061322,flexion,37.16136355893498,20.225648715786054
DEMO_021,T01,49,4.9,validation,synthetic_demo,0.5175157319699523,0.16364690554801653,0.35150082166964913,0.3104013606814117,37.16136355893498,20.225648715786054,flexion,38.34936490538904,21.006865339043237
DEMO_021,T01,50,5.0,validation,synthetic_demo,0.6067626204552846,0.25808358048974656,0.37737112230514486,0.2996843109792487,38.34936490538904,21.006865339043237,flexion,39.774575140626325,21.88661262758029
DEMO_021,T01,51,5.1000000000000005,validation,synthetic_demo,0.5383558164745637,0.23519733439337176,0.39900321818778145,0.2882495176818589,39.774575140626325,21.88661262758029,flexion,41.421379363065135,22.855251886005014
DEMO_021,T01,52,5.2,validation,synthetic_demo,0.559190140284516,0.1999857890925613,0.41202217400063873,0.2644212893487583,41.421379363065135,22.855251886005014,flexion,43.27173484102855,23.902170499901345
DEMO_021,T01,53,5.300000000000001,validation,synthetic_demo,0.7062980414226614,0.25662246379658155,0.41182569085722576,0.27312000267015374,43.27173484102855,23.902170499901345,flexion,45.30536869268816,25.01589820985361
DEMO_021,T01,54,5.4,validation,synthetic_demo,0.7094773077635248,0.20509382018697545,0.4543220663207792,0.23195460242039084,45.30536869268816,25.01589820985361,flexion,47.499999999999986,26.184232782009072
DEMO_021,T01,55,5.5,validation,synthetic_demo,0.7283694032216895,0.2347622919316301,0.41552663094008124,0.31919493858935977,47.499999999999986,26.184232782009072,flexion,49.831583923105,27.394373698305476
DEMO_021,T01,56,5.6000000000000005,validation,synthetic_demo,0.7564656698887352,0.1881254612356337,0.4457330512018394,0.2898346024606773,49.831583923105,27.394373698305476,flexion,52.27457514062633,28.633062401625605
DEMO_021,T01,57,5.7,validation,synthetic_demo,0.7760226765907298,0.16956990307497571,0.4535924259652959,0.30647669693307256,52.27457514062633,28.633062401625605,flexion,54.802207729556045,29.886727559323603
DEMO_021,T01,58,5.800000000000001,validation,synthetic_demo,0.8234431964682379,0.15290595028965848,0.4582235685050503,0.2983574592804835,54.802207729556045,29.886727559323603,flexion,57.38678841830866,31.141633753585417
DEMO_021,T02,0,0.0,validation,synthetic_demo,0.7665006999493911,0.2826484811779483,0.45109909797922587,0.2674239920402462,60.0,32.384031969540736,flexion,62.61321158169134,33.600310232347006
DEMO_021,T02,1,0.1,validation,synthetic_demo,0.8218696392489848,0.18713098905839365,0.4561852898929842,0.25965778874100875,62.61321158169134,33.600310232347006,flexion,65.19779227044398,34.77714274283433
DEMO_021,T02,2,0.2,validation,synthetic_demo,0.8164093422367146,0.20244211369142553,0.4728372738746712,0.31225797553338247,65.19779227044398,34.77714274283433,flexion,67.72542485937369,35.901635877749776
DEMO_021,T02,3,0.30000000000000004,validation,synthetic_demo,0.8127980413657322,0.1770681285110622,0.4189050719389863,0.2818456238525038,67.72542485937369,35.901635877749776,flexion,70.168416076895,36.96146945499189
DEMO_021,T02,4,0.4,validation,synthetic_demo,0.7517998113794145,0.2457702578015404,0.4254714378931463,0.30935884741545217,70.168416076895,36.96146945499189,flexion,72.5,37.945031716103976
DEMO_021,T02,5,0.5,validation,synthetic_demo,0.7296388963548912,0.20748690056761987,0.4186707929812124,0.2258989467172506,72.5,37.945031716103976,flexion,74.69463130731182,38.84154654712965
DEMO_021,T02,6,0.6000000000000001,validation,synthetic_demo,0.7490867311246951,0.18382048599323816,0.36796086592151883,0.24150667594549094,74.69463130731182,38.84154654712965,flexion,76.72826515897145,39.64119154397241
DEMO_021,T02,7,0.7000000000000001,validation,synthetic_demo,0.6541670315277637,0.1709728756396619,0.3425536628493805,0.30910420758347873,76.72826515897145,39.64119154397241,flexion,78.57862063693486,40.33520562871037
DEMO_021,T02,8,0.8,validation,synthetic_demo,0.6175764229875272,0.20137237317400578,0.3468764129874771,0.32974800797142023,78.57862063693486,40.33520562871037,flexion,80.22542485937369,40.91598503779936
DEMO_021,T02,9,0.9,validation,synthetic_demo,0.5976978270774479,0.2370851883522772,0.2799076198223488,0.2598603895324251,80.22542485937369,40.91598503779936,flexion,81.65063509461096,41.3771666304975
DEMO_021,T02,10,1.0,validation,synthetic_demo,0.5451801003230976,0.2083319081425432,0.2847877956776611,0.22937676026379852,81.65063509461096,41.3771666304975,flexion,82.83863644106502,41.71369760476672
DEMO_021,T02,11,1.1,validation,synthetic_demo,0.5181321999813313,0.19722568842508229,0.34230110284926496,0.3430254544652936,82.83863644106502,41.71369760476672,flexion,83.77641290737884,41.921890856829314
DEMO_021,T02,12,1.2000000000000002,validation,synthetic_demo,0.46683640605693466,0.21110409694545942,0.28912473040858555,0.26004066183511054,83.77641290737884,41.921890856829314,flexion,84.45369001834514,41.99946537784843
DEMO_021,T02,13,1.3,validation,synthetic_demo,0.3750592011823489,0.1863240662443903,0.2405798049833239,0.2862530161915702,84.45369001834514,41.99946537784843,hold,84.86304738420684,41.94557124513828
DEMO_021,T02,14,1.4000000000000001,validation,synthetic_demo,0.362232393091625,0.225231199807127,0.17088325751871608,0.3009698993538556,84.86304738420684,41.94557124513828,hold,85.0,41.7607989340949
DEMO_021,T02,15,1.5,validation,synthetic_demo,0.3253078784878332,0.15828371317632456,0.19572488645555663,0.32871865913189663,85.0,41.7607989340949,hold,84.86304738420684,41.44717284882418
DEMO_021,T02,16,1.6,validation,synthetic_demo,0.2446304723191476,0.19906765920382874,0.19786379368772156,0.36611946772123827,84.86304738420684,41.44717284882418,hold,84.45369001834514,41.00812914234682
DEMO_021,T02,17,1.7000000000000002,validation,synthetic_demo,0.28156293134946153,0.301575961544876,0.18329442127679174,0.3828425852664975,84.45369001834514,41.00812914234682,hold,83.77641290737884,40.44847806938679
DEMO_021,T02,18,1.8,validation,synthetic_demo,0.22371447517999868,0.3173366916546194,0.20702894520499449,0.418908803841243,83.77641290737884,40.44847806938679,extension,82.83863644106502,39.77435128421395
DEMO_021,T02,19,1.9000000000000001,validation,synthetic_demo,0.3308570366765117,0.40510849539374827,0.17197738009780394,0.4132144967579399,82.83863644106502,39.77435128421395,extension,81.65063509461098,38.99313466095676
DEMO_021,T02,20,2.0,validation,synthetic_demo,0.29916214099922767,0.3570102147787488,0.258816756044484,0.4688189595877617,81.65063509461098,38.99313466095676,extension,80.22542485937369,38.113387372419716
DEMO_021,T02,21,2.1,validation,synthetic_demo,0.3000732500936484,0.417047217581923,0.2926239042383436,0.5283571939648076,80.22542485937369,38.113387372419716,extension,78.57862063693486,37.14474811399498
DEMO_021,T02,22,2.2,validation,synthetic_demo,0.2848442762963316,0.45555612113774085,0.20017574270678884,0.4829686435442038,78.57862063693486,37.14474811399498,extension,76.72826515897145,36.097829500098655
DEMO_021,T02,23,2.3000000000000003,validation,synthetic_demo,0.29010949208388664,0.4769305713155384,0.19112965516266542,0.505048471373681,76.72826515897145,36.097829500098655,extension,74.69463130731182,34.98410179014638
DEMO_021,T02,24,2.4000000000000004,validation,synthetic_demo,0.2609152066782282,0.4899692681253662,0.1916400260193546,0.5883455059580306,74.69463130731182,34.98410179014638,extension,72.5,33.815767217990924
DEMO_021,T02,25,2.5,validation,synthetic_demo,0.21210362279123968,0.5405111884585,0.27751013948221304,0.6247618237444496,72.5,33.815767217990924,extension,70.16841607689501,32.60562630169453
DEMO_021,T02,26,2.6,validation,synthetic_demo,0.28761371562554394,0.5135383279948386,0.24532727293749312,0.5932185835414459,70.16841607689501,32.60562630169453,extension,67.72542485937369,31.366937598374406
DEMO_021,T02,27,2.7,validation,synthetic_demo,0.2794633728562624,0.5599192541526034,0.24010447706650756,0.5368066108211778,67.72542485937369,31.366937598374406,extension,65.19779227044398,30.11327244067641
DEMO_021,T02,28,2.8000000000000003,validation,synthetic_demo,0.3477389264425196,0.5609413675851185,0.28755399827463635,0.5825761841761479,65.19779227044398,30.11327244067641,extension,62.613211581691324,28.85836624641458
DEMO_021,T02,29,2.9000000000000004,validation,synthetic_demo,0.2952728735429342,0.5166269290298093,0.2348761295983269,0.5092170346912729,62.613211581691324,28.85836624641458,extension,60.0,27.615968030459264
DEMO_021,T02,30,3.0,validation,synthetic_demo,0.2965600067185583,0.6168837304630621,0.269040945949696,0.5186459098652669,60.0,27.615968030459264,extension,57.38678841830866,26.39968976765299
DEMO_021,T02,31,3.1,validation,synthetic_demo,0.3524575646361613,0.4936564957052218,0.2180556497279439,0.5337212097450627,57.38678841830866,26.39968976765299,extension,54.802207729556024,25.22285725716567
DEMO_021,T02,32,3.2,validation,synthetic_demo,0.3282201675025328,0.4991933575257601,0.2620652208900502,0.5359401339860635,54.802207729556024,25.22285725716567,extension,52.27457514062632,24.098364122250224
DEMO_021,T02,33,3.3000000000000003,validation,synthetic_demo,0.32676066224812217,0.5766247727075617,0.23459462535349937,0.4901158054941437,52.27457514062632,24.098364122250224,extension,49.831583923104986,23.038530545008104
DEMO_021,T02,34,3.4000000000000004,validation,synthetic_demo,0.28746418226224585,0.5760407211276284,0.19353183536307966,0.4860496552951829,49.831583923104986,23.038530545008104,extension,47.50000000000001,22.054968283896024
DEMO_021,T02,35,3.5,validation,synthetic_demo,0.2897893158502874,0.6027909412924202,0.1650439771806252,0.5102328419614068,47.50000000000001,22.054968283896024,extension,45.30536869268818,21.158453452870347
DEMO_021,T02,36,3.6,validation,synthetic_demo,0.2941508584301459,0.5631786411154105,0.2651090816541356,0.47909908293804393,45.30536869268818,21.158453452870347,extension,43.27173484102855,20.35880845602759
DEMO_021,T02,37,3.7,validation,synthetic_demo,0.2950986078797702,0.4903320940168485,0.21453068559154498,0.4732779838422918,43.27173484102855,20.35880845602759,extension,41.42137936306515,19.66479437128963
DEMO_021,T02,38,3.8000000000000003,validation,synthetic_demo,0.2994591811418509,0.40061441647906415,0.22446731419836055,0.48009933865668436,41.42137936306515,19.66479437128963,extension,39.774575140626304,19.084014962200634
DEMO_021,T02,39,3.9000000000000004,validation,synthetic_demo,0.30175710975329534,0.44798980308778247,0.26754382014686795,0.4039857800126256,39.774575140626304,19.084014962200634,extension,38.34936490538904,18.6228333695025
DEMO_021,T02,40,4.0,validation,synthetic_demo,0.2733610220093332,0.37623635910776954,0.24480677578773835,0.37609502880973783,38.34936490538904,18.6228333695025,extension,37.16136355893498,18.286302395233275
DEMO_021,T02,41,4.1000000000000005,validation,synthetic_demo,0.3107528854145892,0.39435135001714394,0.24994769072019604,0.3852601291882533,37.16136355893498,18.286302395233275,extension,36.22358709262116,18.078109143170686
DEMO_021,T02,42,4.2,validation,synthetic_demo,0.2495140574651756,0.3804768219446018,0.23526656089511355,0.3219037320554169,36.22358709262116,18.078109143170686,extension,35.54630998165486,18.00053462215157
DEMO_021,T02,43,4.3,validation,synthetic_demo,0.3154163633899443,0.32186609288068824,0.247431894072181,0.2893078069314587,35.54630998165486,18.00053462215157,hold,35.13695261579316,18.05442875486172
DEMO_021,T02,44,4.4,validation,synthetic_demo,0.2836333534685034,0.3001373034373467,0.25039544178043177,0.2823562136873125,35.13695261579316,18.05442875486172,hold,35.0,18.2392010659051
DEMO_021,T02,45,4.5,validation,synthetic_demo,0.2438871693478568,0.19920176778018864,0.32741326494476275,0.27267092415557176,35.0,18.2392010659051,hold,35.13695261579316,18.552827151175826
DEMO_021,T02,46,4.6000000000000005,validation,synthetic_demo,0.3524305058710956,0.19927535992359788,0.3020453022164867,0.28851103294936215,35.13695261579316,18.552827151175826,hold,35.54630998165486,18.991870857653183
DEMO_021,T02,47,4.7,validation,synthetic_demo,0.3563547215677244,0.21326252817471983,0.40286551648524893,0.26722552879991807,35.54630998165486,18.991870857653183,hold,36.223587092621166,19.55152193061322
DEMO_021,T02,48,4.800000000000001,validation,synthetic_demo,0.4318614899702002,0.1352019532890222,0.2739447133291398,0.25847277351226017,36.223587092621166,19.55152193061322,flexion,37.16136355893498,20.225648715786054
DEMO_021,T02,49,4.9,validation,synthetic_demo,0.5215087842358337,0.1681030152630042,0.33450132279420197,0.28051843498356616,37.16136355893498,20.225648715786054,flexion,38.34936490538904,21.006865339043237
DEMO_021,T02,50,5.0,validation,synthetic_demo,0.6029121742200341,0.18119146895900087,0.3437437891987856,0.29274102108506145,38.34936490538904,21.006865339043237,flexion,39.774575140626325,21.88661262758029
DEMO_021,T02,51,5.1000000000000005,validation,synthetic_demo,0.5733316679196648,0.23867271540452595,0.43617127784293097,0.26645144680660926,39.774575140626325,21.88661262758029,flexion,41.421379363065135,22.855251886005014
DEMO_021,T02,52,5.2,validation,synthetic_demo,0.6854813804629049,0.2709725419224477,0.43926338524269426,0.2169966052106936,41.421379363065135,22.855251886005014,flexion,43.27173484102855,23.902170499901345
DEMO_021,T02,53,5.300000000000001,validation,synthetic_demo,0.627041596569519,0.2218357682961026,0.49970925743477945,0.27123223169645505,43.27173484102855,23.902170499901345,flexion,45.30536869268816,25.01589820985361
DEMO_021,T02,54,5.4,validation,synthetic_demo,0.6992305173973654,0.24123448985750842,0.49118488580446895,0.3048871294992834,45.30536869268816,25.01589820985361,flexion,47.499999999999986,26.184232782009072
DEMO_021,T02,55,5.5,validation,synthetic_demo,0.7587264003802863,0.2058580307171142,0.402328575371686,0.2715343866153622,47.499999999999986,26.184232782009072,flexion,49.831583923105,27.394373698305476
DEMO_021,T02,56,5.6000000000000005,validation,synthetic_demo,0.7983777555708726,0.27095009107185747,0.41884836299587674,0.2380810025462554,49.831583923105,27.394373698305476,flexion,52.27457514062633,28.633062401625605
DEMO_021,T02,57,5.7,validation,synthetic_demo,0.8127924728868204,0.20868515591160886,0.4361937173614454,0.34874127845049974,52.27457514062633,28.633062401625605,flexion,54.802207729556045,29.886727559323603
DEMO_021,T02,58,5.800000000000001,validation,synthetic_demo,0.7610180067104214,0.21895682985299142,0.4920082874209195,0.3276165306133656,54.802207729556045,29.886727559323603,flexion,57.38678841830866,31.141633753585417
DEMO_021,T03,0,0.0,validation,synthetic_demo,0.8028515823168412,0.19817128095748654,0.5074634661752975,0.3062083363542184,60.0,32.384031969540736,flexion,62.61321158169134,33.600310232347006
DEMO_021,T03,1,0.1,validation,synthetic_demo,0.7950817791334486,0.19134813682074978,0.45285411653138524,0.234566392207697,62.61321158169134,33.600310232347006,flexion,65.19779227044398,34.77714274283433
DEMO_021,T03,2,0.2,validation,synthetic_demo,0.7773247000439466,0.24361544988330547,0.4675197512796994,0.30205407017125285,65.19779227044398,34.77714274283433,flexion,67.72542485937369,35.901635877749776
DEMO_021,T03,3,0.30000000000000004,validation,synthetic_demo,0.7499938634515276,0.2235788789466052,0.4401956412331906,0.27170132548554715,67.72542485937369,35.901635877749776,flexion,70.168416076895,36.96146945499189
DEMO_021,T03,4,0.4,validation,synthetic_demo,0.7722268134235692,0.20062372761277106,0.40374697917261293,0.3523923707959282,70.168416076895,36.96146945499189,flexion,72.5,37.945031716103976
DEMO_021,T03,5,0.5,validation,synthetic_demo,0.7256302921854295,0.21990296818118124,0.33451358892838734,0.3435991242428209,72.5,37.945031716103976,flexion,74.69463130731182,38.84154654712965
DEMO_021,T03,6,0.6000000000000001,validation,synthetic_demo,0.6970260077620792,0.14952495919588993,0.3598384559803095,0.2706648715299359,74.69463130731182,38.84154654712965,flexion,76.72826515897145,39.64119154397241
DEMO_021,T03,7,0.7000000000000001,validation,synthetic_demo,0.6795061762424113,0.19784067027012187,0.3604937537132953,0.276520750470691,76.72826515897145,39.64119154397241,flexion,78.57862063693486,40.33520562871037
DEMO_021,T03,8,0.8,validation,synthetic_demo,0.6995819062056041,0.21311500500793895,0.31977497771219904,0.23518972647266295,78.57862063693486,40.33520562871037,flexion,80.22542485937369,40.91598503779936
DEMO_021,T03,9,0.9,validation,synthetic_demo,0.6217030396438111,0.1912308736792085,0.33592876516646814,0.27996572272353243,80.22542485937369,40.91598503779936,flexion,81.65063509461096,41.3771666304975
DEMO_021,T03,10,1.0,validation,synthetic_demo,0.5544426643108996,0.2247368207360162,0.3572955314542694,0.32449358115529436,81.65063509461096,41.3771666304975,flexion,82.83863644106502,41.71369760476672
DEMO_021,T03,11,1.1,validation,synthetic_demo,0.5226008986613975,0.20564842773786018,0.3256549603749238,0.2897191784233215,82.83863644106502,41.71369760476672,flexion,83.77641290737884,41.921890856829314
DEMO_021,T03,12,1.2000000000000002,validation,synthetic_demo,0.46472705051919844,0.180571479446958,0.2657987272027251,0.2769227316096245,83.77641290737884,41.921890856829314,flexion,84.45369001834514,41.99946537784843
DEMO_021,T03,13,1.3,validation,synthetic_demo,0.5048122277199774,0.1804495389424077,0.21334381109252407,0.20056769868615698,84.45369001834514,41.99946537784843,hold,84.86304738420684,41.94557124513828
DEMO_021,T03,14,1.4000000000000001,validation,synthetic_demo,0.35500189875815297,0.19253134351481904,0.25696608199633225,0.30750954176588924,84.86304738420684,41.94557124513828,hold,85.0,41.7607989340949
DEMO_021,T03,15,1.5,validation,synthetic_demo,0.3177815824358762,0.13566751851327993,0.24459933883523108,0.3712286798226823,85.0,41.7607989340949,hold,84.86304738420684,41.44717284882418
DEMO_021,T03,16,1.6,validation,synthetic_demo,0.27283201560107606,0.25768451095845074,0.24328924110781847,0.3853900969284395,84.86304738420684,41.44717284882418,hold,84.45369001834514,41.00812914234682
DEMO_021,T03,17,1.7000000000000002,validation,synthetic_demo,0.2700188187354879,0.28011629217067313,0.1596468899009456,0.3588270615724451,84.45369001834514,41.00812914234682,hold,83.77641290737884,40.44847806938679
DEMO_021,T03,18,1.8,validation,synthetic_demo,0.321544945257718,0.2834440957901218,0.31002127174887883,0.42548459814185274,83.77641290737884,40.44847806938679,extension,82.83863644106502,39.77435128421395
DEMO_021,T03,19,1.9000000000000001,validation,synthetic_demo,0.2728970117852907,0.39043447629073325,0.21183802476386274,0.4273102404447221,82.83863644106502,39.77435128421395,extension,81.65063509461098,38.99313466095676
DEMO_021,T03,20,2.0,validation,synthetic_demo,0.30274244378637616,0.3591112019146531,0.19764619674257083,0.46962184428394704,81.65063509461098,38.99313466095676,extension,80.22542485937369,38.113387372419716
DEMO_021,T03,21,2.1,validation,synthetic_demo,0.3312378317511086,0.40414390795187116,0.21709380018327415,0.4717981408208382,80.22542485937369,38.113387372419716,extension,78.57862063693486,37.14474811399498
DEMO_021,T03,22,2.2,validation,synthetic_demo,0.32762994222300273,0.46766898521526457,0.22902071643528002,0.5421478899728546,78.57862063693486,37.14474811399498,extension,76.72826515897145,36.097829500098655
DEMO_021,T03,23,2.3000000000000003,validation,synthetic_demo,0.3163491751885255,0.4327627928468166,0.24552871045975733,0.5224108980869269,76.72826515897145,36.097829500098655,extension,74.69463130731182,34.98410179014638
DEMO_021,T03,24,2.4000000000000004,validation,synthetic_demo,0.2304109921182707,0.45134388263825875,0.31866177010816843,0.5489391465092059,74.69463130731182,34.98410179014638,extension,72.5,33.815767217990924
DEMO_021,T03,25,2.5,validation,synthetic_demo,0.3106151230290412,0.5346934147342297,0.25704290846640127,0.5414428886019371,72.5,33.815767217990924,extension,70.16841607689501,32.60562630169453
DEMO_021,T03,26,2.6,validation,synthetic_demo,0.30876452088029804,0.5301448460145161,0.23304553809739,0.5603215646654541,70.16841607689501,32.60562630169453,extension,67.72542485937369,31.366937598374406
DEMO_021,T03,27,2.7,validation,synthetic_demo,0.3141396995779061,0.525548258363129,0.15516166900716316,0.5684974791605153,67.72542485937369,31.366937598374406,extension,65.19779227044398,30.11327244067641
DEMO_021,T03,28,2.8000000000000003,validation,synthetic_demo,0.3163862167100451,0.5449901899177416,0.2014421133068035,0.570095555673112,65.19779227044398,30.11327244067641,extension,62.613211581691324,28.85836624641458
DEMO_021,T03,29,2.9000000000000004,validation,synthetic_demo,0.23475527509223548,0.5875218551410976,0.2969963734278499,0.5255109871991889,62.613211581691324,28.85836624641458,extension,60.0,27.615968030459264
DEMO_021,T03,30,3.0,validation,synthetic_demo,0.2680012554181154,0.5742940968114046,0.22116489557645344,0.5103588206052784,60.0,27.615968030459264,extension,57.38678841830866,26.39968976765299
DEMO_021,T03,31,3.1,validation,synthetic_demo,0.22107111550563951,0.5631888027640136,0.28637830928555247,0.5977763897419048,57.38678841830866,26.39968976765299,extension,54.802207729556024,25.22285725716567
DEMO_021,T03,32,3.2,validation,synthetic_demo,0.30734451062362594,0.4894282959240138,0.1587432695941241,0.5515969249020563,54.802207729556024,25.22285725716567,extension,52.27457514062632,24.098364122250224
DEMO_021,T03,33,3.3000000000000003,validation,synthetic_demo,0.2582706030391469,0.5387114948389682,0.24567508886884828,0.5589890688287067,52.27457514062632,24.098364122250224,extension,49.831583923104986,23.038530545008104
DEMO_021,T03,34,3.4000000000000004,validation,synthetic_demo,0.26585172505062094,0.5633954631659761,0.1751429076636259,0.5147936502549475,49.831583923104986,23.038530545008104,extension,47.50000000000001,22.054968283896024
DEMO_021,T03,35,3.5,validation,synthetic_demo,0.3010722760517435,0.5180573362085498,0.2507105931577045,0.46000754584044035,47.50000000000001,22.054968283896024,extension,45.30536869268818,21.158453452870347
DEMO_021,T03,36,3.6,validation,synthetic_demo,0.29724813735150135,0.4752219710542785,0.19906052994845336,0.41705114231178464,45.30536869268818,21.158453452870347,extension,43.27173484102855,20.35880845602759
DEMO_021,T03,37,3.7,validation,synthetic_demo,0.3053495923900379,0.46989707131745917,0.22785876764275007,0.39883474613768366,43.27173484102855,20.35880845602759,extension,41.42137936306515,19.66479437128963
DEMO_021,T03,38,3.8000000000000003,validation,synthetic_demo,0.2980874061300581,0.4748205345261976,0.24678712075263734,0.457481998643835,41.42137936306515,19.66479437128963,extension,39.774575140626304,19.084014962200634
DEMO_021,T03,39,3.9000000000000004,validation,synthetic_demo,0.2843297922667131,0.39841610394986793,0.23214935356266667,0.43340531283319794,39.774575140626304,19.084014962200634,extension,38.34936490538904,18.6228333695025
DEMO_021,T03,40,4.0,validation,synthetic_demo,0.28272847016583813,0.29448198275233023,0.24977481966397544,0.36522495532993343,38.34936490538904,18.6228333695025,extension,37.16136355893498,18.286302395233275
DEMO_021,T03,41,4.1000000000000005,validation,synthetic_demo,0.2915186512839422,0.39389309035300174,0.22682905258081965,0.31849093086894387,37.16136355893498,18.286302395233275,extension,36.22358709262116,18.078109143170686
DEMO_021,T03,42,4.2,validation,synthetic_demo,0.24921699116231932,0.3448947968771997,0.30104963963914433,0.31412884646506795,36.22358709262116,18.078109143170686,extension,35.54630998165486,18.00053462215157
DEMO_021,T03,43,4.3,validation,synthetic_demo,0.22106622288219896,0.30461268116722034,0.21313730129140182,0.2872264335942647,35.54630998165486,18.00053462215157,hold,35.13695261579316,18.05442875486172
DEMO_021,T03,44,4.4,validation,synthetic_demo,0.22380943163926964,0.24326293328645096,0.21012941632115878,0.3489857492016225,35.13695261579316,18.05442875486172,hold,35.0,18.2392010659051
DEMO_021,T03,45,4.5,validation,synthetic_demo,0.2365551442124037,0.21514685329395922,0.294918037563959,0.27460976671129683,35.0,18.2392010659051,hold,35.13695261579316,18.552827151175826
DEMO_021,T03,46,4.6000000000000005,validation,synthetic_demo,0.3378507500317216,0.21290456531675186,0.32716748511830096,0.3322198055460861,35.13695261579316,18.552827151175826,hold,35.54630998165486,18.991870857653183
DEMO_021,T03,47,4.7,validation,synthetic_demo,0.42874925768254446,0.18022261829109115,0.32777522325177033,0.3100014802218531,35.54630998165486,18.991870857653183,hold,36.223587092621166,19.55152193061322
DEMO_021,T03,48,4.800000000000001,validation,synthetic_demo,0.413530589479339,0.18585063452771988,0.36650626873946807,0.3381555801429457,36.223587092621166,19.55152193061322,flexion,37.16136355893498,20.225648715786054
DEMO_021,T03,49,4.9,validation,synthetic_demo,0.5180632992839374,0.1421163471948251,0.3276232619059981,0.3049416747313781,37.16136355893498,20.225648715786054,flexion,38.34936490538904,21.006865339043237
DEMO_021,T03,50,5.0,validation,synthetic_demo,0.4994508935956292,0.1992834258951942,0.3243674625457549,0.27639008969477713,38.34936490538904,21.006865339043237,flexion,39.774575140626325,21.88661262758029
DEMO_021,T03,51,5.1000000000000005,validation,synthetic_demo,0.5388043865329365,0.22469077306423232,0.38052117534363306,0.2798117507570439,39.774575140626325,21.88661262758029,flexion,41.421379363065135,22.855251886005014
DEMO_021,T03,52,5.2,validation,synthetic_demo,0.709170681596329,0.25601384625301354,0.3997576089183584,0.30037965373892944,41.421379363065135,22.855251886005014,flexion,43.27173484102855,23.902170499901345
DEMO_021,T03,53,5.300000000000001,validation,synthetic_demo,0.7115455347184398,0.2058022930728848,0.40612072853967596,0.2727863715298819,43.27173484102855,23.902170499901345,flexion,45.30536869268816,25.01589820985361
DEMO_021,T03,54,5.4,validation,synthetic_demo,0.7404508893080478,0.23023550214214877,0.447825914354536,0.29493541048945526,45.30536869268816,25.01589820985361,flexion,47.499999999999986,26.184232782009072
DEMO_021,T03,55,5.5,validation,synthetic_demo,0.7844899535973175,0.09983391074980806,0.48131366105873763,0.2848983256598949,47.499999999999986,26.184232782009072,flexion,49.831583923105,27.394373698305476
DEMO_021,T03,56,5.6000000000000005,validation,synthetic_demo,0.6904282376516364,0.27585551030586897,0.4895979251681277,0.2936927983856897,49.831583923105,27.394373698305476,flexion,52.27457514062633,28.633062401625605
DEMO_021,T03,57,5.7,validation,synthetic_demo,0.7842745298951294,0.18977126995916813,0.4961188944496883,0.27593855413355334,52.27457514062633,28.633062401625605,flexion,54.802207729556045,29.886727559323603
DEMO_021,T03,58,5.800000000000001,validation,synthetic_demo,0.7456352400192766,0.2382504058194479,0.4892493963301938,0.2237395428006851,54.802207729556045,29.886727559323603,flexion,57.38678841830866,31.141633753585417
DEMO_022,T01,0,0.0,validation,synthetic_demo,0.6419635344564135,0.24739330620993455,0.39832628575733103,0.2804019388869257,60.0,32.384031969540736,flexion,62.61321158169134,33.600310232347006
DEMO_022,T01,1,0.1,validation,synthetic_demo,0.6197293350980401,0.313845827406443,0.383999053952762,0.2669444869788509,62.61321158169134,33.600310232347006,flexion,65.19779227044398,34.77714274283433
DEMO_022,T01,2,0.2,validation,synthetic_demo,0.6565189584537863,0.2589881650299112,0.36643303669245303,0.2769539068841689,65.19779227044398,34.77714274283433,flexion,67.72542485937369,35.901635877749776
DEMO_022,T01,3,0.30000000000000004,validation,synthetic_demo,0.6388446484751019,0.3103885706902959,0.3968689623789859,0.2921471576587638,67.72542485937369,35.901635877749776,flexion,70.168416076895,36.96146945499189
DEMO_022,T01,4,0.4,validation,synthetic_demo,0.5912597432655814,0.24817921938219378,0.40191781973761304,0.2524280586986767,70.168416076895,36.96146945499189,flexion,72.5,37.945031716103976
DEMO_022,T01,5,0.5,validation,synthetic_demo,0.6772037531386612,0.27634346012490274,0.3445615844164909,0.2430976550441798,72.5,37.945031716103976,flexion,74.69463130731182,38.84154654712965
DEMO_022,T01,6,0.6000000000000001,validation,synthetic_demo,0.6190702566283208,0.258558434806962,0.29347869260591064,0.22543229278312435,74.69463130731182,38.84154654712965,flexion,76.72826515897145,39.64119154397241
DEMO_022,T01,7,0.7000000000000001,validation,synthetic_demo,0.6163793846755816,0.35972926841838265,0.33600438226036805,0.22963384870352593,76.72826515897145,39.64119154397241,flexion,78.57862063693486,40.33520562871037
DEMO_022,T01,8,0.8,validation,synthetic_demo,0.5111157540884838,0.30220011732264196,0.3394625306036867,0.29460470636025016,78.57862063693486,40.33520562871037,flexion,80.22542485937369,40.91598503779936
DEMO_022,T01,9,0.9,validation,synthetic_demo,0.5033893532957625,0.299694643563712,0.3165624545869838,0.28833857277936037,80.22542485937369,40.91598503779936,flexion,81.65063509461096,41.3771666304975
DEMO_022,T01,10,1.0,validation,synthetic_demo,0.4118439415050519,0.3014425329617125,0.3106097032515286,0.31182244400833997,81.65063509461096,41.3771666304975,flexion,82.83863644106502,41.71369760476672
DEMO_022,T01,11,1.1,validation,synthetic_demo,0.4633175442970342,0.30162761408951777,0.30680785914388226,0.24145787202645067,82.83863644106502,41.71369760476672,flexion,83.77641290737884,41.921890856829314
DEMO_022,T01,12,1.2000000000000002,validation,synthetic_demo,0.3448324668724448,0.326458216444881,0.2526829524604771,0.2832658833306566,83.77641290737884,41.921890856829314,flexion,84.45369001834514,41.99946537784843
DEMO_022,T01,13,1.3,validation,synthetic_demo,0.3514951325259953,0.3001321355221888,0.24359022415250728,0.24437565159005598,84.45369001834514,41.99946537784843,hold,84.86304738420684,41.94557124513828
DEMO_022,T01,14,1.4000000000000001,validation,synthetic_demo,0.28027173349399076,0.2592775145351166,0.2548008734910684,0.3013100275660703,84.86304738420684,41.94557124513828,hold,85.0,41.7607989340949
DEMO_022,T01,15,1.5,validation,synthetic_demo,0.2624295584437643,0.30507173161233336,0.22242817354944983,0.33108760479455673,85.0,41.7607989340949,hold,84.86304738420684,41.44717284882418
DEMO_022,T01,16,1.6,validation,synthetic_demo,0.24092333495696022,0.3442859316997202,0.22358704932404036,0.42682065096486094,84.86304738420684,41.44717284882418,hold,84.45369001834514,41.00812914234682
DEMO_022,T01,17,1.7000000000000002,validation,synthetic_demo,0.2775785144233557,0.38820113602368983,0.1856342877258347,0.36782992843044454,84.45369001834514,41.00812914234682,hold,83.77641290737884,40.44847806938679
DEMO_022,T01,18,1.8,validation,synthetic_demo,0.2755593360200336,0.4628932305337739,0.15435847216295082,0.43812867706660147,83.77641290737884,40.44847806938679,extension,82.83863644106502,39.77435128421395
DEMO_022,T01,19,1.9000000000000001,validation,synthetic_demo,0.1882272447271259,0.5776757093145516,0.1961854175502578,0.4063392684813793,82.83863644106502,39.77435128421395,extension,81.65063509461098,38.99313466095676
DEMO_022,T01,20,2.0,validation,synthetic_demo,0.18894995595190983,0.6046143583474107,0.28570852583045586,0.4512484230751815,81.65063509461098,38.99313466095676,extension,80.22542485937369,38.113387372419716
DEMO_022,T01,21,2.1,validation,synthetic_demo,0.24496806429697468,0.6209654042682148,0.17206194932636515,0.4887458027990424,80.22542485937369,38.113387372419716,extension,78.57862063693486,37.14474811399498
DEMO_022,T01,22,2.2,validation,synthetic_demo,0.3134483383570519,0.6570223771017782,0.2305706927295369,0.4667213578173009,78.57862063693486,37.14474811399498,extension,76.72826515897145,36.097829500098655
DEMO_022,T01,23,2.3000000000000003,validation,synthetic_demo,0.18047263788826357,0.643524169378391,0.23274916224541198,0.5843715099261015,76.72826515897145,36.097829500098655,extension,74.69463130731182,34.98410179014638
DEMO_022,T01,24,2.4000000000000004,validation,synthetic_demo,0.25724477817575037,0.689316409096898,0.1904465621506414,0.5365958845929615,74.69463130731182,34.98410179014638,extension,72.5,33.815767217990924
DEMO_022,T01,25,2.5,validation,synthetic_demo,0.25255147747235385,0.7447565709758568,0.22375617104707024,0.5491447368965537,72.5,33.815767217990924,extension,70.16841607689501,32.60562630169453
DEMO_022,T01,26,2.6,validation,synthetic_demo,0.20473240036806284,0.8018002341153788,0.19490313836084416,0.5444746312318283,70.16841607689501,32.60562630169453,extension,67.72542485937369,31.366937598374406
DEMO_022,T01,27,2.7,validation,synthetic_demo,0.2332644576333093,0.8235635861785838,0.16602997488813898,0.5240893814713921,67.72542485937369,31.366937598374406,extension,65.19779227044398,30.11327244067641
DEMO_022,T01,28,2.8000000000000003,validation,synthetic_demo,0.21587325054724535,0.8090939179236161,0.1671157480154309,0.594226687983323,65.19779227044398,30.11327244067641,extension,62.613211581691324,28.85836624641458
DEMO_022,T01,29,2.9000000000000004,validation,synthetic_demo,0.27204112675840986,0.8465593581000845,0.21515082060975693,0.6326413313579972,62.613211581691324,28.85836624641458,extension,60.0,27.615968030459264
DEMO_022,T01,30,3.0,validation,synthetic_demo,0.26415513622303904,0.798457087828353,0.19305210612860577,0.4812869473976109,60.0,27.615968030459264,extension,57.38678841830866,26.39968976765299
DEMO_022,T01,31,3.1,validation,synthetic_demo,0.23257696224903382,0.8528610507952706,0.2574563132002855,0.4858934186139292,57.38678841830866,26.39968976765299,extension,54.802207729556024,25.22285725716567
DEMO_022,T01,32,3.2,validation,synthetic_demo,0.2937193672845495,0.786185287559596,0.20004847081295932,0.5117178414671801,54.802207729556024,25.22285725716567,extension,52.27457514062632,24.098364122250224
DEMO_022,T01,33,3.3000000000000003,validation,synthetic_demo,0.26072313246196843,0.8795776199744882,0.2596548777989034,0.5777760285635013,52.27457514062632,24.098364122250224,extension,49.831583923104986,23.038530545008104
DEMO_022,T01,34,3.4000000000000004,validation,synthetic_demo,0.24387201276696366,0.816778056965388,0.1995484051291154,0.4397247290660989,49.831583923104986,23.038530545008104,extension,47.50000000000001,22.054968283896024
DEMO_022,T01,35,3.5,validation,synthetic_demo,0.2515744083930623,0.7628594972304363,0.10125229407811821,0.4860929571382449,47.50000000000001,22.054968283896024,extension,45.30536869268818,21.158453452870347
DEMO_022,T01,36,3.6,validation,synthetic_demo,0.25766321937687603,0.6459586929401832,0.20283519625116325,0.4435154229108223,45.30536869268818,21.158453452870347,extension,43.27173484102855,20.35880845602759
DEMO_022,T01,37,3.7,validation,synthetic_demo,0.2779170648159421,0.6097173754156596,0.23363472492761117,0.4361612722762829,43.27173484102855,20.35880845602759,extension,41.42137936306515,19.66479437128963
DEMO_022,T01,38,3.8000000000000003,validation,synthetic_demo,0.2761081147749918,0.67197914925411,0.16233920893213494,0.3383439892601487,41.42137936306515,19.66479437128963,extension,39.774575140626304,19.084014962200634
DEMO_022,T01,39,3.9000000000000004,validation,synthetic_demo,0.155178684582238,0.620418543038139,0.1306401825018489,0.41064239469790687,39.774575140626304,19.084014962200634,extension,38.34936490538904,18.6228333695025
DEMO_022,T01,40,4.0,validation,synthetic_demo,0.2845146798483575,0.558159594795614,0.27417712167585434,0.356789072373012,38.34936490538904,18.6228333695025,extension,37.16136355893498,18.286302395233275
DEMO_022,T01,41,4.1000000000000005,validation,synthetic_demo,0.3443251091401162,0.5148729837010416,0.14809379174003207,0.3102072940368669,37.16136355893498,18.286302395233275,extension,36.22358709262116,18.078109143170686
DEMO_022,T01,42,4.2,validation,synthetic_demo,0.1698944925183608,0.43183447695704447,0.29175083699564625,0.24633644542646824,36.22358709262116,18.078109143170686,extension,35.54630998165486,18.00053462215157
DEMO_022,T01,43,4.3,validation,synthetic_demo,0.24837378188797365,0.3913969912437244,0.23868049850384496,0.2509677213549957,35.54630998165486,18.00053462215157,hold,35.13695261579316,18.05442875486172
DEMO_022,T01,44,4.4,validation,synthetic_demo,0.2484159089034782,0.3666164616635881,0.19700755744668144,0.2904806476936777,35.13695261579316,18.05442875486172,hold,35.0,18.2392010659051
DEMO_022,T01,45,4.5,validation,synthetic_demo,0.20872710926280572,0.29568136971991316,0.24252669955275813,0.3181626199938345,35.0,18.2392010659051,hold,35.13695261579316,18.552827151175826
DEMO_022,T01,46,4.6000000000000005,validation,synthetic_demo,0.31659655344554594,0.29475318270408557,0.2501125040744844,0.2757055550719184,35.13695261579316,18.552827151175826,hold,35.54630998165486,18.991870857653183
DEMO_022,T01,47,4.7,validation,synthetic_demo,0.3548574970494821,0.24390209621090905,0.26478031621119635,0.27404176518962237,35.54630998165486,18.991870857653183,hold,36.223587092621166,19.55152193061322
DEMO_022,T01,48,4.800000000000001,validation,synthetic_demo,0.3861700252773242,0.31344354510205025,0.31759687948890386,0.2683749758070162,36.223587092621166,19.55152193061322,flexion,37.16136355893498,20.225648715786054
DEMO_022,T01,49,4.9,validation,synthetic_demo,0.40554266681585033,0.3142432301298167,0.29464094541367036,0.2782930152417699,37.16136355893498,20.225648715786054,flexion,38.34936490538904,21.006865339043237
DEMO_022,T01,50,5.0,validation,synthetic_demo,0.48459734107190755,0.26022783610183703,0.32893274552392193,0.36468371698329544,38.34936490538904,21.006865339043237,flexion,39.774575140626325,21.88661262758029
DEMO_022,T01,51,5.1000000000000005,validation,synthetic_demo,0.5544810095222461,0.3238873919330201,0.4204778421722222,0.26912658576191917,39.774575140626325,21.88661262758029,flexion,41.421379363065135,22.855251886005014
DEMO_022,T01,52,5.2,validation,synthetic_demo,0.594816019997666,0.28790796903300225,0.40357370723777414,0.2638257431791654,41.421379363065135,22.855251886005014,flexion,43.27173484102855,23.902170499901345
DEMO_022,T01,53,5.300000000000001,validation,synthetic_demo,0.5288833313540662,0.2936934262893329,0.4199564683409807,0.2601708990698497,43.27173484102855,23.902170499901345,flexion,45.30536869268816,25.01589820985361
DEMO_022,T01,54,5.4,validation,synthetic_demo,0.61999165116423,0.19755890258091208,0.3829452171651346,0.26828444816408126,45.30536869268816,25.01589820985361,flexion,47.499999999999986,26.184232782009072
DEMO_022,T01,55,5.5,validation,synthetic_demo,0.5760291664327805,0.3381910562853119,0.43452306189846374,0.2941798584793411,47.499999999999986,26.184232782009072,flexion,49.831583923105,27.394373698305476
DEMO_022,T01,56,5.6000000000000005,validation,synthetic_demo,0.6157291809883151,0.3961484938017237,0.4022603342642013,0.2730091187056388,49.831583923105,27.394373698305476,flexion,52.27457514062633,28.633062401625605
DEMO_022,T01,57,5.7,validation,synthetic_demo,0.688548955851511,0.2884170974536001,0.4465002936105567,0.3142022578764568,52.27457514062633,28.633062401625605,flexion,54.802207729556045,29.886727559323603
DEMO_022,T01,58,5.800000000000001,validation,synthetic_demo,0.6649430801009518,0.23852277904664007,0.40584309203681346,0.2835704984791003,54.802207729556045,29.886727559323603,flexion,57.38678841830866,31.141633753585417
DEMO_022,T02,0,0.0,validation,synthetic_demo,0.7575885117780254,0.34251088061764534,0.42031119516389764,0.34639426741491586,60.0,32.384031969540736,flexion,62.61321158169134,33.600310232347006
DEMO_022,T02,1,0.1,validation,synthetic_demo,0.6840871054749552,0.2557093109881795,0.3899701091212906,0.3202907240800916,62.61321158169134,33.600310232347006,flexion,65.19779227044398,34.77714274283433
DEMO_022,T02,2,0.2,validation,synthetic_demo,0.6724547884891718,0.2814874777612146,0.4015829502877332,0.27775587237273647,65.19779227044398,34.77714274283433,flexion,67.72542485937369,35.901635877749776
DEMO_022,T02,3,0.30000000000000004,validation,synthetic_demo,0.613654623600678,0.3280437126220219,0.3903120233036589,0.24726355855727258,67.72542485937369,35.901635877749776,flexion,70.168416076895,36.96146945499189
DEMO_022,T02,4,0.4,validation,synthetic_demo,0.6087801339718525,0.3039706748641126,0.37641303383503055,0.27076504763548426,70.168416076895,36.96146945499189,flexion,72.5,37.945031716103976
DEMO_022,T02,5,0.5,validation,synthetic_demo,0.694288360660689,0.32265396937648033,0.2781401998642851,0.2744672380839521,72.5,37.945031716103976,flexion,74.69463130731182,38.84154654712965
DEMO_022,T02,6,0.6000000000000001,validation,synthetic_demo,0.5710564460209101,0.26113904575152425,0.3370104559878591,0.28205354623781353,74.69463130731182,38.84154654712965,flexion,76.72826515897145,39.64119154397241
DEMO_022,T02,7,0.7000000000000001,validation,synthetic_demo,0.5511850043763843,0.33676354317397195,0.3385822240238791,0.33623644908685185,76.72826515897145,39.64119154397241,flexion,78.57862063693486,40.33520562871037
DEMO_022,T02,8,0.8,validation,synthetic_demo,0.5626389128871134,0.23469001798370723,0.3226924830550197,0.2645321963882826,78.57862063693486,40.33520562871037,flexion,80.22542485937369,40.91598503779936
DEMO_022,T02,9,0.9,validation,synthetic_demo,0.47987015741264816,0.27810656184204274,0.3089710551434767,0.2524828981618204,80.22542485937369,40.91598503779936,flexion,81.65063509461096,41.3771666304975
DEMO_022,T02,10,1.0,validation,synthetic_demo,0.39214743935746277,0.2518419186469331,0.2701658080328382,0.283064580845097,81.65063509461096,41.3771666304975,flexion,82.83863644106502,41.71369760476672
DEMO_022,T02,11,1.1,validation,synthetic_demo,0.4552643071785497,0.3202341801073184,0.2427240862652067,0.28531608726171914,82.83863644106502,41.71369760476672,flexion,83.77641290737884,41.921890856829314
DEMO_022,T02,12,1.2000000000000002,validation,synthetic_demo,0.34884975746607205,0.27827940959717445,0.2743544539448672,0.23822279428098148,83.77641290737884,41.921890856829314,flexion,84.45369001834514,41.99946537784843
DEMO_022,T02,13,1.3,validation,synthetic_demo,0.39835769179061326,0.29760964287797287,0.20353454156655254,0.22736765389816727,84.45369001834514,41.99946537784843,hold,84.86304738420684,41.94557124513828
DEMO_022,T02,14,1.4000000000000001,validation,synthetic_demo,0.2992514948249089,0.2862598082431412,0.2129790904326033,0.31315046472424374,84.86304738420684,41.94557124513828,hold,85.0,41.7607989340949
DEMO_022,T02,15,1.5,validation,synthetic_demo,0.25544181292511525,0.33445031892426164,0.17767498535460616,0.3449146075550528,85.0,41.7607989340949,hold,84.86304738420684,41.44717284882418
DEMO_022,T02,16,1.6,validation,synthetic_demo,0.20763298623950252,0.3125727488634271,0.21621744996710843,0.37340061604568864,84.86304738420684,41.44717284882418,hold,84.45369001834514,41.00812914234682
DEMO_022,T02,17,1.7000000000000002,validation,synthetic_demo,0.29562275472098976,0.3062383408222006,0.15711339217340559,0.42926232240519435,84.45369001834514,41.00812914234682,hold,83.77641290737884,40.44847806938679
DEMO_022,T02,18,1.8,validation,synthetic_demo,0.24421181442330403,0.492719223538459,0.19000263139378637,0.43830678622295216,83.77641290737884,40.44847806938679,extension,82.83863644106502,39.77435128421395
DEMO_022,T02,19,1.9000000000000001,validation,synthetic_demo,0.29095401701983226,0.43086557586499663,0.16257141983463985,0.41435256363422845,82.83863644106502,39.77435128421395,extension,81.65063509461098,38.99313466095676
DEMO_022,T02,20,2.0,validation,synthetic_demo,0.2719258218362672,0.576672643492893,0.24732336029912946,0.45061816485111517,81.65063509461098,38.99313466095676,extension,80.22542485937369,38.113387372419716
DEMO_022,T02,21,2.1,validation,synthetic_demo,0.23649720692181744,0.611695194170191,0.208176358527574,0.45574408673650757,80.22542485937369,38.113387372419716,extension,78.57862063693486,37.14474811399498
DEMO_022,T02,22,2.2,validation,synthetic_demo,0.22636674865250156,0.6599042647951113,0.18389422513837933,0.541323076545656,78.57862063693486,37.14474811399498,extension,76.72826515897145,36.097829500098655
DEMO_022,T02,23,2.3000000000000003,validation,synthetic_demo,0.27056242810177944,0.6530316588520413,0.17840384660725905,0.5890132498548163,76.72826515897145,36.097829500098655,extension,74.69463130731182,34.98410179014638
DEMO_022,T02,24,2.4000000000000004,validation,synthetic_demo,0.19302728692964838,0.7394249883140294,0.23062088278320308,0.5357871669223334,74.69463130731182,34.98410179014638,extension,72.5,33.815767217990924
DEMO_022,T02,25,2.5,validation,synthetic_demo,0.2927561271065231,0.6783875424610014,0.1733337513931605,0.5019486901737461,72.5,33.815767217990924,extension,70.16841607689501,32.60562630169453
DEMO_022,T02,26,2.6,validation,synthetic_demo,0.28013631738235045,0.7816632990202994,0.17379698603524202,0.5072097740072493,70.16841607689501,32.60562630169453,extension,67.72542485937369,31.366937598374406
DEMO_022,T02,27,2.7,validation,synthetic_demo,0.257280847966869,0.7993080494123983,0.22933767783644485,0.6003725220429853,67.72542485937369,31.366937598374406,extension,65.19779227044398,30.11327244067641
DEMO_022,T02,28,2.8000000000000003,validation,synthetic_demo,0.21468055280754506,0.8029476752732493,0.22399560330782864,0.5397912307532752,65.19779227044398,30.11327244067641,extension,62.613211581691324,28.85836624641458
DEMO_022,T02,29,2.9000000000000004,validation,synthetic_demo,0.22188244876158708,0.7878292653470569,0.17860676299497577,0.5491772303529462,62.613211581691324,28.85836624641458,extension,60.0,27.615968030459264
DEMO_022,T02,30,3.0,validation,synthetic_demo,0.20513212317724272,0.7449489379688651,0.31126518063860187,0.529949618946108,60.0,27.615968030459264,extension,57.38678841830866,26.39968976765299
DEMO_022,T02,31,3.1,validation,synthetic_demo,0.24172288298746591,0.8640429068368275,0.18864934063078642,0.5107992062273499,57.38678841830866,26.39968976765299,extension,54.802207729556024,25.22285725716567
DEMO_022,T02,32,3.2,validation,synthetic_demo,0.270914841512179,0.7934242674392619,0.24918788468304287,0.5627927927265659,54.802207729556024,25.22285725716567,extension,52.27457514062632,24.098364122250224
DEMO_022,T02,33,3.3000000000000003,validation,synthetic_demo,0.22435822992516968,0.7814283066297633,0.15028449078058934,0.46940441268608035,52.27457514062632,24.098364122250224,extension,49.831583923104986,23.038530545008104
DEMO_022,T02,34,3.4000000000000004,validation,synthetic_demo,0.27795704799892224,0.749527738657267,0.23305819039027653,0.5240488980883954,49.831583923104986,23.038530545008104,extension,47.50000000000001,22.054968283896024
DEMO_022,T02,35,3.5,validation,synthetic_demo,0.22370695046849298,0.7901181337370797,0.20633585902376161,0.5263323910120971,47.50000000000001,22.054968283896024,extension,45.30536869268818,21.158453452870347
DEMO_022,T02,36,3.6,validation,synthetic_demo,0.2200341241451058,0.7140018423898054,0.19867586773146756,0.45652517920836444,45.30536869268818,21.158453452870347,extension,43.27173484102855,20.35880845602759
DEMO_022,T02,37,3.7,validation,synthetic_demo,0.21857646678836357,0.7054760506080381,0.23439319018774893,0.4690096939421777,43.27173484102855,20.35880845602759,extension,41.42137936306515,19.66479437128963
DEMO_022,T02,38,3.8000000000000003,validation,synthetic_demo,0.26411325632095034,0.6420814598217033,0.1749797940193635,0.4365972504770333,41.42137936306515,19.66479437128963,extension,39.774575140626304,19.084014962200634
DEMO_022,T02,39,3.9000000000000004,validation,synthetic_demo,0.23085044793766282,0.5746797745727555,0.19287747009514986,0.3966405757355561,39.774575140626304,19.084014962200634,extension,38.34936490538904,18.6228333695025
DEMO_022,T02,40,4.0,validation,synthetic_demo,0.27858036779254397,0.5764533886058951,0.2166071592801208,0.3356720089338415,38.34936490538904,18.6228333695025,extension,37.16136355893498,18.286302395233275
DEMO_022,T02,41,4.1000000000000005,validation,synthetic_demo,0.2675908236494002,0.4919458227429857,0.2397094167983401,0.3385528990564942,37.16136355893498,18.286302395233275,extension,36.22358709262116,18.078109143170686
DEMO_022,T02,42,4.2,validation,synthetic_demo,0.23671816017919284,0.4588499661654434,0.14353338097135576,0.38994197927215474,36.22358709262116,18.078109143170686,extension,35.54630998165486,18.00053462215157
DEMO_022,T02,43,4.3,validation,synthetic_demo,0.25502076420090103,0.4298390946229327,0.16794607020445457,0.29802427915498264,35.54630998165486,18.00053462215157,hold,35.13695261579316,18.05442875486172
DEMO_022,T02,44,4.4,validation,synthetic_demo,0.24715328639818257,0.35442563549912653,0.3084726093251715,0.3554632765085968,35.13695261579316,18.05442875486172,hold,35.0,18.2392010659051
DEMO_022,T02,45,4.5,validation,synthetic_demo,0.2635971128944339,0.29368991385803445,0.2218130008254368,0.32023966899803497,35.0,18.2392010659051,hold,35.13695261579316,18.552827151175826
DEMO_022,T02,46,4.6000000000000005,validation,synthetic_demo,0.29478001312049446,0.27332163948635185,0.3108953590405383,0.24073178044026045,35.13695261579316,18.552827151175826,hold,35.54630998165486,18.991870857653183
DEMO_022,T02,47,4.7,validation,synthetic_demo,0.3470073707859244,0.3027351479359377,0.3125955843274402,0.33186957976404496,35.54630998165486,18.991870857653183,hold,36.223587092621166,19.55152193061322
DEMO_022,T02,48,4.800000000000001,validation,synthetic_demo,0.38222259009017306,0.333562482282026,0.28380244167611257,0.25152911623294427,36.223587092621166,19.55152193061322,flexion,37.16136355893498,20.225648715786054
DEMO_022,T02,49,4.9,validation,synthetic_demo,0.33965534661637653,0.31738537117317994,0.3043749066133958,0.3104496609944148,37.16136355893498,20.225648715786054,flexion,38.34936490538904,21.006865339043237
DEMO_022,T02,50,5.0,validation,synthetic_demo,0.48314527339475793,0.3713925570494666,0.3455552385276395,0.30640099271182325,38.34936490538904,21.006865339043237,flexion,39.774575140626325,21.88661262758029
DEMO_022,T02,51,5.1000000000000005,validation,synthetic_demo,0.5207959678123223,0.29033041028962947,0.41343042754130793,0.28056776015676516,39.774575140626325,21.88661262758029,flexion,41.421379363065135,22.855251886005014
DEMO_022,T02,52,5.2,validation,synthetic_demo,0.5175576611903342,0.29926905321792435,0.3153397332564168,0.29325278633712665,41.421379363065135,22.855251886005014,flexion,43.27173484102855,23.902170499901345
DEMO_022,T02,53,5.300000000000001,validation,synthetic_demo,0.6403632152961547,0.28417851100268554,0.4028044313052676,0.327218418877077,43.27173484102855,23.902170499901345,flexion,45.30536869268816,25.01589820985361
DEMO_022,T02,54,5.4,validation,synthetic_demo,0.5890181408412823,0.29858448875419347,0.4246672637668241,0.2613506983167772,45.30536869268816,25.01589820985361,flexion,47.499999999999986,26.184232782009072
DEMO_022,T02,55,5.5,validation,synthetic_demo,0.5597360641356769,0.3116936299430328,0.376740841637251,0.3276574565410757,47.499999999999986,26.184232782009072,flexion,49.831583923105,27.394373698305476
DEMO_022,T02,56,5.6000000000000005,validation,synthetic_demo,0.594886362731001,0.24016303684343207,0.4012638026480314,0.2399480192998409,49.831583923105,27.394373698305476,flexion,52.27457514062633,28.633062401625605
DEMO_022,T02,57,5.7,validation,synthetic_demo,0.6342632138940405,0.26664576223670033,0.3481863210353462,0.22506916771496768,52.27457514062633,28.633062401625605,flexion,54.802207729556045,29.886727559323603
DEMO_022,T02,58,5.800000000000001,validation,synthetic_demo,0.7234067530935887,0.3254468985519527,0.44342120823551784,0.24598731859078102,54.802207729556045,29.886727559323603,flexion,57.38678841830866,31.141633753585417
DEMO_022,T03,0,0.0,validation,synthetic_demo,0.6369853600676143,0.32674900075453567,0.3836471978723864,0.29948454361796506,60.0,32.384031969540736,flexion,62.61321158169134,33.600310232347006
DEMO_022,T03,1,0.1,validation,synthetic_demo,0.6901033687303187,0.22684169323504585,0.47602397531701973,0.23441245455666537,62.61321158169134,33.600310232347006,flexion,65.19779227044398,34.77714274283433
DEMO_022,T03,2,0.2,validation,synthetic_demo,0.6721440183710966,0.2771278777667208,0.400047484723655,0.26307900513302984,65.19779227044398,34.77714274283433,flexion,67.72542485937369,35.901635877749776
DEMO_022,T03,3,0.30000000000000004,validation,synthetic_demo,0.6431528160761465,0.3441301356682743,0.40973049680564577,0.31447689522882,67.72542485937369,35.901635877749776,flexion,70.168416076895,36.96146945499189
DEMO_022,T03,4,0.4,validation,synthetic_demo,0.6223235282552152,0.2820021915740161,0.39954876527992267,0.3148383412686648,70.168416076895,36.96146945499189,flexion,72.5,37.945031716103976
DEMO_022,T03,5,0.5,validation,synthetic_demo,0.6071655317666829,0.22547350916848913,0.3097006151573538,0.22811877794601454,72.5,37.945031716103976,flexion,74.69463130731182,38.84154654712965
DEMO_022,T03,6,0.6000000000000001,validation,synthetic_demo,0.6072668949277069,0.22084565999177325,0.33489647206331985,0.31288732920812873,74.69463130731182,38.84154654712965,flexion,76.72826515897145,39.64119154397241
DEMO_022,T03,7,0.7000000000000001,validation,synthetic_demo,0.5826048788349153,0.35398814769685766,0.3371983254800569,0.2735208055275636,76.72826515897145,39.64119154397241,flexion,78.57862063693486,40.33520562871037
DEMO_022,T03,8,0.8,validation,synthetic_demo,0.556917160312147,0.3060102541540995,0.32527768685062125,0.3131137458791296,78.57862063693486,40.33520562871037,flexion,80.22542485937369,40.91598503779936
DEMO_022,T03,9,0.9,validation,synthetic_demo,0.4972895680175247,0.2887799544935402,0.356389424532136,0.2849650291008744,80.22542485937369,40.91598503779936,flexion,81.65063509461096,41.3771666304975
DEMO_022,T03,10,1.0,validation,synthetic_demo,0.5150095539920861,0.3120675873924758,0.31565906276707756,0.2823009298931849,81.65063509461096,41.3771666304975,flexion,82.83863644106502,41.71369760476672
DEMO_022,T03,11,1.1,validation,synthetic_demo,0.3766632309006703,0.3242917593153504,0.28760783900902365,0.2169581224841781,82.83863644106502,41.71369760476672,flexion,83.77641290737884,41.921890856829314
DEMO_022,T03,12,1.2000000000000002,validation,synthetic_demo,0.3616374018106159,0.3368972689191578,0.2825917648824211,0.28674594456124103,83.77641290737884,41.921890856829314,flexion,84.45369001834514,41.99946537784843
DEMO_022,T03,13,1.3,validation,synthetic_demo,0.3185243951691576,0.27204696155621555,0.17661303883639984,0.2395132428256774,84.45369001834514,41.99946537784843,hold,84.86304738420684,41.94557124513828
DEMO_022,T03,14,1.4000000000000001,validation,synthetic_demo,0.2815594485930746,0.29535858042542973,0.1887932233683101,0.29846291499266525,84.86304738420684,41.94557124513828,hold,85.0,41.7607989340949
DEMO_022,T03,15,1.5,validation,synthetic_demo,0.21649830895269245,0.2591759738951388,0.2057430478727941,0.3240058498496009,85.0,41.7607989340949,hold,84.86304738420684,41.44717284882418
DEMO_022,T03,16,1.6,validation,synthetic_demo,0.1998454830713459,0.3293191334767963,0.19379067618811474,0.3786292807594196,84.86304738420684,41.44717284882418,hold,84.45369001834514,41.00812914234682
DEMO_022,T03,17,1.7000000000000002,validation,synthetic_demo,0.20412137602798322,0.43265116454717467,0.2050453629064122,0.4285729254918445,84.45369001834514,41.00812914234682,hold,83.77641290737884,40.44847806938679
DEMO_022,T03,18,1.8,validation,synthetic_demo,0.28060709683022794,0.4713953124033055,0.21584331294895376,0.37475340307304805,83.77641290737884,40.44847806938679,extension,82.83863644106502,39.77435128421395
DEMO_022,T03,19,1.9000000000000001,validation,synthetic_demo,0.31736777415477657,0.5465332230017156,0.16594848207905435,0.4610925630926654,82.83863644106502,39.77435128421395,extension,81.65063509461098,38.99313466095676
DEMO_022,T03,20,2.0,validation,synthetic_demo,0.2241709933816812,0.6225293082673446,0.1554592160785922,0.45644393851784937,81.65063509461098,38.99313466095676,extension,80.22542485937369,38.113387372419716
DEMO_022,T03,21,2.1,validation,synthetic_demo,0.21798634503519418,0.6229274048066243,0.1718885887636078,0.5266730677141547,80.22542485937369,38.113387372419716,extension,78.57862063693486,37.14474811399498
DEMO_022,T03,22,2.2,validation,synthetic_demo,0.22697894794242063,0.6671953126542477,0.2699176182696714,0.5324068136400765,78.57862063693486,37.14474811399498,extension,76.72826515897145,36.097829500098655
DEMO_022,T03,23,2.3000000000000003,validation,synthetic_demo,0.2818774559275748,0.6924559744464563,0.20131724556240918,0.5423599950055532,76.72826515897145,36.097829500098655,extension,74.69463130731182,34.98410179014638
DEMO_022,T03,24,2.4000000000000004,validation,synthetic_demo,0.30851583376511305,0.7621530184699368,0.1994785833004366,0.5101067688545722,74.69463130731182,34.98410179014638,extension,72.5,33.815767217990924
DEMO_022,T03,25,2.5,validation,synthetic_demo,0.31580955582995135,0.6919922136358422,0.1633374893819738,0.5799302155511062,72.5,33.815767217990924,extension,70.16841607689501,32.60562630169453
DEMO_022,T03,26,2.6,validation,synthetic_demo,0.23908989687738857,0.7747600759255123,0.2329641521960541,0.4923189629890934,70.16841607689501,32.60562630169453,extension,67.72542485937369,31.366937598374406
DEMO_022,T03,27,2.7,validation,synthetic_demo,0.2986172704637776,0.775048991939428,0.19722024128256846,0.5276215177856091,67.72542485937369,31.366937598374406,extension,65.19779227044398,30.11327244067641
DEMO_022,T03,28,2.8000000000000003,validation,synthetic_demo,0.21108432557145224,0.8806353912644284,0.26119580383102053,0.5113776990599577,65.19779227044398,30.11327244067641,extension,62.613211581691324,28.85836624641458
DEMO_022,T03,29,2.9000000000000004,validation,synthetic_demo,0.2558891812162273,0.8791268705998406,0.19435902174499792,0.4908202672880143,62.613211581691324,28.85836624641458,extension,60.0,27.615968030459264
DEMO_022,T03,30,3.0,validation,synthetic_demo,0.2444354211042667,0.7917036267795189,0.16665544063919122,0.5574509093018819,60.0,27.615968030459264,extension,57.38678841830866,26.39968976765299
DEMO_022,T03,31,3.1,validation,synthetic_demo,0.2439582559307651,0.7700761882318669,0.19475247692659703,0.4978910473926319,57.38678841830866,26.39968976765299,extension,54.802207729556024,25.22285725716567
DEMO_022,T03,32,3.2,validation,synthetic_demo,0.23847785698787752,0.7844599584566382,0.24739765028838276,0.5473398258212642,54.802207729556024,25.22285725716567,extension,52.27457514062632,24.098364122250224
DEMO_022,T03,33,3.3000000000000003,validation,synthetic_demo,0.2712839762739534,0.7828138204954885,0.2433571165387161,0.5737234959232307,52.27457514062632,24.098364122250224,extension,49.831583923104986,23.038530545008104
DEMO_022,T03,34,3.4000000000000004,validation,synthetic_demo,0.28935687022204076,0.8256830602603102,0.19707820854564564,0.5040850033525701,49.831583923104986,23.038530545008104,extension,47.50000000000001,22.054968283896024
DEMO_022,T03,35,3.5,validation,synthetic_demo,0.29544747858805265,0.7395723354276259,0.19212322163810855,0.44489490778062263,47.50000000000001,22.054968283896024,extension,45.30536869268818,21.158453452870347
DEMO_022,T03,36,3.6,validation,synthetic_demo,0.2873807901183605,0.8139839118868116,0.19083688162055285,0.47977695235116663,45.30536869268818,21.158453452870347,extension,43.27173484102855,20.35880845602759
DEMO_022,T03,37,3.7,validation,synthetic_demo,0.28927429101880137,0.7154175585697613,0.21773435908286795,0.47282572060901945,43.27173484102855,20.35880845602759,extension,41.42137936306515,19.66479437128963
DEMO_022,T03,38,3.8000000000000003,validation,synthetic_demo,0.24681131104392373,0.63388448372585,0.16318295690575205,0.40764536098573045,41.42137936306515,19.66479437128963,extension,39.774575140626304,19.084014962200634
DEMO_022,T03,39,3.9000000000000004,validation,synthetic_demo,0.20625425321655283,0.6189828452707491,0.22252233390827247,0.4356101535418611,39.774575140626304,19.084014962200634,extension,38.34936490538904,18.6228333695025
DEMO_022,T03,40,4.0,validation,synthetic_demo,0.1873775917702604,0.5787898288649866,0.2712278629270816,0.4143155270634578,38.34936490538904,18.6228333695025,extension,37.16136355893498,18.286302395233275
DEMO_022,T03,41,4.1000000000000005,validation,synthetic_demo,0.2277433505696123,0.49927926101653686,0.20480996363824588,0.346864549328471,37.16136355893498,18.286302395233275,extension,36.22358709262116,18.078109143170686
DEMO_022,T03,42,4.2,validation,synthetic_demo,0.23891146883427156,0.4830850810306818,0.20377467568485724,0.26403668365042765,36.22358709262116,18.078109143170686,extension,35.54630998165486,18.00053462215157
DEMO_022,T03,43,4.3,validation,synthetic_demo,0.27455898165739506,0.36132043914458495,0.19505081173996802,0.2654732734702089,35.54630998165486,18.00053462215157,hold,35.13695261579316,18.05442875486172
DEMO_022,T03,44,4.4,validation,synthetic_demo,0.30658073775593087,0.3416785335025734,0.2124793428461283,0.303878714679561,35.13695261579316,18.05442875486172,hold,35.0,18.2392010659051
DEMO_022,T03,45,4.5,validation,synthetic_demo,0.23593100195068903,0.2659068465645285,0.24419944322065995,0.316913116436752,35.0,18.2392010659051,hold,35.13695261579316,18.552827151175826
DEMO_022,T03,46,4.6000000000000005,validation,synthetic_demo,0.24164156228812037,0.28660565179514585,0.25587215649286366,0.24495255008940048,35.13695261579316,18.552827151175826,hold,35.54630998165486,18.991870857653183
DEMO_022,T03,47,4.7,validation,synthetic_demo,0.34331779277514207,0.3343961152580349,0.3232488053632342,0.2702510993566401,35.54630998165486,18.991870857653183,hold,36.223587092621166,19.55152193061322
DEMO_022,T03,48,4.800000000000001,validation,synthetic_demo,0.3537484345863351,0.33672137184933304,0.33712695590231473,0.3156308920670797,36.223587092621166,19.55152193061322,flexion,37.16136355893498,20.225648715786054
DEMO_022,T03,49,4.9,validation,synthetic_demo,0.419606295378923,0.3178905961563684,0.32092440158412966,0.3744699089947855,37.16136355893498,20.225648715786054,flexion,38.34936490538904,21.006865339043237
DEMO_022,T03,50,5.0,validation,synthetic_demo,0.4403245204338129,0.31052419184704777,0.30351514153606457,0.3054889397251144,38.34936490538904,21.006865339043237,flexion,39.774575140626325,21.88661262758029
DEMO_022,T03,51,5.1000000000000005,validation,synthetic_demo,0.5241477670563721,0.25948979660226423,0.3790322863632493,0.256528535360437,39.774575140626325,21.88661262758029,flexion,41.421379363065135,22.855251886005014
DEMO_022,T03,52,5.2,validation,synthetic_demo,0.516845803421385,0.33032389179456956,0.3685603346278539,0.31944051672412954,41.421379363065135,22.855251886005014,flexion,43.27173484102855,23.902170499901345
DEMO_022,T03,53,5.300000000000001,validation,synthetic_demo,0.5805995888119146,0.3190585702809652,0.36553577991281655,0.2888151717411528,43.27173484102855,23.902170499901345,flexion,45.30536869268816,25.01589820985361
DEMO_022,T03,54,5.4,validation,synthetic_demo,0.6511362314497916,0.30136543021637274,0.3589015351354081,0.28816279914455856,45.30536869268816,25.01589820985361,flexion,47.499999999999986,26.184232782009072
DEMO_022,T03,55,5.5,validation,synthetic_demo,0.6065493271310848,0.2904020748537547,0.3992119883485432,0.256679210579856,47.499999999999986,26.184232782009072,flexion,49.831583923105,27.394373698305476
DEMO_022,T03,56,5.6000000000000005,validation,synthetic_demo,0.645657733786021,0.2819902269397298,0.43963187700591755,0.24876278996625734,49.831583923105,27.394373698305476,flexion,52.27457514062633,28.633062401625605
DEMO_022,T03,57,5.7,validation,synthetic_demo,0.6757804285937287,0.2845579533337081,0.4376754170571988,0.2947242809216105,52.27457514062633,28.633062401625605,flexion,54.802207729556045,29.886727559323603
DEMO_022,T03,58,5.800000000000001,validation,synthetic_demo,0.7087095030555455,0.3510159731944385,0.4018327095227847,0.21794728268483723,54.802207729556045,29.886727559323603,flexion,57.38678841830866,31.141633753585417
DEMO_023,T01,0,0.0,validation,synthetic_demo,0.6063486689023244,0.26889382779718185,0.5538543176630263,0.2771945601737881,60.0,32.384031969540736,flexion,62.61321158169134,33.600310232347006
DEMO_023,T01,1,0.1,validation,synthetic_demo,0.6089653967188307,0.25702545419904277,0.6138849639676636,0.23451975269318667,62.61321158169134,33.600310232347006,flexion,65.19779227044398,34.77714274283433
DEMO_023,T01,2,0.2,validation,synthetic_demo,0.5286434517868204,0.3347283857477991,0.5053561609040312,0.16759500390483534,65.19779227044398,34.77714274283433,flexion,67.72542485937369,35.901635877749776
DEMO_023,T01,3,0.30000000000000004,validation,synthetic_demo,0.5563180942685299,0.26105764824695027,0.585560174601981,0.2334942547953551,67.72542485937369,35.901635877749776,flexion,70.168416076895,36.96146945499189
DEMO_023,T01,4,0.4,validation,synthetic_demo,0.5529469520085138,0.27303963086757593,0.4861013814236942,0.2905738224598119,70.168416076895,36.96146945499189,flexion,72.5,37.945031716103976
DEMO_023,T01,5,0.5,validation,synthetic_demo,0.5329941093527002,0.33459635832203366,0.4372868632969096,0.2114395429990798,72.5,37.945031716103976,flexion,74.69463130731182,38.84154654712965
DEMO_023,T01,6,0.6000000000000001,validation,synthetic_demo,0.4683496624861034,0.2538402758377494,0.4655702330823012,0.3199312445638292,74.69463130731182,38.84154654712965,flexion,76.72826515897145,39.64119154397241
DEMO_023,T01,7,0.7000000000000001,validation,synthetic_demo,0.5265964018381529,0.28894374120739186,0.504331306552031,0.25027066799050873,76.72826515897145,39.64119154397241,flexion,78.57862063693486,40.33520562871037
DEMO_023,T01,8,0.8,validation,synthetic_demo,0.4926577025992232,0.30826152381340705,0.49688742701653715,0.1602556116226777,78.57862063693486,40.33520562871037,flexion,80.22542485937369,40.91598503779936
DEMO_023,T01,9,0.9,validation,synthetic_demo,0.4134903543645019,0.2887600760561951,0.39893239186955165,0.18267703038416683,80.22542485937369,40.91598503779936,flexion,81.65063509461096,41.3771666304975
DEMO_023,T01,10,1.0,validation,synthetic_demo,0.32573353050037906,0.32586453602974236,0.40030365726935574,0.1905955326064257,81.65063509461096,41.3771666304975,flexion,82.83863644106502,41.71369760476672
DEMO_023,T01,11,1.1,validation,synthetic_demo,0.3512580536573108,0.22279435248633844,0.3050483267843185,0.20462953962491232,82.83863644106502,41.71369760476672,flexion,83.77641290737884,41.921890856829314
DEMO_023,T01,12,1.2000000000000002,validation,synthetic_demo,0.3248835128251197,0.27166052797409646,0.3213927857407563,0.2491772585972215,83.77641290737884,41.921890856829314,flexion,84.45369001834514,41.99946537784843
DEMO_023,T01,13,1.3,validation,synthetic_demo,0.2773978315745294,0.2967837509873696,0.22142200593161238,0.19338103586344926,84.45369001834514,41.99946537784843,hold,84.86304738420684,41.94557124513828
DEMO_023,T01,14,1.4000000000000001,validation,synthetic_demo,0.28044877754431596,0.25836330614504366,0.2614111685656127,0.22682834104380115,84.86304738420684,41.94557124513828,hold,85.0,41.7607989340949
DEMO_023,T01,15,1.5,validation,synthetic_demo,0.1997354185888006,0.2894694389631531,0.23255547850158675,0.29680250934095803,85.0,41.7607989340949,hold,84.86304738420684,41.44717284882418
DEMO_023,T01,16,1.6,validation,synthetic_demo,0.24772143806457844,0.3389011762217377,0.2851051881904748,0.2899223584190413,84.86304738420684,41.44717284882418,hold,84.45369001834514,41.00812914234682
DEMO_023,T01,17,1.7000000000000002,validation,synthetic_demo,0.22811871224836755,0.39356528462921825,0.35104853210445913,0.3484293999568776,84.45369001834514,41.00812914234682,hold,83.77641290737884,40.44847806938679
DEMO_023,T01,18,1.8,validation,synthetic_demo,0.18871179613111,0.41060905046861285,0.3245151150937885,0.3171750414165382,83.77641290737884,40.44847806938679,extension,82.83863644106502,39.77435128421395
DEMO_023,T01,19,1.9000000000000001,validation,synthetic_demo,0.15636241179228205,0.5488968391118849,0.22999875579991536,0.3365208333069226,82.83863644106502,39.77435128421395,extension,81.65063509461098,38.99313466095676
DEMO_023,T01,20,2.0,validation,synthetic_demo,0.17008193870383845,0.5554820434796885,0.2898327647613341,0.36347807093308104,81.65063509461098,38.99313466095676,extension,80.22542485937369,38.113387372419716
DEMO_023,T01,21,2.1,validation,synthetic_demo,0.18039945131501958,0.610546868737774,0.30414615099380304,0.42975147442063355,80.22542485937369,38.113387372419716,extension,78.57862063693486,37.14474811399498
DEMO_023,T01,22,2.2,validation,synthetic_demo,0.21548429577458034,0.5814950819090912,0.3011990756360897,0.41820614185248345,78.57862063693486,37.14474811399498,extension,76.72826515897145,36.097829500098655
DEMO_023,T01,23,2.3000000000000003,validation,synthetic_demo,0.2103346686068524,0.6574553545157883,0.26219463568536117,0.45194241593610424,76.72826515897145,36.097829500098655,extension,74.69463130731182,34.98410179014638
DEMO_023,T01,24,2.4000000000000004,validation,synthetic_demo,0.22454933120167464,0.706848720593254,0.23577915289246462,0.4614582338433571,74.69463130731182,34.98410179014638,extension,72.5,33.815767217990924
DEMO_023,T01,25,2.5,validation,synthetic_demo,0.17379923839545236,0.7880274384411283,0.2623874446985963,0.4181795577012763,72.5,33.815767217990924,extension,70.16841607689501,32.60562630169453
DEMO_023,T01,26,2.6,validation,synthetic_demo,0.23651796713682896,0.7706776689582194,0.262625056136211,0.4708791869550717,70.16841607689501,32.60562630169453,extension,67.72542485937369,31.366937598374406
DEMO_023,T01,27,2.7,validation,synthetic_demo,0.19602996452741847,0.7203447456723063,0.3043155470514629,0.45167174201475185,67.72542485937369,31.366937598374406,extension,65.19779227044398,30.11327244067641
DEMO_023,T01,28,2.8000000000000003,validation,synthetic_demo,0.17464340119353483,0.7708460558062227,0.23083064776847184,0.44223030253232226,65.19779227044398,30.11327244067641,extension,62.613211581691324,28.85836624641458
DEMO_023,T01,29,2.9000000000000004,validation,synthetic_demo,0.22040975882168387,0.8699628961094912,0.31270924065735756,0.5308102724276711,62.613211581691324,28.85836624641458,extension,60.0,27.615968030459264
DEMO_023,T01,30,3.0,validation,synthetic_demo,0.18174380468018572,0.8423031319252943,0.31625404803496215,0.416610493543581,60.0,27.615968030459264,extension,57.38678841830866,26.39968976765299
DEMO_023,T01,31,3.1,validation,synthetic_demo,0.21199137077981772,0.835279489536249,0.2848246497574846,0.35159366285438487,57.38678841830866,26.39968976765299,extension,54.802207729556024,25.22285725716567
DEMO_023,T01,32,3.2,validation,synthetic_demo,0.21592686049777313,0.7483826586325638,0.2594320300270952,0.4408457444366848,54.802207729556024,25.22285725716567,extension,52.27457514062632,24.098364122250224
DEMO_023,T01,33,3.3000000000000003,validation,synthetic_demo,0.18919583370932166,0.8357011266825236,0.26772576807514,0.45453490331793533,52.27457514062632,24.098364122250224,extension,49.831583923104986,23.038530545008104
DEMO_023,T01,34,3.4000000000000004,validation,synthetic_demo,0.20789963899429478,0.7810574391034948,0.2604697851975137,0.4606012076489064,49.831583923104986,23.038530545008104,extension,47.50000000000001,22.054968283896024
DEMO_023,T01,35,3.5,validation,synthetic_demo,0.22245321162217901,0.8209736887670797,0.32807625679134633,0.413426620504668,47.50000000000001,22.054968283896024,extension,45.30536869268818,21.158453452870347
DEMO_023,T01,36,3.6,validation,synthetic_demo,0.2621391851841667,0.6773492792366186,0.26505789360696275,0.33864470426402704,45.30536869268818,21.158453452870347,extension,43.27173484102855,20.35880845602759
DEMO_023,T01,37,3.7,validation,synthetic_demo,0.21884308665451557,0.6852673539159606,0.2354195293338841,0.37470554047728294,43.27173484102855,20.35880845602759,extension,41.42137936306515,19.66479437128963
DEMO_023,T01,38,3.8000000000000003,validation,synthetic_demo,0.22351922140240527,0.6760566963144579,0.2423670761782301,0.3115795616410451,41.42137936306515,19.66479437128963,extension,39.774575140626304,19.084014962200634
DEMO_023,T01,39,3.9000000000000004,validation,synthetic_demo,0.21196968103971137,0.6447383714192824,0.331345381429916,0.36256603503123175,39.774575140626304,19.084014962200634,extension,38.34936490538904,18.6228333695025
DEMO_023,T01,40,4.0,validation,synthetic_demo,0.21850064336721284,0.5810239398528902,0.3532338558471709,0.319523168208273,38.34936490538904,18.6228333695025,extension,37.16136355893498,18.286302395233275
DEMO_023,T01,41,4.1000000000000005,validation,synthetic_demo,0.17998685670984582,0.5252101377505608,0.3127015670870226,0.23921065853223236,37.16136355893498,18.286302395233275,extension,36.22358709262116,18.078109143170686
DEMO_023,T01,42,4.2,validation,synthetic_demo,0.25654037715044303,0.4744807615168086,0.24130770534955875,0.23950473128465558,36.22358709262116,18.078109143170686,extension,35.54630998165486,18.00053462215157
DEMO_023,T01,43,4.3,validation,synthetic_demo,0.18638153478909308,0.42482919609949327,0.37536896203210096,0.22092141019322425,35.54630998165486,18.00053462215157,hold,35.13695261579316,18.05442875486172
DEMO_023,T01,44,4.4,validation,synthetic_demo,0.25017229883213066,0.2840523614605197,0.27852857200664594,0.23721684472600257,35.13695261579316,18.05442875486172,hold,35.0,18.2392010659051
DEMO_023,T01,45,4.5,validation,synthetic_demo,0.23200957828164886,0.30082653811286136,0.33355937402857544,0.2179925877059512,35.0,18.2392010659051,hold,35.13695261579316,18.552827151175826
DEMO_023,T01,46,4.6000000000000005,validation,synthetic_demo,0.2704578088652421,0.38271130626109773,0.3896418533587405,0.24679815432750482,35.13695261579316,18.552827151175826,hold,35.54630998165486,18.991870857653183
DEMO_023,T01,47,4.7,validation,synthetic_demo,0.30716722950992004,0.2392202107833677,0.3757657107688583,0.3026373653734781,35.54630998165486,18.991870857653183,hold,36.223587092621166,19.55152193061322
DEMO_023,T01,48,4.800000000000001,validation,synthetic_demo,0.26662355467377497,0.3432532111589534,0.418291775908785,0.21978820725675627,36.223587092621166,19.55152193061322,flexion,37.16136355893498,20.225648715786054
DEMO_023,T01,49,4.9,validation,synthetic_demo,0.4342059628458711,0.2800447829051809,0.4202839673063888,0.24539798751271388,37.16136355893498,20.225648715786054,flexion,38.34936490538904,21.006865339043237
DEMO_023,T01,50,5.0,validation,synthetic_demo,0.4354910321731673,0.3300818821102072,0.49323136054483524,0.21293350083541085,38.34936490538904,21.006865339043237,flexion,39.774575140626325,21.88661262758029
DEMO_023,T01,51,5.1000000000000005,validation,synthetic_demo,0.4351340122469323,0.2905028014369176,0.49010160433545613,0.2090191829284823,39.774575140626325,21.88661262758029,flexion,41.421379363065135,22.855251886005014
DEMO_023,T01,52,5.2,validation,synthetic_demo,0.4148204159388452,0.2935487190996146,0.5186742010571249,0.2507999765054802,41.421379363065135,22.855251886005014,flexion,43.27173484102855,23.902170499901345
DEMO_023,T01,53,5.300000000000001,validation,synthetic_demo,0.5114112543255427,0.34810803172221816,0.5313045745142816,0.2379714813935213,43.27173484102855,23.902170499901345,flexion,45.30536869268816,25.01589820985361
DEMO_023,T01,54,5.4,validation,synthetic_demo,0.5058790621726408,0.2991814463487044,0.5232649519705797,0.11827815432443015,45.30536869268816,25.01589820985361,flexion,47.499999999999986,26.184232782009072
DEMO_023,T01,55,5.5,validation,synthetic_demo,0.533126140800398,0.32157462941777604,0.5098496721627733,0.20703326392929355,47.499999999999986,26.184232782009072,flexion,49.831583923105,27.394373698305476
DEMO_023,T01,56,5.6000000000000005,validation,synthetic_demo,0.5426313408130182,0.354421443490805,0.5412667550226389,0.2200597750938861,49.831583923105,27.394373698305476,flexion,52.27457514062633,28.633062401625605
DEMO_023,T01,57,5.7,validation,synthetic_demo,0.5527626766616957,0.28035088046720413,0.5538351264173843,0.2796556852404095,52.27457514062633,28.633062401625605,flexion,54.802207729556045,29.886727559323603
DEMO_023,T01,58,5.800000000000001,validation,synthetic_demo,0.5933671687961413,0.24526374706052287,0.576788182991853,0.23662120836725267,54.802207729556045,29.886727559323603,flexion,57.38678841830866,31.141633753585417
DEMO_023,T02,0,0.0,validation,synthetic_demo,0.588523687334096,0.2580482429088513,0.5257606819967703,0.19722375711576567,60.0,32.384031969540736,flexion,62.61321158169134,33.600310232347006
DEMO_023,T02,1,0.1,validation,synthetic_demo,0.6078884111465872,0.25956225758545015,0.5684713258085248,0.20463006770407466,62.61321158169134,33.600310232347006,flexion,65.19779227044398,34.77714274283433
DEMO_023,T02,2,0.2,validation,synthetic_demo,0.5672617504283344,0.21713940059146886,0.5394147129041924,0.20659363243122691,65.19779227044398,34.77714274283433,flexion,67.72542485937369,35.901635877749776
DEMO_023,T02,3,0.30000000000000004,validation,synthetic_demo,0.5292831634632594,0.3398098155050773,0.4863753723095919,0.20296407826373733,67.72542485937369,35.901635877749776,flexion,70.168416076895,36.96146945499189
DEMO_023,T02,4,0.4,validation,synthetic_demo,0.5020816776378164,0.25448673423017165,0.49723172784543146,0.12460307264299644,70.168416076895,36.96146945499189,flexion,72.5,37.945031716103976
DEMO_023,T02,5,0.5,validation,synthetic_demo,0.4647845199920976,0.295376433514507,0.47150811898223205,0.25934521026458457,72.5,37.945031716103976,flexion,74.69463130731182,38.84154654712965
DEMO_023,T02,6,0.6000000000000001,validation,synthetic_demo,0.4800440002283317,0.3202183038414981,0.5213515956198602,0.2373482312371156,74.69463130731182,38.84154654712965,flexion,76.72826515897145,39.64119154397241
DEMO_023,T02,7,0.7000000000000001,validation,synthetic_demo,0.5389704963727606,0.3005263063065052,0.42003148294533715,0.20049211839697745,76.72826515897145,39.64119154397241,flexion,78.57862063693486,40.33520562871037
DEMO_023,T02,8,0.8,validation,synthetic_demo,0.5165217249215077,0.3426320021929498,0.45062871350120115,0.2558116297586678,78.57862063693486,40.33520562871037,flexion,80.22542485937369,40.91598503779936
DEMO_023,T02,9,0.9,validation,synthetic_demo,0.469203777073087,0.3142227545356969,0.40352367085363583,0.28133464666187274,80.22542485937369,40.91598503779936,flexion,81.65063509461096,41.3771666304975
DEMO_023,T02,10,1.0,validation,synthetic_demo,0.43639511722992375,0.32203059705295156,0.36916897842459123,0.23015664304535333,81.65063509461096,41.3771666304975,flexion,82.83863644106502,41.71369760476672
DEMO_023,T02,11,1.1,validation,synthetic_demo,0.3517425640827354,0.2932387794195308,0.3143898086588849,0.33127932643477737,82.83863644106502,41.71369760476672,flexion,83.77641290737884,41.921890856829314
DEMO_023,T02,12,1.2000000000000002,validation,synthetic_demo,0.3433341342981925,0.23784875009783912,0.3462189839805823,0.19423190825191364,83.77641290737884,41.921890856829314,flexion,84.45369001834514,41.99946537784843
DEMO_023,T02,13,1.3,validation,synthetic_demo,0.2397308931274749,0.24311034531649295,0.31631292881902223,0.13075276893633542,84.45369001834514,41.99946537784843,hold,84.86304738420684,41.94557124513828
DEMO_023,T02,14,1.4000000000000001,validation,synthetic_demo,0.24186380206648153,0.20699827485950534,0.27824160316735236,0.3331850591545309,84.86304738420684,41.94557124513828,hold,85.0,41.7607989340949
DEMO_023,T02,15,1.5,validation,synthetic_demo,0.23514484555026727,0.30669660285446665,0.2839864159746088,0.27011679906040137,85.0,41.7607989340949,hold,84.86304738420684,41.44717284882418
DEMO_023,T02,16,1.6,validation,synthetic_demo,0.18841537038132353,0.3000321516386521,0.3245089182792944,0.2646681395668765,84.86304738420684,41.44717284882418,hold,84.45369001834514,41.00812914234682
DEMO_023,T02,17,1.7000000000000002,validation,synthetic_demo,0.22493434426851394,0.3746021618474594,0.30519229917360535,0.3400623870094452,84.45369001834514,41.00812914234682,hold,83.77641290737884,40.44847806938679
DEMO_023,T02,18,1.8,validation,synthetic_demo,0.19252864797210506,0.3915623708355317,0.27874631669091815,0.33585115526108145,83.77641290737884,40.44847806938679,extension,82.83863644106502,39.77435128421395
DEMO_023,T02,19,1.9000000000000001,validation,synthetic_demo,0.18627356156919098,0.4880876558522138,0.2996941041998164,0.3017361838133232,82.83863644106502,39.77435128421395,extension,81.65063509461098,38.99313466095676
DEMO_023,T02,20,2.0,validation,synthetic_demo,0.1918995402218806,0.6118846430594667,0.3067542192915103,0.377668143218048,81.65063509461098,38.99313466095676,extension,80.22542485937369,38.113387372419716
DEMO_023,T02,21,2.1,validation,synthetic_demo,0.13943706541377585,0.6505760863486126,0.28841346382333655,0.3525179992729719,80.22542485937369,38.113387372419716,extension,78.57862063693486,37.14474811399498
DEMO_023,T02,22,2.2,validation,synthetic_demo,0.1946199832775708,0.6470569691761608,0.2690603629768829,0.3926856695902024,78.57862063693486,37.14474811399498,extension,76.72826515897145,36.097829500098655
DEMO_023,T02,23,2.3000000000000003,validation,synthetic_demo,0.23475400061740725,0.6527566112699693,0.2369923665265228,0.4193860406333258,76.72826515897145,36.097829500098655,extension,74.69463130731182,34.98410179014638
DEMO_023,T02,24,2.4000000000000004,validation,synthetic_demo,0.21476396898966013,0.7167781351143035,0.34815505942059216,0.3772978053218162,74.69463130731182,34.98410179014638,extension,72.5,33.815767217990924
DEMO_023,T02,25,2.5,validation,synthetic_demo,0.26548620387400296,0.7602372193539192,0.30099921063316987,0.4491581806502228,72.5,33.815767217990924,extension,70.16841607689501,32.60562630169453
DEMO_023,T02,26,2.6,validation,synthetic_demo,0.26591964215552466,0.7648829338167803,0.2479065450973261,0.4840886325014893,70.16841607689501,32.60562630169453,extension,67.72542485937369,31.366937598374406
DEMO_023,T02,27,2.7,validation,synthetic_demo,0.21448701254968955,0.864205869306923,0.2903390343690796,0.43905809978180255,67.72542485937369,31.366937598374406,extension,65.19779227044398,30.11327244067641
DEMO_023,T02,28,2.8000000000000003,validation,synthetic_demo,0.18621153962802783,0.8131551179022062,0.33622665233615323,0.4299254240629865,65.19779227044398,30.11327244067641,extension,62.613211581691324,28.85836624641458
DEMO_023,T02,29,2.9000000000000004,validation,synthetic_demo,0.19139890297583204,0.7946951461646311,0.2990958308611319,0.4089131871270074,62.613211581691324,28.85836624641458,extension,60.0,27.615968030459264
DEMO_023,T02,30,3.0,validation,synthetic_demo,0.16189899068205893,0.8440200111720061,0.3137830637446094,0.42848920144173674,60.0,27.615968030459264,extension,57.38678841830866,26.39968976765299
DEMO_023,T02,31,3.1,validation,synthetic_demo,0.21088031066498253,0.8507820131683559,0.27646891013667224,0.4342390715199567,57.38678841830866,26.39968976765299,extension,54.802207729556024,25.22285725716567
DEMO_023,T02,32,3.2,validation,synthetic_demo,0.19069024810502944,0.8142625203459017,0.279050637887334,0.40370265751375833,54.802207729556024,25.22285725716567,extension,52.27457514062632,24.098364122250224
DEMO_023,T02,33,3.3000000000000003,validation,synthetic_demo,0.2461063830976754,0.8615850936548138,0.22698761218848662,0.40616307965439874,52.27457514062632,24.098364122250224,extension,49.831583923104986,23.038530545008104
DEMO_023,T02,34,3.4000000000000004,validation,synthetic_demo,0.23528144514069405,0.7708132769329954,0.27767600260611647,0.4354636304406259,49.831583923104986,23.038530545008104,extension,47.50000000000001,22.054968283896024
DEMO_023,T02,35,3.5,validation,synthetic_demo,0.14830576283690713,0.745752874664809,0.29105799442863467,0.40041836929214875,47.50000000000001,22.054968283896024,extension,45.30536869268818,21.158453452870347
DEMO_023,T02,36,3.6,validation,synthetic_demo,0.1416942267098443,0.7134463149271387,0.2836952564264268,0.4046489889767418,45.30536869268818,21.158453452870347,extension,43.27173484102855,20.35880845602759
DEMO_023,T02,37,3.7,validation,synthetic_demo,0.14978607612861175,0.6573897218376287,0.368196858946296,0.4257985287259139,43.27173484102855,20.35880845602759,extension,41.42137936306515,19.66479437128963
DEMO_023,T02,38,3.8000000000000003,validation,synthetic_demo,0.18966493898589296,0.6929859947963349,0.26744946726496915,0.3824436411489092,41.42137936306515,19.66479437128963,extension,39.774575140626304,19.084014962200634
DEMO_023,T02,39,3.9000000000000004,validation,synthetic_demo,0.18106400758230498,0.5937789462366954,0.3082587962166224,0.2929335773070956,39.774575140626304,19.084014962200634,extension,38.34936490538904,18.6228333695025
DEMO_023,T02,40,4.0,validation,synthetic_demo,0.1694064123479618,0.5313198310378442,0.2610292494369246,0.27455992169679827,38.34936490538904,18.6228333695025,extension,37.16136355893498,18.286302395233275
DEMO_023,T02,41,4.1000000000000005,validation,synthetic_demo,0.22144905284579075,0.52129214243075,0.26275144110984766,0.29702753709071483,37.16136355893498,18.286302395233275,extension,36.22358709262116,18.078109143170686
DEMO_023,T02,42,4.2,validation,synthetic_demo,0.1648576851849558,0.49915316325963854,0.3250680706208997,0.25714038002143724,36.22358709262116,18.078109143170686,extension,35.54630998165486,18.00053462215157
DEMO_023,T02,43,4.3,validation,synthetic_demo,0.21984144513360612,0.3447095051473231,0.2790567963978505,0.23009220060434096,35.54630998165486,18.00053462215157,hold,35.13695261579316,18.05442875486172
DEMO_023,T02,44,4.4,validation,synthetic_demo,0.23404424678092436,0.4239736661864763,0.2604885777579817,0.1950756862447501,35.13695261579316,18.05442875486172,hold,35.0,18.2392010659051
DEMO_023,T02,45,4.5,validation,synthetic_demo,0.20045317383878045,0.26125281505475595,0.3543648113885164,0.20261084987541148,35.0,18.2392010659051,hold,35.13695261579316,18.552827151175826
DEMO_023,T02,46,4.6000000000000005,validation,synthetic_demo,0.27327128477050666,0.2525837474059073,0.3365822187285168,0.2755145410573078,35.13695261579316,18.552827151175826,hold,35.54630998165486,18.991870857653183
DEMO_023,T02,47,4.7,validation,synthetic_demo,0.33737340221331835,0.30831883119956444,0.39399406166931045,0.2172961751422995,35.54630998165486,18.991870857653183,hold,36.223587092621166,19.55152193061322
DEMO_023,T02,48,4.800000000000001,validation,synthetic_demo,0.3419656352666803,0.28941154037202316,0.4095654543742788,0.23794173164336835,36.223587092621166,19.55152193061322,flexion,37.16136355893498,20.225648715786054
DEMO_023,T02,49,4.9,validation,synthetic_demo,0.3629310784575063,0.3388605181407038,0.42312674344917284,0.1938374193253915,37.16136355893498,20.225648715786054,flexion,38.34936490538904,21.006865339043237
DEMO_023,T02,50,5.0,validation,synthetic_demo,0.41313127420272727,0.27274141680582625,0.4882281366005117,0.21236613188257455,38.34936490538904,21.006865339043237,flexion,39.774575140626325,21.88661262758029
DEMO_023,T02,51,5.1000000000000005,validation,synthetic_demo,0.44774259388853416,0.2940564197222757,0.4659956338818518,0.25162729975078124,39.774575140626325,21.88661262758029,flexion,41.421379363065135,22.855251886005014
DEMO_023,T02,52,5.2,validation,synthetic_demo,0.400251474984262,0.29409031977503347,0.49340381477090456,0.2573212516210628,41.421379363065135,22.855251886005014,flexion,43.27173484102855,23.902170499901345
DEMO_023,T02,53,5.300000000000001,validation,synthetic_demo,0.483929414145729,0.340686701877,0.5297980625985399,0.17984251014064712,43.27173484102855,23.902170499901345,flexion,45.30536869268816,25.01589820985361
DEMO_023,T02,54,5.4,validation,synthetic_demo,0.5201872992523257,0.26635579988507857,0.5679891492976593,0.21499584560654428,45.30536869268816,25.01589820985361,flexion,47.499999999999986,26.184232782009072
DEMO_023,T02,55,5.5,validation,synthetic_demo,0.4937533010066546,0.32973359473501423,0.5462679426420144,0.23948428429909374,47.499999999999986,26.184232782009072,flexion,49.831583923105,27.394373698305476
DEMO_023,T02,56,5.6000000000000005,validation,synthetic_demo,0.5091661524076174,0.36075863259904506,0.5553716183826931,0.2760469294031839,49.831583923105,27.394373698305476,flexion,52.27457514062633,28.633062401625605
DEMO_023,T02,57,5.7,validation,synthetic_demo,0.5400892582865614,0.2673000331608438,0.5038833034476609,0.2775457037414224,52.27457514062633,28.633062401625605,flexion,54.802207729556045,29.886727559323603
DEMO_023,T02,58,5.800000000000001,validation,synthetic_demo,0.6052693768423747,0.3121967333306426,0.5094049827104623,0.29968037876512305,54.802207729556045,29.886727559323603,flexion,57.38678841830866,31.141633753585417
DEMO_023,T03,0,0.0,validation,synthetic_demo,0.6131239720497224,0.2963050636946964,0.6296268265807823,0.1841878921660694,60.0,32.384031969540736,flexion,62.61321158169134,33.600310232347006
DEMO_023,T03,1,0.1,validation,synthetic_demo,0.6024950624561112,0.30892937766386286,0.5677205121482338,0.24528496617849016,62.61321158169134,33.600310232347006,flexion,65.19779227044398,34.77714274283433
DEMO_023,T03,2,0.2,validation,synthetic_demo,0.5796078973081438,0.3248250316530141,0.5738653308421429,0.19854461395284267,65.19779227044398,34.77714274283433,flexion,67.72542485937369,35.901635877749776
DEMO_023,T03,3,0.30000000000000004,validation,synthetic_demo,0.6172005666224305,0.2869314211077983,0.4646853888981601,0.207871756296914,67.72542485937369,35.901635877749776,flexion,70.168416076895,36.96146945499189
DEMO_023,T03,4,0.4,validation,synthetic_demo,0.4888508602557221,0.2973914181581269,0.464680983400149,0.24433836602638614,70.168416076895,36.96146945499189,flexion,72.5,37.945031716103976
DEMO_023,T03,5,0.5,validation,synthetic_demo,0.5355967467940425,0.28078218960455975,0.49824904478859783,0.3018698649810355,72.5,37.945031716103976,flexion,74.69463130731182,38.84154654712965
DEMO_023,T03,6,0.6000000000000001,validation,synthetic_demo,0.5111989128704292,0.3173997626487801,0.4813488433810822,0.1893036293105631,74.69463130731182,38.84154654712965,flexion,76.72826515897145,39.64119154397241
DEMO_023,T03,7,0.7000000000000001,validation,synthetic_demo,0.471768260419487,0.21155639393044345,0.5037034902685351,0.1826969745996109,76.72826515897145,39.64119154397241,flexion,78.57862063693486,40.33520562871037
DEMO_023,T03,8,0.8,validation,synthetic_demo,0.5019168074938051,0.34200178184434177,0.4162096369715809,0.2597812802221388,78.57862063693486,40.33520562871037,flexion,80.22542485937369,40.91598503779936
DEMO_023,T03,9,0.9,validation,synthetic_demo,0.45991436460083907,0.33645394609910784,0.34181321676535187,0.2019291735343501,80.22542485937369,40.91598503779936,flexion,81.65063509461096,41.3771666304975
DEMO_023,T03,10,1.0,validation,synthetic_demo,0.3632617190225308,0.28981053051049205,0.37519003659762745,0.2055933839433743,81.65063509461096,41.3771666304975,flexion,82.83863644106502,41.71369760476672
DEMO_023,T03,11,1.1,validation,synthetic_demo,0.3861567312438405,0.2817529121864661,0.3098553527190057,0.26277508329101545,82.83863644106502,41.71369760476672,flexion,83.77641290737884,41.921890856829314
DEMO_023,T03,12,1.2000000000000002,validation,synthetic_demo,0.29501132030793314,0.3349163234667563,0.30909178457769565,0.18257372620617113,83.77641290737884,41.921890856829314,flexion,84.45369001834514,41.99946537784843
DEMO_023,T03,13,1.3,validation,synthetic_demo,0.29633092669188266,0.24120032662319202,0.30423048405216735,0.29528216769729526,84.45369001834514,41.99946537784843,hold,84.86304738420684,41.94557124513828
DEMO_023,T03,14,1.4000000000000001,validation,synthetic_demo,0.24569010381545606,0.30123550950144956,0.24865722292374146,0.32048955741093593,84.86304738420684,41.94557124513828,hold,85.0,41.7607989340949
DEMO_023,T03,15,1.5,validation,synthetic_demo,0.21595132963327238,0.3139847231683005,0.25656579406603275,0.288921446215892,85.0,41.7607989340949,hold,84.86304738420684,41.44717284882418
DEMO_023,T03,16,1.6,validation,synthetic_demo,0.18660910915531215,0.32124455496040694,0.24856803225563676,0.3226219723201193,84.86304738420684,41.44717284882418,hold,84.45369001834514,41.00812914234682
DEMO_023,T03,17,1.7000000000000002,validation,synthetic_demo,0.23912749342283005,0.36651648250442326,0.25816570949098355,0.341686161561676,84.45369001834514,41.00812914234682,hold,83.77641290737884,40.44847806938679
DEMO_023,T03,18,1.8,validation,synthetic_demo,0.23703423929410272,0.4083492717100766,0.2979769607582696,0.2852277879756744,83.77641290737884,40.44847806938679,extension,82.83863644106502,39.77435128421395
DEMO_023,T03,19,1.9000000000000001,validation,synthetic_demo,0.3019413711504421,0.49781947022417256,0.2861386393775518,0.40727237564787777,82.83863644106502,39.77435128421395,extension,81.65063509461098,38.99313466095676
DEMO_023,T03,20,2.0,validation,synthetic_demo,0.16707908932413465,0.5412377308331346,0.2610056359475166,0.3842731353281731,81.65063509461098,38.99313466095676,extension,80.22542485937369,38.113387372419716
DEMO_023,T03,21,2.1,validation,synthetic_demo,0.15844011759489507,0.6075632995838445,0.3003791196067391,0.3562644266973711,80.22542485937369,38.113387372419716,extension,78.57862063693486,37.14474811399498
DEMO_023,T03,22,2.2,validation,synthetic_demo,0.24489559954490359,0.6348042963190282,0.2581614813271405,0.41114650002375547,78.57862063693486,37.14474811399498,extension,76.72826515897145,36.097829500098655
DEMO_023,T03,23,2.3000000000000003,validation,synthetic_demo,0.18627091027075274,0.604126950561236,0.3154456071656594,0.40965196614325305,76.72826515897145,36.097829500098655,extension,74.69463130731182,34.98410179014638
DEMO_023,T03,24,2.4000000000000004,validation,synthetic_demo,0.20385579370501955,0.7090692914469137,0.2556019094300619,0.4531288649369587,74.69463130731182,34.98410179014638,extension,72.5,33.815767217990924
DEMO_023,T03,25,2.5,validation,synthetic_demo,0.24031709840127968,0.7165173553227953,0.29371030288645333,0.4585308951851371,72.5,33.815767217990924,extension,70.16841607689501,32.60562630169453
DEMO_023,T03,26,2.6,validation,synthetic_demo,0.17987412485700627,0.8096043209004704,0.25234128879890866,0.4886206512778343,70.16841607689501,32.60562630169453,extension,67.72542485937369,31.366937598374406
DEMO_023,T03,27,2.7,validation,synthetic_demo,0.20443760601129923,0.7843215702258389,0.26480157977769114,0.44065573609895853,67.72542485937369,31.366937598374406,extension,65.19779227044398,30.11327244067641
DEMO_023,T03,28,2.8000000000000003,validation,synthetic_demo,0.19853211604367285,0.7636014626532244,0.35061016182675386,0.4501856155751655,65.19779227044398,30.11327244067641,extension,62.613211581691324,28.85836624641458
DEMO_023,T03,29,2.9000000000000004,validation,synthetic_demo,0.20318627871134906,0.767997652979061,0.22890674662826585,0.4221354429178295,62.613211581691324,28.85836624641458,extension,60.0,27.615968030459264
DEMO_023,T03,30,3.0,validation,synthetic_demo,0.2479466204241479,0.7972065176948964,0.3044954582295442,0.44049236341725984,60.0,27.615968030459264,extension,57.38678841830866,26.39968976765299
DEMO_023,T03,31,3.1,validation,synthetic_demo,0.2778919621035666,0.8440631895565646,0.25931505096644547,0.4378200864964628,57.38678841830866,26.39968976765299,extension,54.802207729556024,25.22285725716567
DEMO_023,T03,32,3.2,validation,synthetic_demo,0.1457332776387027,0.8429854780669412,0.2703614945514242,0.37409827267409346,54.802207729556024,25.22285725716567,extension,52.27457514062632,24.098364122250224
DEMO_023,T03,33,3.3000000000000003,validation,synthetic_demo,0.20273272761609612,0.7366228144800984,0.2625475029190701,0.42387947455672936,52.27457514062632,24.098364122250224,extension,49.831583923104986,23.038530545008104
DEMO_023,T03,34,3.4000000000000004,validation,synthetic_demo,0.21965500876161392,0.7497248542867552,0.29161938248816266,0.424810524485088,49.831583923104986,23.038530545008104,extension,47.50000000000001,22.054968283896024
DEMO_023,T03,35,3.5,validation,synthetic_demo,0.20563595250733746,0.8027065676725101,0.2989525895793637,0.40294500596909827,47.50000000000001,22.054968283896024,extension,45.30536869268818,21.158453452870347
DEMO_023,T03,36,3.6,validation,synthetic_demo,0.24085403684838477,0.8199641771743993,0.32584992554550707,0.36838545538823025,45.30536869268818,21.158453452870347,extension,43.27173484102855,20.35880845602759
DEMO_023,T03,37,3.7,validation,synthetic_demo,0.15403854916821616,0.7290622192081535,0.270408537989185,0.3948682750360002,43.27173484102855,20.35880845602759,extension,41.42137936306515,19.66479437128963
DEMO_023,T03,38,3.8000000000000003,validation,synthetic_demo,0.13669449269676068,0.645668288068891,0.25214806507851706,0.30166428773324083,41.42137936306515,19.66479437128963,extension,39.774575140626304,19.084014962200634
DEMO_023,T03,39,3.9000000000000004,validation,synthetic_demo,0.27431253425428337,0.5844279137678025,0.3038955217166026,0.32485731321260736,39.774575140626304,19.084014962200634,extension,38.34936490538904,18.6228333695025
DEMO_023,T03,40,4.0,validation,synthetic_demo,0.20781035436056614,0.5490242535942647,0.2565400078249119,0.25110091545180735,38.34936490538904,18.6228333695025,extension,37.16136355893498,18.286302395233275
DEMO_023,T03,41,4.1000000000000005,validation,synthetic_demo,0.174660409260543,0.5379535910604546,0.3241588772773863,0.26217404504773134,37.16136355893498,18.286302395233275,extension,36.22358709262116,18.078109143170686
DEMO_023,T03,42,4.2,validation,synthetic_demo,0.19462569415527758,0.44755702865398905,0.27364020399160466,0.2458789559304851,36.22358709262116,18.078109143170686,extension,35.54630998165486,18.00053462215157
DEMO_023,T03,43,4.3,validation,synthetic_demo,0.21920958329478377,0.43598116645757934,0.34816190495097155,0.1875896983018104,35.54630998165486,18.00053462215157,hold,35.13695261579316,18.05442875486172
DEMO_023,T03,44,4.4,validation,synthetic_demo,0.22766198674964155,0.4061289885662452,0.29383059510691567,0.15680977415903352,35.13695261579316,18.05442875486172,hold,35.0,18.2392010659051
DEMO_023,T03,45,4.5,validation,synthetic_demo,0.19048245887819246,0.25433388656677575,0.3295030263966998,0.18764682176779648,35.0,18.2392010659051,hold,35.13695261579316,18.552827151175826
DEMO_023,T03,46,4.6000000000000005,validation,synthetic_demo,0.21937939474438942,0.2832851005254676,0.3354251313627167,0.20069802600285291,35.13695261579316,18.552827151175826,hold,35.54630998165486,18.991870857653183
DEMO_023,T03,47,4.7,validation,synthetic_demo,0.33234990120054625,0.26824620584659264,0.36963910270412687,0.16969658924096853,35.54630998165486,18.991870857653183,hold,36.223587092621166,19.55152193061322
DEMO_023,T03,48,4.800000000000001,validation,synthetic_demo,0.27347607900472093,0.2702874335980655,0.40030230172975256,0.21281817033749587,36.223587092621166,19.55152193061322,flexion,37.16136355893498,20.225648715786054
DEMO_023,T03,49,4.9,validation,synthetic_demo,0.35421089762564906,0.28656205700979726,0.4384174619025247,0.21691770733148089,37.16136355893498,20.225648715786054,flexion,38.34936490538904,21.006865339043237
DEMO_023,T03,50,5.0,validation,synthetic_demo,0.4326913787721031,0.2825070162512983,0.4426177082043891,0.27385265523434926,38.34936490538904,21.006865339043237,flexion,39.774575140626325,21.88661262758029
DEMO_023,T03,51,5.1000000000000005,validation,synthetic_demo,0.41542291279852517,0.2704351438548862,0.46632540179833804,0.26862468285473573,39.774575140626325,21.88661262758029,flexion,41.421379363065135,22.855251886005014
DEMO_023,T03,52,5.2,validation,synthetic_demo,0.41637860049024367,0.34914618662406544,0.5306588153897358,0.140892426908948,41.421379363065135,22.855251886005014,flexion,43.27173484102855,23.902170499901345
DEMO_023,T03,53,5.300000000000001,validation,synthetic_demo,0.5323675822251641,0.30494942102352957,0.48153858289248364,0.210131957060108,43.27173484102855,23.902170499901345,flexion,45.30536869268816,25.01589820985361
DEMO_023,T03,54,5.4,validation,synthetic_demo,0.4994315579466898,0.2930100854856364,0.5414639751209269,0.25417284378037713,45.30536869268816,25.01589820985361,flexion,47.499999999999986,26.184232782009072
DEMO_023,T03,55,5.5,validation,synthetic_demo,0.5389709723629197,0.24105773455858223,0.5417096750868768,0.20208531638952199,47.499999999999986,26.184232782009072,flexion,49.831583923105,27.394373698305476
DEMO_023,T03,56,5.6000000000000005,validation,synthetic_demo,0.5511477435835974,0.2852585672651132,0.5717651674621371,0.21240342511301605,49.831583923105,27.394373698305476,flexion,52.27457514062633,28.633062401625605
DEMO_023,T03,57,5.7,validation,synthetic_demo,0.5441659341368059,0.3139052500257674,0.5321167723378248,0.1438682994681695,52.27457514062633,28.633062401625605,flexion,54.802207729556045,29.886727559323603
DEMO_023,T03,58,5.800000000000001,validation,synthetic_demo,0.5625100027974974,0.3055588904655266,0.564488175637086,0.2709528439013399,54.802207729556045,29.886727559323603,flexion,57.38678841830866,31.141633753585417
DEMO_024,T01,0,0.0,test,synthetic_demo,0.5799456629521644,0.18152014243766837,0.5111605617198491,0.24617346874040152,60.0,32.384031969540736,flexion,62.61321158169134,33.600310232347006
DEMO_024,T01,1,0.1,test,synthetic_demo,0.61813724966528,0.1799612226735996,0.5260108836660236,0.2820629297318848,62.61321158169134,33.600310232347006,flexion,65.19779227044398,34.77714274283433
DEMO_024,T01,2,0.2,test,synthetic_demo,0.528142290203017,0.20612155422674197,0.521751647696143,0.2345173867093927,65.19779227044398,34.77714274283433,flexion,67.72542485937369,35.901635877749776
DEMO_024,T01,3,0.30000000000000004,test,synthetic_demo,0.5602830410914321,0.21940308713817025,0.5280703347229241,0.24122222393678386,67.72542485937369,35.901635877749776,flexion,70.168416076895,36.96146945499189
DEMO_024,T01,4,0.4,test,synthetic_demo,0.5148610334876931,0.22612417184983824,0.51779531595489,0.2814149408739422,70.168416076895,36.96146945499189,flexion,72.5,37.945031716103976
DEMO_024,T01,5,0.5,test,synthetic_demo,0.5396908079447289,0.19694508480673306,0.46611119940496887,0.2806767020487923,72.5,37.945031716103976,flexion,74.69463130731182,38.84154654712965
DEMO_024,T01,6,0.6000000000000001,test,synthetic_demo,0.5120613446168069,0.2274747292368725,0.5541444133646685,0.2498523663866136,74.69463130731182,38.84154654712965,flexion,76.72826515897145,39.64119154397241
DEMO_024,T01,7,0.7000000000000001,test,synthetic_demo,0.4761845969716116,0.19397482135967933,0.48743070653651205,0.2706175068887874,76.72826515897145,39.64119154397241,flexion,78.57862063693486,40.33520562871037
DEMO_024,T01,8,0.8,test,synthetic_demo,0.4793905552228609,0.22152690312594955,0.4170670946717059,0.3226998376929982,78.57862063693486,40.33520562871037,flexion,80.22542485937369,40.91598503779936
DEMO_024,T01,9,0.9,test,synthetic_demo,0.4541697839545007,0.1919762019971159,0.4141731178644637,0.32498749201015376,80.22542485937369,40.91598503779936,flexion,81.65063509461096,41.3771666304975
DEMO_024,T01,10,1.0,test,synthetic_demo,0.3426930541732688,0.2539605710155453,0.3851151383728596,0.24442388096630882,81.65063509461096,41.3771666304975,flexion,82.83863644106502,41.71369760476672
DEMO_024,T01,11,1.1,test,synthetic_demo,0.3187744768680245,0.1990706118277057,0.3445017298784382,0.247746501089059,82.83863644106502,41.71369760476672,flexion,83.77641290737884,41.921890856829314
DEMO_024,T01,12,1.2000000000000002,test,synthetic_demo,0.34423535126548616,0.2320378405758851,0.3006916137785527,0.2832911457008043,83.77641290737884,41.921890856829314,flexion,84.45369001834514,41.99946537784843
DEMO_024,T01,13,1.3,test,synthetic_demo,0.2603317024624461,0.20553389825913823,0.3288112256385269,0.338977875590564,84.45369001834514,41.99946537784843,hold,84.86304738420684,41.94557124513828
DEMO_024,T01,14,1.4000000000000001,test,synthetic_demo,0.23210672444906602,0.24920094933875128,0.295264585645628,0.33020413392684556,84.86304738420684,41.94557124513828,hold,85.0,41.7607989340949
DEMO_024,T01,15,1.5,test,synthetic_demo,0.26182701539370684,0.22144868364769393,0.31131325614631095,0.3352741445220509,85.0,41.7607989340949,hold,84.86304738420684,41.44717284882418
DEMO_024,T01,16,1.6,test,synthetic_demo,0.19376416672708469,0.23662834430331486,0.28278397982161146,0.3401444098566878,84.86304738420684,41.44717284882418,hold,84.45369001834514,41.00812914234682
DEMO_024,T01,17,1.7000000000000002,test,synthetic_demo,0.2396326647302524,0.27758367509161047,0.302291724314953,0.353339742327724,84.45369001834514,41.00812914234682,hold,83.77641290737884,40.44847806938679
DEMO_024,T01,18,1.8,test,synthetic_demo,0.20847816136584266,0.37346191337201334,0.29181404351597023,0.40591041144274037,83.77641290737884,40.44847806938679,extension,82.83863644106502,39.77435128421395
DEMO_024,T01,19,1.9000000000000001,test,synthetic_demo,0.20382704214593556,0.3809427901626825,0.28104009301496513,0.45507467238672833,82.83863644106502,39.77435128421395,extension,81.65063509461098,38.99313466095676
DEMO_024,T01,20,2.0,test,synthetic_demo,0.24677991321721815,0.4194151627802387,0.2954174162463595,0.5009568014321287,81.65063509461098,38.99313466095676,extension,80.22542485937369,38.113387372419716
DEMO_024,T01,21,2.1,test,synthetic_demo,0.17649868584018166,0.4473938502395724,0.2701678920235769,0.3877053204701377,80.22542485937369,38.113387372419716,extension,78.57862063693486,37.14474811399498
DEMO_024,T01,22,2.2,test,synthetic_demo,0.19625249401357386,0.5077293338995518,0.24447751053890426,0.4392904851858388,78.57862063693486,37.14474811399498,extension,76.72826515897145,36.097829500098655
DEMO_024,T01,23,2.3000000000000003,test,synthetic_demo,0.17338015129449819,0.5490683188358373,0.2820128549809351,0.5536200393299078,76.72826515897145,36.097829500098655,extension,74.69463130731182,34.98410179014638
DEMO_024,T01,24,2.4000000000000004,test,synthetic_demo,0.24020755377197417,0.5628153230353908,0.2896337709431577,0.4857479182076041,74.69463130731182,34.98410179014638,extension,72.5,33.815767217990924
DEMO_024,T01,25,2.5,test,synthetic_demo,0.22429408401793785,0.5371518560704377,0.2981968183789983,0.5292048782139824,72.5,33.815767217990924,extension,70.16841607689501,32.60562630169453
DEMO_024,T01,26,2.6,test,synthetic_demo,0.1960048739945916,0.6013673817194617,0.3128719920971132,0.5414474568370815,70.16841607689501,32.60562630169453,extension,67.72542485937369,31.366937598374406
DEMO_024,T01,27,2.7,test,synthetic_demo,0.1646118036789554,0.6091697277973869,0.26662154814490224,0.5811722233807874,67.72542485937369,31.366937598374406,extension,65.19779227044398,30.11327244067641
DEMO_024,T01,28,2.8000000000000003,test,synthetic_demo,0.1793428906142299,0.5702348253587824,0.2557260275233053,0.5408713237000863,65.19779227044398,30.11327244067641,extension,62.613211581691324,28.85836624641458
DEMO_024,T01,29,2.9000000000000004,test,synthetic_demo,0.16308826867810286,0.5269015203917402,0.21402834746394225,0.5378085209546775,62.613211581691324,28.85836624641458,extension,60.0,27.615968030459264
DEMO_024,T01,30,3.0,test,synthetic_demo,0.1984635991466759,0.6159854310398776,0.35150009125416615,0.5523501781209812,60.0,27.615968030459264,extension,57.38678841830866,26.39968976765299
DEMO_024,T01,31,3.1,test,synthetic_demo,0.21399541853655268,0.5490529003797784,0.2881074902055681,0.48537180739668945,57.38678841830866,26.39968976765299,extension,54.802207729556024,25.22285725716567
DEMO_024,T01,32,3.2,test,synthetic_demo,0.23216187070266187,0.6089616221362513,0.2911978518606614,0.5212642135658613,54.802207729556024,25.22285725716567,extension,52.27457514062632,24.098364122250224
DEMO_024,T01,33,3.3000000000000003,test,synthetic_demo,0.18458305179172044,0.5836810717520943,0.323298728329265,0.5100728844253921,52.27457514062632,24.098364122250224,extension,49.831583923104986,23.038530545008104
DEMO_024,T01,34,3.4000000000000004,test,synthetic_demo,0.26710727169076687,0.5686899134197404,0.27123580959584,0.5142461552795026,49.831583923104986,23.038530545008104,extension,47.50000000000001,22.054968283896024
DEMO_024,T01,35,3.5,test,synthetic_demo,0.2505790975949265,0.5202547005751783,0.3112798273399401,0.51158242928305,47.50000000000001,22.054968283896024,extension,45.30536869268818,21.158453452870347
DEMO_024,T01,36,3.6,test,synthetic_demo,0.1789681684762874,0.5134904106848219,0.3045666509345942,0.45712001414035924,45.30536869268818,21.158453452870347,extension,43.27173484102855,20.35880845602759
DEMO_024,T01,37,3.7,test,synthetic_demo,0.2281446186231016,0.5037867608214258,0.30778555654186535,0.4292625293285552,43.27173484102855,20.35880845602759,extension,41.42137936306515,19.66479437128963
DEMO_024,T01,38,3.8000000000000003,test,synthetic_demo,0.22391140940615634,0.46008013670729053,0.2646816209134769,0.39937899326489834,41.42137936306515,19.66479437128963,extension,39.774575140626304,19.084014962200634
DEMO_024,T01,39,3.9000000000000004,test,synthetic_demo,0.21126017941859437,0.42267257829373917,0.2690096222192805,0.3543332673581936,39.774575140626304,19.084014962200634,extension,38.34936490538904,18.6228333695025
DEMO_024,T01,40,4.0,test,synthetic_demo,0.17628503142220683,0.4166758707288285,0.2543603082677686,0.3292385736380762,38.34936490538904,18.6228333695025,extension,37.16136355893498,18.286302395233275
DEMO_024,T01,41,4.1000000000000005,test,synthetic_demo,0.17775270681088923,0.3972938970125828,0.26622780661267315,0.27886872784521033,37.16136355893498,18.286302395233275,extension,36.22358709262116,18.078109143170686
DEMO_024,T01,42,4.2,test,synthetic_demo,0.19590400015959647,0.3752826859299447,0.34346352668411007,0.2942269595908213,36.22358709262116,18.078109143170686,extension,35.54630998165486,18.00053462215157
DEMO_024,T01,43,4.3,test,synthetic_demo,0.20756108833139955,0.2987173180460872,0.3305332004595381,0.2481717817381276,35.54630998165486,18.00053462215157,hold,35.13695261579316,18.05442875486172
DEMO_024,T01,44,4.4,test,synthetic_demo,0.20812765587050477,0.22475569064024584,0.2702582696017872,0.2130637174075729,35.13695261579316,18.05442875486172,hold,35.0,18.2392010659051
DEMO_024,T01,45,4.5,test,synthetic_demo,0.14433883133129438,0.19982169700583044,0.3259646488657625,0.2128385693744983,35.0,18.2392010659051,hold,35.13695261579316,18.552827151175826
DEMO_024,T01,46,4.6000000000000005,test,synthetic_demo,0.26811502780382646,0.22958609819999873,0.4063641950437886,0.27073245263258133,35.13695261579316,18.552827151175826,hold,35.54630998165486,18.991870857653183
DEMO_024,T01,47,4.7,test,synthetic_demo,0.2510910063526407,0.22417397145459445,0.38314288044296596,0.261230620878903,35.54630998165486,18.991870857653183,hold,36.223587092621166,19.55152193061322
DEMO_024,T01,48,4.800000000000001,test,synthetic_demo,0.3377247815973785,0.25757510249231697,0.4167122246532705,0.23315567760308298,36.223587092621166,19.55152193061322,flexion,37.16136355893498,20.225648715786054
DEMO_024,T01,49,4.9,test,synthetic_demo,0.36868575880519316,0.24436734813607933,0.49502582044030524,0.2474618895306077,37.16136355893498,20.225648715786054,flexion,38.34936490538904,21.006865339043237
DEMO_024,T01,50,5.0,test,synthetic_demo,0.40109829816959885,0.16462923760294723,0.5251781532604127,0.22079956304039883,38.34936490538904,21.006865339043237,flexion,39.774575140626325,21.88661262758029
DEMO_024,T01,51,5.1000000000000005,test,synthetic_demo,0.3869691095190348,0.205509800370331,0.5283861967518194,0.23076190896905083,39.774575140626325,21.88661262758029,flexion,41.421379363065135,22.855251886005014
DEMO_024,T01,52,5.2,test,synthetic_demo,0.4254068104319836,0.22488834885641193,0.49670570880519344,0.20282088767001505,41.421379363065135,22.855251886005014,flexion,43.27173484102855,23.902170499901345
DEMO_024,T01,53,5.300000000000001,test,synthetic_demo,0.5181866725691959,0.27626085456868826,0.5803261320634012,0.29151300020627874,43.27173484102855,23.902170499901345,flexion,45.30536869268816,25.01589820985361
DEMO_024,T01,54,5.4,test,synthetic_demo,0.5651332118077343,0.20010130456390124,0.5153332510133626,0.3413672641511448,45.30536869268816,25.01589820985361,flexion,47.499999999999986,26.184232782009072
DEMO_024,T01,55,5.5,test,synthetic_demo,0.5554584063444,0.2464983864624164,0.6035256479914969,0.2772768550103842,47.499999999999986,26.184232782009072,flexion,49.831583923105,27.394373698305476
DEMO_024,T01,56,5.6000000000000005,test,synthetic_demo,0.5474551638990536,0.26058213715313067,0.586531414274608,0.29487300294982005,49.831583923105,27.394373698305476,flexion,52.27457514062633,28.633062401625605
DEMO_024,T01,57,5.7,test,synthetic_demo,0.5783852369793336,0.18032370243332185,0.5762788793258754,0.2698382165571348,52.27457514062633,28.633062401625605,flexion,54.802207729556045,29.886727559323603
DEMO_024,T01,58,5.800000000000001,test,synthetic_demo,0.5966733001247501,0.22470115941103003,0.5432176823382066,0.2772774375619786,54.802207729556045,29.886727559323603,flexion,57.38678841830866,31.141633753585417
DEMO_024,T02,0,0.0,test,synthetic_demo,0.6057620834964822,0.24355128596695208,0.5520682151087806,0.22322181274196007,60.0,32.384031969540736,flexion,62.61321158169134,33.600310232347006
DEMO_024,T02,1,0.1,test,synthetic_demo,0.6084478061793516,0.18937374588960634,0.6053811946592654,0.37087712110513327,62.61321158169134,33.600310232347006,flexion,65.19779227044398,34.77714274283433
DEMO_024,T02,2,0.2,test,synthetic_demo,0.5801819758105872,0.23580018854367055,0.5479459237268944,0.24480197314137975,65.19779227044398,34.77714274283433,flexion,67.72542485937369,35.901635877749776
DEMO_024,T02,3,0.30000000000000004,test,synthetic_demo,0.569935152526673,0.1731210827777649,0.469155616571764,0.3164158468866369,67.72542485937369,35.901635877749776,flexion,70.168416076895,36.96146945499189
DEMO_024,T02,4,0.4,test,synthetic_demo,0.5824869521693133,0.17559541580023058,0.4936372766347967,0.2603516953380026,70.168416076895,36.96146945499189,flexion,72.5,37.945031716103976
DEMO_024,T02,5,0.5,test,synthetic_demo,0.4766521754984307,0.2340720016440174,0.4027290739727303,0.23124439794913237,72.5,37.945031716103976,flexion,74.69463130731182,38.84154654712965
DEMO_024,T02,6,0.6000000000000001,test,synthetic_demo,0.5286731127012099,0.19367010169800564,0.5059402793291556,0.24455833202458846,74.69463130731182,38.84154654712965,flexion,76.72826515897145,39.64119154397241
DEMO_024,T02,7,0.7000000000000001,test,synthetic_demo,0.463051067859486,0.26734445825908165,0.4325060608872545,0.2740886854594931,76.72826515897145,39.64119154397241,flexion,78.57862063693486,40.33520562871037
DEMO_024,T02,8,0.8,test,synthetic_demo,0.36756295375949144,0.251648193530288,0.4557921769385287,0.3051923813131511,78.57862063693486,40.33520562871037,flexion,80.22542485937369,40.91598503779936
DEMO_024,T02,9,0.9,test,synthetic_demo,0.43236416563561514,0.31349063325620036,0.4224048266405801,0.2571293529955122,80.22542485937369,40.91598503779936,flexion,81.65063509461096,41.3771666304975
DEMO_024,T02,10,1.0,test,synthetic_demo,0.4065233555987709,0.24170906624487482,0.3066820530410963,0.2716181125392669,81.65063509461096,41.3771666304975,flexion,82.83863644106502,41.71369760476672
DEMO_024,T02,11,1.1,test,synthetic_demo,0.24425798996937037,0.22743187639365886,0.3031135180688146,0.3176368481538655,82.83863644106502,41.71369760476672,flexion,83.77641290737884,41.921890856829314
DEMO_024,T02,12,1.2000000000000002,test,synthetic_demo,0.31525741528318746,0.28509781856009464,0.34909013644704256,0.2574608648201672,83.77641290737884,41.921890856829314,flexion,84.45369001834514,41.99946537784843
DEMO_024,T02,13,1.3,test,synthetic_demo,0.3277916369755159,0.17084145291313269,0.24609775422485905,0.26623797376386316,84.45369001834514,41.99946537784843,hold,84.86304738420684,41.94557124513828
DEMO_024,T02,14,1.4000000000000001,test,synthetic_demo,0.2692055179753572,0.16516056425113435,0.2994088421036074,0.2966771276802348,84.86304738420684,41.94557124513828,hold,85.0,41.7607989340949
DEMO_024,T02,15,1.5,test,synthetic_demo,0.23879722599610598,0.2675141116306697,0.29820627927142485,0.33359322064251595,85.0,41.7607989340949,hold,84.86304738420684,41.44717284882418
DEMO_024,T02,16,1.6,test,synthetic_demo,0.19675940117131527,0.2139464261124292,0.26854253190498195,0.37962999336418424,84.86304738420684,41.44717284882418,hold,84.45369001834514,41.00812914234682
DEMO_024,T02,17,1.7000000000000002,test,synthetic_demo,0.1889540184481738,0.3248369773445383,0.25790528034620397,0.3482565392495177,84.45369001834514,41.00812914234682,hold,83.77641290737884,40.44847806938679
DEMO_024,T02,18,1.8,test,synthetic_demo,0.19607062211693368,0.33435369102280743,0.2926706533341493,0.4214082532692879,83.77641290737884,40.44847806938679,extension,82.83863644106502,39.77435128421395
DEMO_024,T02,19,1.9000000000000001,test,synthetic_demo,0.23945174846324388,0.42656430908237775,0.352121013546804,0.3914873396892013,82.83863644106502,39.77435128421395,extension,81.65063509461098,38.99313466095676
DEMO_024,T02,20,2.0,test,synthetic_demo,0.24984734956776655,0.4773324901058019,0.3032437480490646,0.47563497635435004,81.65063509461098,38.99313466095676,extension,80.22542485937369,38.113387372419716
DEMO_024,T02,21,2.1,test,synthetic_demo,0.14798725546218744,0.43041626626039337,0.19858918666672987,0.5240332951402926,80.22542485937369,38.113387372419716,extension,78.57862063693486,37.14474811399498
DEMO_024,T02,22,2.2,test,synthetic_demo,0.2174452525267597,0.5057978901649658,0.30674195830771717,0.5273018712849962,78.57862063693486,37.14474811399498,extension,76.72826515897145,36.097829500098655
DEMO_024,T02,23,2.3000000000000003,test,synthetic_demo,0.24099591208943122,0.47271350615393676,0.2302689099697321,0.5615159725133723,76.72826515897145,36.097829500098655,extension,74.69463130731182,34.98410179014638
DEMO_024,T02,24,2.4000000000000004,test,synthetic_demo,0.20866963395661375,0.5306526390199348,0.2902621950360173,0.5539434594521189,74.69463130731182,34.98410179014638,extension,72.5,33.815767217990924
DEMO_024,T02,25,2.5,test,synthetic_demo,0.20354492280303707,0.5427929812418725,0.2546062859334509,0.5712763097904457,72.5,33.815767217990924,extension,70.16841607689501,32.60562630169453
DEMO_024,T02,26,2.6,test,synthetic_demo,0.2051471180671924,0.5574743011792058,0.336257148008192,0.5743662423130445,70.16841607689501,32.60562630169453,extension,67.72542485937369,31.366937598374406
DEMO_024,T02,27,2.7,test,synthetic_demo,0.20738829746147572,0.5336406841631661,0.23209916012670867,0.56720107268197,67.72542485937369,31.366937598374406,extension,65.19779227044398,30.11327244067641
DEMO_024,T02,28,2.8000000000000003,test,synthetic_demo,0.22770429007783755,0.5568929326754208,0.2381324007998711,0.5615788790337667,65.19779227044398,30.11327244067641,extension,62.613211581691324,28.85836624641458
DEMO_024,T02,29,2.9000000000000004,test,synthetic_demo,0.14033003236519276,0.5920882011482377,0.29549145191380255,0.5910104019694968,62.613211581691324,28.85836624641458,extension,60.0,27.615968030459264
DEMO_024,T02,30,3.0,test,synthetic_demo,0.2164788955092664,0.6058740998653366,0.2941958929992867,0.5938140747347945,60.0,27.615968030459264,extension,57.38678841830866,26.39968976765299
DEMO_024,T02,31,3.1,test,synthetic_demo,0.2580113591838049,0.5864704761763967,0.2583554498439867,0.5869597120360699,57.38678841830866,26.39968976765299,extension,54.802207729556024,25.22285725716567
DEMO_024,T02,32,3.2,test,synthetic_demo,0.23123292173360943,0.6511478156046637,0.23666951095249208,0.5470078165085255,54.802207729556024,25.22285725716567,extension,52.27457514062632,24.098364122250224
DEMO_024,T02,33,3.3000000000000003,test,synthetic_demo,0.2063759200615367,0.5529004718756272,0.302588657834302,0.4584940600300964,52.27457514062632,24.098364122250224,extension,49.831583923104986,23.038530545008104
DEMO_024,T02,34,3.4000000000000004,test,synthetic_demo,0.21610316384050218,0.5296121510771564,0.27015211570489467,0.506751320949815,49.831583923104986,23.038530545008104,extension,47.50000000000001,22.054968283896024
DEMO_024,T02,35,3.5,test,synthetic_demo,0.15619846000869617,0.5519308805915871,0.2799225449938934,0.459185842814023,47.50000000000001,22.054968283896024,extension,45.30536869268818,21.158453452870347
DEMO_024,T02,36,3.6,test,synthetic_demo,0.21428321347032364,0.5410895117337102,0.23525988918150056,0.42215867806572,45.30536869268818,21.158453452870347,extension,43.27173484102855,20.35880845602759
DEMO_024,T02,37,3.7,test,synthetic_demo,0.2878921410716799,0.5628946461091512,0.3150250518034962,0.4576355241808086,43.27173484102855,20.35880845602759,extension,41.42137936306515,19.66479437128963
DEMO_024,T02,38,3.8000000000000003,test,synthetic_demo,0.1770811922848758,0.4818770125957652,0.24401891578711207,0.42896508258063043,41.42137936306515,19.66479437128963,extension,39.774575140626304,19.084014962200634
DEMO_024,T02,39,3.9000000000000004,test,synthetic_demo,0.19733715155076875,0.4116739973150966,0.321353463830724,0.41335451711869664,39.774575140626304,19.084014962200634,extension,38.34936490538904,18.6228333695025
DEMO_024,T02,40,4.0,test,synthetic_demo,0.24386687758676173,0.4434968138980504,0.27806449999115335,0.37215917052548203,38.34936490538904,18.6228333695025,extension,37.16136355893498,18.286302395233275
DEMO_024,T02,41,4.1000000000000005,test,synthetic_demo,0.16632347902107558,0.3876577684247266,0.2785166130511339,0.3874776221958339,37.16136355893498,18.286302395233275,extension,36.22358709262116,18.078109143170686
DEMO_024,T02,42,4.2,test,synthetic_demo,0.21266356887295285,0.34607178876669037,0.2606786939548674,0.3749750381589382,36.22358709262116,18.078109143170686,extension,35.54630998165486,18.00053462215157
DEMO_024,T02,43,4.3,test,synthetic_demo,0.22209526225086065,0.301889444176322,0.3152235113417467,0.2662604274205912,35.54630998165486,18.00053462215157,hold,35.13695261579316,18.05442875486172
DEMO_024,T02,44,4.4,test,synthetic_demo,0.22722219542038433,0.25903392127473923,0.2670569809347572,0.2742161250709682,35.13695261579316,18.05442875486172,hold,35.0,18.2392010659051
DEMO_024,T02,45,4.5,test,synthetic_demo,0.17967784466415213,0.21165291862142296,0.42450600850495646,0.26476475107167374,35.0,18.2392010659051,hold,35.13695261579316,18.552827151175826
DEMO_024,T02,46,4.6000000000000005,test,synthetic_demo,0.22513787249388273,0.2403641466779879,0.3862901280643168,0.29242868098364466,35.13695261579316,18.552827151175826,hold,35.54630998165486,18.991870857653183
DEMO_024,T02,47,4.7,test,synthetic_demo,0.29308451901843746,0.22103680315174443,0.3483769179507662,0.2607003576904694,35.54630998165486,18.991870857653183,hold,36.223587092621166,19.55152193061322
DEMO_024,T02,48,4.800000000000001,test,synthetic_demo,0.325784231990749,0.2730816132044114,0.3620245189402341,0.27848537187707084,36.223587092621166,19.55152193061322,flexion,37.16136355893498,20.225648715786054
DEMO_024,T02,49,4.9,test,synthetic_demo,0.3434105798656037,0.23369631149263215,0.41694179179156426,0.3300436356283553,37.16136355893498,20.225648715786054,flexion,38.34936490538904,21.006865339043237
DEMO_024,T02,50,5.0,test,synthetic_demo,0.4465631913963061,0.25290153236056984,0.43629063540776214,0.2729859267987665,38.34936490538904,21.006865339043237,flexion,39.774575140626325,21.88661262758029
DEMO_024,T02,51,5.1000000000000005,test,synthetic_demo,0.42263292266852226,0.29360678039846855,0.4677446148179366,0.28995881739499274,39.774575140626325,21.88661262758029,flexion,41.421379363065135,22.855251886005014
DEMO_024,T02,52,5.2,test,synthetic_demo,0.42838122963720865,0.19005134752479072,0.5338307691503895,0.31303747575486296,41.421379363065135,22.855251886005014,flexion,43.27173484102855,23.902170499901345
DEMO_024,T02,53,5.300000000000001,test,synthetic_demo,0.5249486146100211,0.2021408664667276,0.49439346594400774,0.29518216552811083,43.27173484102855,23.902170499901345,flexion,45.30536869268816,25.01589820985361
DEMO_024,T02,54,5.4,test,synthetic_demo,0.5233383540489855,0.19800826443472758,0.6084148578169489,0.2848920540123281,45.30536869268816,25.01589820985361,flexion,47.499999999999986,26.184232782009072
DEMO_024,T02,55,5.5,test,synthetic_demo,0.5166460776697648,0.17405269242056062,0.56258782092705,0.2764688683639618,47.499999999999986,26.184232782009072,flexion,49.831583923105,27.394373698305476
DEMO_024,T02,56,5.6000000000000005,test,synthetic_demo,0.5872537957903295,0.21046282545476738,0.5126338444059187,0.2485100859723533,49.831583923105,27.394373698305476,flexion,52.27457514062633,28.633062401625605
DEMO_024,T02,57,5.7,test,synthetic_demo,0.5566236944504854,0.24546512955797423,0.5434997024308539,0.3341301889689861,52.27457514062633,28.633062401625605,flexion,54.802207729556045,29.886727559323603
DEMO_024,T02,58,5.800000000000001,test,synthetic_demo,0.6523101308297039,0.2052997020588073,0.5706479755627794,0.2799244340240292,54.802207729556045,29.886727559323603,flexion,57.38678841830866,31.141633753585417
DEMO_024,T03,0,0.0,test,synthetic_demo,0.5392281940957693,0.2633528064277574,0.6282145329129483,0.3089430545417708,60.0,32.384031969540736,flexion,62.61321158169134,33.600310232347006
DEMO_024,T03,1,0.1,test,synthetic_demo,0.4981077591451451,0.16962784241861814,0.5941179216869746,0.27488688883023527,62.61321158169134,33.600310232347006,flexion,65.19779227044398,34.77714274283433
DEMO_024,T03,2,0.2,test,synthetic_demo,0.62961159293979,0.21827224266342993,0.5298365100106432,0.29939329541611487,65.19779227044398,34.77714274283433,flexion,67.72542485937369,35.901635877749776
DEMO_024,T03,3,0.30000000000000004,test,synthetic_demo,0.5922328657169208,0.16312192128714337,0.5130972143317496,0.2997379618770909,67.72542485937369,35.901635877749776,flexion,70.168416076895,36.96146945499189
DEMO_024,T03,4,0.4,test,synthetic_demo,0.5180380819129808,0.17856964750229407,0.5227237164647169,0.22497778529853565,70.168416076895,36.96146945499189,flexion,72.5,37.945031716103976
DEMO_024,T03,5,0.5,test,synthetic_demo,0.5710420770016326,0.19397027914948484,0.44479749346089664,0.25955549590501475,72.5,37.945031716103976,flexion,74.69463130731182,38.84154654712965
DEMO_024,T03,6,0.6000000000000001,test,synthetic_demo,0.5220746019515503,0.25169355799339554,0.4740684473568914,0.240393562836329,74.69463130731182,38.84154654712965,flexion,76.72826515897145,39.64119154397241
DEMO_024,T03,7,0.7000000000000001,test,synthetic_demo,0.3917054285214176,0.2302782402925569,0.4313844749042004,0.2623762650574668,76.72826515897145,39.64119154397241,flexion,78.57862063693486,40.33520562871037
DEMO_024,T03,8,0.8,test,synthetic_demo,0.49062060225375304,0.2166557058451364,0.4027689059003815,0.2839213936468521,78.57862063693486,40.33520562871037,flexion,80.22542485937369,40.91598503779936
DEMO_024,T03,9,0.9,test,synthetic_demo,0.45122083519602585,0.23862681100874877,0.3934178287927227,0.326464988996107,80.22542485937369,40.91598503779936,flexion,81.65063509461096,41.3771666304975
DEMO_024,T03,10,1.0,test,synthetic_demo,0.39470698587129516,0.2176087495471384,0.3798200557075798,0.2865099217149876,81.65063509461096,41.3771666304975,flexion,82.83863644106502,41.71369760476672
DEMO_024,T03,11,1.1,test,synthetic_demo,0.27583395562033597,0.27625264448690134,0.316222762603279,0.27204891411666,82.83863644106502,41.71369760476672,flexion,83.77641290737884,41.921890856829314
DEMO_024,T03,12,1.2000000000000002,test,synthetic_demo,0.31870945691760283,0.26247493917137144,0.32986083520326137,0.2836231884739158,83.77641290737884,41.921890856829314,flexion,84.45369001834514,41.99946537784843
DEMO_024,T03,13,1.3,test,synthetic_demo,0.31065372862981105,0.2241839112513732,0.28405642452621677,0.263181303865684,84.45369001834514,41.99946537784843,hold,84.86304738420684,41.94557124513828
DEMO_024,T03,14,1.4000000000000001,test,synthetic_demo,0.21237490769449063,0.20290086427617218,0.26729557900938095,0.2970524434982158,84.86304738420684,41.94557124513828,hold,85.0,41.7607989340949
DEMO_024,T03,15,1.5,test,synthetic_demo,0.21128271807908006,0.20774248684660251,0.29711914186650923,0.297769994597415,85.0,41.7607989340949,hold,84.86304738420684,41.44717284882418
DEMO_024,T03,16,1.6,test,synthetic_demo,0.22674066058676623,0.30076164672541505,0.25004777502814085,0.39020887055384323,84.86304738420684,41.44717284882418,hold,84.45369001834514,41.00812914234682
DEMO_024,T03,17,1.7000000000000002,test,synthetic_demo,0.23135221742644022,0.27821064424691766,0.21142414023681427,0.45394837600808907,84.45369001834514,41.00812914234682,hold,83.77641290737884,40.44847806938679
DEMO_024,T03,18,1.8,test,synthetic_demo,0.21301763004872748,0.3532780207007213,0.25987113880861373,0.4566767295118369,83.77641290737884,40.44847806938679,extension,82.83863644106502,39.77435128421395
DEMO_024,T03,19,1.9000000000000001,test,synthetic_demo,0.26094215215239747,0.3795314171454318,0.2646696307193124,0.4353642144218542,82.83863644106502,39.77435128421395,extension,81.65063509461098,38.99313466095676
DEMO_024,T03,20,2.0,test,synthetic_demo,0.1829844757533126,0.35403610293982124,0.28737348317235545,0.4304545243301559,81.65063509461098,38.99313466095676,extension,80.22542485937369,38.113387372419716
DEMO_024,T03,21,2.1,test,synthetic_demo,0.13927139375432535,0.44732650986798905,0.2567800744892883,0.44104645193333003,80.22542485937369,38.113387372419716,extension,78.57862063693486,37.14474811399498
DEMO_024,T03,22,2.2,test,synthetic_demo,0.25855100046652535,0.4122723770382691,0.24788785129442015,0.47917618564003167,78.57862063693486,37.14474811399498,extension,76.72826515897145,36.097829500098655
DEMO_024,T03,23,2.3000000000000003,test,synthetic_demo,0.19066748755455243,0.43314722813136913,0.26691721789906475,0.526068269967888,76.72826515897145,36.097829500098655,extension,74.69463130731182,34.98410179014638
DEMO_024,T03,24,2.4000000000000004,test,synthetic_demo,0.24184963827379594,0.5206022893883389,0.2786231422566298,0.5921746129684164,74.69463130731182,34.98410179014638,extension,72.5,33.815767217990924
DEMO_024,T03,25,2.5,test,synthetic_demo,0.2248601602286407,0.598636460159805,0.3088319670716959,0.5320322642027564,72.5,33.815767217990924,extension,70.16841607689501,32.60562630169453
DEMO_024,T03,26,2.6,test,synthetic_demo,0.21365624516246798,0.5357674725064375,0.25972538076970764,0.4692233505764863,70.16841607689501,32.60562630169453,extension,67.72542485937369,31.366937598374406
DEMO_024,T03,27,2.7,test,synthetic_demo,0.24872237798628144,0.5952312188436292,0.3085624653203091,0.5752231366565177,67.72542485937369,31.366937598374406,extension,65.19779227044398,30.11327244067641
DEMO_024,T03,28,2.8000000000000003,test,synthetic_demo,0.17475384886311637,0.6412935387962603,0.283573332215585,0.5809953709366368,65.19779227044398,30.11327244067641,extension,62.613211581691324,28.85836624641458
DEMO_024,T03,29,2.9000000000000004,test,synthetic_demo,0.19901713362155396,0.6164863444406617,0.27484462855839303,0.5735355044818222,62.613211581691324,28.85836624641458,extension,60.0,27.615968030459264
DEMO_024,T03,30,3.0,test,synthetic_demo,0.22688040472091073,0.6584766832192027,0.27931331448676766,0.5756622467758625,60.0,27.615968030459264,extension,57.38678841830866,26.39968976765299
DEMO_024,T03,31,3.1,test,synthetic_demo,0.26400873617754167,0.6109553458301138,0.21873430253953402,0.5391198894700632,57.38678841830866,26.39968976765299,extension,54.802207729556024,25.22285725716567
DEMO_024,T03,32,3.2,test,synthetic_demo,0.21987889911135114,0.6101504241832483,0.3156369587952098,0.5335541164262796,54.802207729556024,25.22285725716567,extension,52.27457514062632,24.098364122250224
DEMO_024,T03,33,3.3000000000000003,test,synthetic_demo,0.2197434196339199,0.5726400993284033,0.24728142113117496,0.4903423757796097,52.27457514062632,24.098364122250224,extension,49.831583923104986,23.038530545008104
DEMO_024,T03,34,3.4000000000000004,test,synthetic_demo,0.16899139779371306,0.6310447779268725,0.271445355481166,0.44591543149475743,49.831583923104986,23.038530545008104,extension,47.50000000000001,22.054968283896024
DEMO_024,T03,35,3.5,test,synthetic_demo,0.307501003115843,0.6001614382517668,0.23568809982261946,0.44569954716668236,47.50000000000001,22.054968283896024,extension,45.30536869268818,21.158453452870347
DEMO_024,T03,36,3.6,test,synthetic_demo,0.22697280522708502,0.5450334350839597,0.30193277014240544,0.4661018387772047,45.30536869268818,21.158453452870347,extension,43.27173484102855,20.35880845602759
DEMO_024,T03,37,3.7,test,synthetic_demo,0.2522098502441474,0.5818066476374891,0.27573163894221836,0.5277695317874875,43.27173484102855,20.35880845602759,extension,41.42137936306515,19.66479437128963
DEMO_024,T03,38,3.8000000000000003,test,synthetic_demo,0.18478920553770795,0.4359866036520076,0.2757894023230054,0.4381000750726577,41.42137936306515,19.66479437128963,extension,39.774575140626304,19.084014962200634
DEMO_024,T03,39,3.9000000000000004,test,synthetic_demo,0.25064249608153605,0.4443061780677526,0.3022775752871085,0.4853080237958363,39.774575140626304,19.084014962200634,extension,38.34936490538904,18.6228333695025
DEMO_024,T03,40,4.0,test,synthetic_demo,0.21261043334596583,0.4228378213779589,0.2675074661607807,0.3568959009836728,38.34936490538904,18.6228333695025,extension,37.16136355893498,18.286302395233275
DEMO_024,T03,41,4.1000000000000005,test,synthetic_demo,0.27213190539082,0.3955335254343819,0.2741403820495591,0.28013761564089207,37.16136355893498,18.286302395233275,extension,36.22358709262116,18.078109143170686
DEMO_024,T03,42,4.2,test,synthetic_demo,0.1495265814535564,0.3315297670413271,0.21004694569046534,0.36953963525145456,36.22358709262116,18.078109143170686,extension,35.54630998165486,18.00053462215157
DEMO_024,T03,43,4.3,test,synthetic_demo,0.24494214873191383,0.35669343949219734,0.32452766748960293,0.32236568393136633,35.54630998165486,18.00053462215157,hold,35.13695261579316,18.05442875486172
DEMO_024,T03,44,4.4,test,synthetic_demo,0.19528958165931137,0.20361662228523417,0.320315006733305,0.21859224677368944,35.13695261579316,18.05442875486172,hold,35.0,18.2392010659051
DEMO_024,T03,45,4.5,test,synthetic_demo,0.24136487061763204,0.2321307448631436,0.3355696118382851,0.30774966193793063,35.0,18.2392010659051,hold,35.13695261579316,18.552827151175826
DEMO_024,T03,46,4.6000000000000005,test,synthetic_demo,0.21916231876821568,0.2007178480605723,0.35504896828579524,0.21168716991970388,35.13695261579316,18.552827151175826,hold,35.54630998165486,18.991870857653183
DEMO_024,T03,47,4.7,test,synthetic_demo,0.345534998436428,0.24965295119275588,0.3263890646143784,0.23387268879875875,35.54630998165486,18.991870857653183,hold,36.223587092621166,19.55152193061322
DEMO_024,T03,48,4.800000000000001,test,synthetic_demo,0.3401138453384952,0.22592811372697783,0.43067553298599337,0.3279440600065216,36.223587092621166,19.55152193061322,flexion,37.16136355893498,20.225648715786054
DEMO_024,T03,49,4.9,test,synthetic_demo,0.35795151324115987,0.21640096354669844,0.43724891981050773,0.27037053609377404,37.16136355893498,20.225648715786054,flexion,38.34936490538904,21.006865339043237
DEMO_024,T03,50,5.0,test,synthetic_demo,0.38544538448437815,0.2689163949335446,0.43691254579441324,0.26683692741289666,38.34936490538904,21.006865339043237,flexion,39.774575140626325,21.88661262758029
DEMO_024,T03,51,5.1000000000000005,test,synthetic_demo,0.4692432341368583,0.24792883802253063,0.5649592027233448,0.2739340627867803,39.774575140626325,21.88661262758029,flexion,41.421379363065135,22.855251886005014
DEMO_024,T03,52,5.2,test,synthetic_demo,0.4238068668138456,0.20954201307508788,0.5326998635651223,0.2883008072016032,41.421379363065135,22.855251886005014,flexion,43.27173484102855,23.902170499901345
DEMO_024,T03,53,5.300000000000001,test,synthetic_demo,0.4633790372414296,0.16979659481128956,0.5768836351450379,0.35401485807414534,43.27173484102855,23.902170499901345,flexion,45.30536869268816,25.01589820985361
DEMO_024,T03,54,5.4,test,synthetic_demo,0.4609862823726586,0.23824963514436345,0.535155759814713,0.26977902478905136,45.30536869268816,25.01589820985361,flexion,47.499999999999986,26.184232782009072
DEMO_024,T03,55,5.5,test,synthetic_demo,0.5158728664758876,0.17631323054917863,0.5535137343144266,0.2910658443285465,47.499999999999986,26.184232782009072,flexion,49.831583923105,27.394373698305476
DEMO_024,T03,56,5.6000000000000005,test,synthetic_demo,0.5448755173886092,0.24637590136283832,0.6052930275590537,0.28830646760654516,49.831583923105,27.394373698305476,flexion,52.27457514062633,28.633062401625605
DEMO_024,T03,57,5.7,test,synthetic_demo,0.588766177315506,0.2563847895884669,0.5398771413899999,0.26037334983663807,52.27457514062633,28.633062401625605,flexion,54.802207729556045,29.886727559323603
DEMO_024,T03,58,5.800000000000001,test,synthetic_demo,0.5754678391417106,0.21824196628532697,0.5526538832467868,0.2537286967083423,54.802207729556045,29.886727559323603,flexion,57.38678841830866,31.141633753585417
DEMO_025,T01,0,0.0,test,synthetic_demo,0.6962308609233122,0.30717142591203944,0.5844241505818251,0.3133346908872084,60.0,32.384031969540736,flexion,62.61321158169134,33.600310232347006
DEMO_025,T01,1,0.1,test,synthetic_demo,0.6623927965152128,0.21766996060331784,0.6001146818510026,0.21579844021268768,62.61321158169134,33.600310232347006,flexion,65.19779227044398,34.77714274283433
DEMO_025,T01,2,0.2,test,synthetic_demo,0.6508116941011772,0.25571636327635433,0.5242350950860062,0.2873593610024426,65.19779227044398,34.77714274283433,flexion,67.72542485937369,35.901635877749776
DEMO_025,T01,3,0.30000000000000004,test,synthetic_demo,0.5960506993043506,0.3167507284501641,0.5172742301618489,0.26767746272840975,67.72542485937369,35.901635877749776,flexion,70.168416076895,36.96146945499189
DEMO_025,T01,4,0.4,test,synthetic_demo,0.5826225542207155,0.32224709513644956,0.5772398250945991,0.3113890545771017,70.168416076895,36.96146945499189,flexion,72.5,37.945031716103976
DEMO_025,T01,5,0.5,test,synthetic_demo,0.636821739950944,0.27964798214783104,0.5013439715134036,0.19806008418317922,72.5,37.945031716103976,flexion,74.69463130731182,38.84154654712965
DEMO_025,T01,6,0.6000000000000001,test,synthetic_demo,0.5802513810428468,0.29036012628352686,0.4577226027583311,0.3473733368016363,74.69463130731182,38.84154654712965,flexion,76.72826515897145,39.64119154397241
DEMO_025,T01,7,0.7000000000000001,test,synthetic_demo,0.5359824042232303,0.25692481700257075,0.47321690428480034,0.2885931798200794,76.72826515897145,39.64119154397241,flexion,78.57862063693486,40.33520562871037
DEMO_025,T01,8,0.8,test,synthetic_demo,0.515060487493486,0.2786293525457019,0.38073111203469906,0.35037199499886307,78.57862063693486,40.33520562871037,flexion,80.22542485937369,40.91598503779936
DEMO_025,T01,9,0.9,test,synthetic_demo,0.3935221872411906,0.2826748674714069,0.3492585009764489,0.296165054365788,80.22542485937369,40.91598503779936,flexion,81.65063509461096,41.3771666304975
DEMO_025,T01,10,1.0,test,synthetic_demo,0.48313033147951473,0.2650506334282567,0.3706096452712608,0.2857033884026457,81.65063509461096,41.3771666304975,flexion,82.83863644106502,41.71369760476672
DEMO_025,T01,11,1.1,test,synthetic_demo,0.39667247792580246,0.3120488491070833,0.36021638271444373,0.27394191327993095,82.83863644106502,41.71369760476672,flexion,83.77641290737884,41.921890856829314
DEMO_025,T01,12,1.2000000000000002,test,synthetic_demo,0.3288363742076318,0.32943146577492066,0.33404498699629837,0.3036510185182781,83.77641290737884,41.921890856829314,flexion,84.45369001834514,41.99946537784843
DEMO_025,T01,13,1.3,test,synthetic_demo,0.3236113474800505,0.28043976154021905,0.28637493925786406,0.338775529656463,84.45369001834514,41.99946537784843,hold,84.86304738420684,41.94557124513828
DEMO_025,T01,14,1.4000000000000001,test,synthetic_demo,0.2726384869064819,0.29161009959082285,0.3013469192311065,0.2889038597851749,84.86304738420684,41.94557124513828,hold,85.0,41.7607989340949
DEMO_025,T01,15,1.5,test,synthetic_demo,0.3016733428233712,0.21647432829659904,0.30838343649499544,0.34630431682843,85.0,41.7607989340949,hold,84.86304738420684,41.44717284882418
DEMO_025,T01,16,1.6,test,synthetic_demo,0.22054947416823673,0.3048966112345486,0.3237500061888408,0.37668183664106836,84.86304738420684,41.44717284882418,hold,84.45369001834514,41.00812914234682
DEMO_025,T01,17,1.7000000000000002,test,synthetic_demo,0.2272069460274854,0.39824945123978167,0.3387231804761403,0.37988776917367073,84.45369001834514,41.00812914234682,hold,83.77641290737884,40.44847806938679
DEMO_025,T01,18,1.8,test,synthetic_demo,0.21998024621266138,0.47259489559552537,0.26953926567159997,0.3861683782959096,83.77641290737884,40.44847806938679,extension,82.83863644106502,39.77435128421395
DEMO_025,T01,19,1.9000000000000001,test,synthetic_demo,0.2484003783525067,0.4669596526349542,0.2829509343430297,0.4564316383955893,82.83863644106502,39.77435128421395,extension,81.65063509461098,38.99313466095676
DEMO_025,T01,20,2.0,test,synthetic_demo,0.23132270043305445,0.5479189777852765,0.2787988646644983,0.4578538920016661,81.65063509461098,38.99313466095676,extension,80.22542485937369,38.113387372419716
DEMO_025,T01,21,2.1,test,synthetic_demo,0.28728225567241616,0.6971327404174847,0.24369666772380874,0.5164192228322625,80.22542485937369,38.113387372419716,extension,78.57862063693486,37.14474811399498
DEMO_025,T01,22,2.2,test,synthetic_demo,0.23449348907311895,0.6462978392816012,0.2439154100676483,0.529958346205626,78.57862063693486,37.14474811399498,extension,76.72826515897145,36.097829500098655
DEMO_025,T01,23,2.3000000000000003,test,synthetic_demo,0.22368827642623396,0.7013565273415523,0.312397709183402,0.5751942528660646,76.72826515897145,36.097829500098655,extension,74.69463130731182,34.98410179014638
DEMO_025,T01,24,2.4000000000000004,test,synthetic_demo,0.2640419064779624,0.7421153069792916,0.2602508054575321,0.5383937527330118,74.69463130731182,34.98410179014638,extension,72.5,33.815767217990924
DEMO_025,T01,25,2.5,test,synthetic_demo,0.19464524388541699,0.7736149457608725,0.29626312378959946,0.5417911546750498,72.5,33.815767217990924,extension,70.16841607689501,32.60562630169453
DEMO_025,T01,26,2.6,test,synthetic_demo,0.18842888091595225,0.7203155833841884,0.23955850588619318,0.5628606976712673,70.16841607689501,32.60562630169453,extension,67.72542485937369,31.366937598374406
DEMO_025,T01,27,2.7,test,synthetic_demo,0.22737807587855943,0.7682632321024514,0.2355074060399343,0.565930371840996,67.72542485937369,31.366937598374406,extension,65.19779227044398,30.11327244067641
DEMO_025,T01,28,2.8000000000000003,test,synthetic_demo,0.24876164003193052,0.8487820213412224,0.2493118974172744,0.5688869646590206,65.19779227044398,30.11327244067641,extension,62.613211581691324,28.85836624641458
DEMO_025,T01,29,2.9000000000000004,test,synthetic_demo,0.2629540336603498,0.7724738984421753,0.30722901657125284,0.5279413514972578,62.613211581691324,28.85836624641458,extension,60.0,27.615968030459264
DEMO_025,T01,30,3.0,test,synthetic_demo,0.30421074432159084,0.8187674943236377,0.2919920891581062,0.5857027188846619,60.0,27.615968030459264,extension,57.38678841830866,26.39968976765299
DEMO_025,T01,31,3.1,test,synthetic_demo,0.2230639581301047,0.7223844410344342,0.28708981708028924,0.5535451571259044,57.38678841830866,26.39968976765299,extension,54.802207729556024,25.22285725716567
DEMO_025,T01,32,3.2,test,synthetic_demo,0.26810501020245175,0.8016309768292971,0.2585058456830655,0.492378742299665,54.802207729556024,25.22285725716567,extension,52.27457514062632,24.098364122250224
DEMO_025,T01,33,3.3000000000000003,test,synthetic_demo,0.22162498918252083,0.7512632884719201,0.25663789140804355,0.5168573544054219,52.27457514062632,24.098364122250224,extension,49.831583923104986,23.038530545008104
DEMO_025,T01,34,3.4000000000000004,test,synthetic_demo,0.2731021321244163,0.8054443464962578,0.2976218954683797,0.5223327415397409,49.831583923104986,23.038530545008104,extension,47.50000000000001,22.054968283896024
DEMO_025,T01,35,3.5,test,synthetic_demo,0.30430489095056046,0.7209694869072075,0.32646855292146104,0.4928072935410273,47.50000000000001,22.054968283896024,extension,45.30536869268818,21.158453452870347
DEMO_025,T01,36,3.6,test,synthetic_demo,0.2511780557074731,0.6879270160663995,0.2590912102172145,0.47166614532397705,45.30536869268818,21.158453452870347,extension,43.27173484102855,20.35880845602759
DEMO_025,T01,37,3.7,test,synthetic_demo,0.18235397076245835,0.6921454148214777,0.29897475135780377,0.4571647266268101,43.27173484102855,20.35880845602759,extension,41.42137936306515,19.66479437128963
DEMO_025,T01,38,3.8000000000000003,test,synthetic_demo,0.17905057567013505,0.6834247637674224,0.30412114439540905,0.412182846501175,41.42137936306515,19.66479437128963,extension,39.774575140626304,19.084014962200634
DEMO_025,T01,39,3.9000000000000004,test,synthetic_demo,0.23230026586524488,0.6284528182614353,0.28479176855260113,0.48474042152104935,39.774575140626304,19.084014962200634,extension,38.34936490538904,18.6228333695025
DEMO_025,T01,40,4.0,test,synthetic_demo,0.2288685586452163,0.5021028195138925,0.2812406665101873,0.367073331201378,38.34936490538904,18.6228333695025,extension,37.16136355893498,18.286302395233275
DEMO_025,T01,41,4.1000000000000005,test,synthetic_demo,0.20250944341753957,0.41608311959321853,0.2832260602727539,0.3336094928768714,37.16136355893498,18.286302395233275,extension,36.22358709262116,18.078109143170686
DEMO_025,T01,42,4.2,test,synthetic_demo,0.28102728907318786,0.4448879013278083,0.3137777374412058,0.3064257892333066,36.22358709262116,18.078109143170686,extension,35.54630998165486,18.00053462215157
DEMO_025,T01,43,4.3,test,synthetic_demo,0.28900092021454815,0.3701417856062207,0.3022538044172064,0.29083461191514315,35.54630998165486,18.00053462215157,hold,35.13695261579316,18.05442875486172
DEMO_025,T01,44,4.4,test,synthetic_demo,0.23103502170135262,0.34857828003888675,0.33908758072227796,0.24910800632807578,35.13695261579316,18.05442875486172,hold,35.0,18.2392010659051
DEMO_025,T01,45,4.5,test,synthetic_demo,0.2267246957185014,0.32446100123751115,0.39414055963611694,0.23479486902039504,35.0,18.2392010659051,hold,35.13695261579316,18.552827151175826
DEMO_025,T01,46,4.6000000000000005,test,synthetic_demo,0.31260157166820934,0.27437946123053053,0.3815299483010943,0.25213340430689446,35.13695261579316,18.552827151175826,hold,35.54630998165486,18.991870857653183
DEMO_025,T01,47,4.7,test,synthetic_demo,0.3954710847304078,0.2465186768261538,0.4031542185752286,0.26068296005078356,35.54630998165486,18.991870857653183,hold,36.223587092621166,19.55152193061322
DEMO_025,T01,48,4.800000000000001,test,synthetic_demo,0.386573697946896,0.29931803635627074,0.43627761793631514,0.2987989207920185,36.223587092621166,19.55152193061322,flexion,37.16136355893498,20.225648715786054
DEMO_025,T01,49,4.9,test,synthetic_demo,0.36778685649041354,0.3408800380160215,0.5046766203694096,0.29399394827135616,37.16136355893498,20.225648715786054,flexion,38.34936490538904,21.006865339043237
DEMO_025,T01,50,5.0,test,synthetic_demo,0.452999745393378,0.28398689814736805,0.4445134689849148,0.3026537876707391,38.34936490538904,21.006865339043237,flexion,39.774575140626325,21.88661262758029
DEMO_025,T01,51,5.1000000000000005,test,synthetic_demo,0.4950024915122246,0.30209944779274234,0.4834381518916483,0.28043197979540113,39.774575140626325,21.88661262758029,flexion,41.421379363065135,22.855251886005014
DEMO_025,T01,52,5.2,test,synthetic_demo,0.48446301626747323,0.2700738150151854,0.5142639309217027,0.31360367018793334,41.421379363065135,22.855251886005014,flexion,43.27173484102855,23.902170499901345
DEMO_025,T01,53,5.300000000000001,test,synthetic_demo,0.512128660812369,0.27276344809793734,0.5739021926702844,0.20881027984854217,43.27173484102855,23.902170499901345,flexion,45.30536869268816,25.01589820985361
DEMO_025,T01,54,5.4,test,synthetic_demo,0.6017791936278668,0.31288770243085295,0.5394737750513203,0.3142941263928055,45.30536869268816,25.01589820985361,flexion,47.499999999999986,26.184232782009072
DEMO_025,T01,55,5.5,test,synthetic_demo,0.6230276557708748,0.2530845582880122,0.5993336384805624,0.2429548406874629,47.499999999999986,26.184232782009072,flexion,49.831583923105,27.394373698305476
DEMO_025,T01,56,5.6000000000000005,test,synthetic_demo,0.6316989683272266,0.23105046743803576,0.5658388253892541,0.2856708692398334,49.831583923105,27.394373698305476,flexion,52.27457514062633,28.633062401625605
DEMO_025,T01,57,5.7,test,synthetic_demo,0.6677109204286487,0.3066985319734653,0.5798364466966904,0.2745982645338647,52.27457514062633,28.633062401625605,flexion,54.802207729556045,29.886727559323603
DEMO_025,T01,58,5.800000000000001,test,synthetic_demo,0.6430616335871701,0.3105437813290235,0.6252078799412537,0.2539808582277389,54.802207729556045,29.886727559323603,flexion,57.38678841830866,31.141633753585417
DEMO_025,T02,0,0.0,test,synthetic_demo,0.6409532483283278,0.28341185934468216,0.6239969969214627,0.28454629859295005,60.0,32.384031969540736,flexion,62.61321158169134,33.600310232347006
DEMO_025,T02,1,0.1,test,synthetic_demo,0.6851450192866594,0.29613050314952166,0.5360182114779729,0.31381755956151675,62.61321158169134,33.600310232347006,flexion,65.19779227044398,34.77714274283433
DEMO_025,T02,2,0.2,test,synthetic_demo,0.6190329586191607,0.3314730810853386,0.5539607907262541,0.27617056515522376,65.19779227044398,34.77714274283433,flexion,67.72542485937369,35.901635877749776
DEMO_025,T02,3,0.30000000000000004,test,synthetic_demo,0.6765668012687069,0.2702332892883161,0.5560861048204175,0.2890820139870169,67.72542485937369,35.901635877749776,flexion,70.168416076895,36.96146945499189
DEMO_025,T02,4,0.4,test,synthetic_demo,0.5888558902960808,0.24575468830926095,0.5151010464021502,0.28677197414815614,70.168416076895,36.96146945499189,flexion,72.5,37.945031716103976
DEMO_025,T02,5,0.5,test,synthetic_demo,0.5833183715938115,0.2800485187976465,0.47217615522550804,0.27247961776824464,72.5,37.945031716103976,flexion,74.69463130731182,38.84154654712965
DEMO_025,T02,6,0.6000000000000001,test,synthetic_demo,0.5767105171307338,0.28648151295715707,0.40060063591152395,0.2738522439082488,74.69463130731182,38.84154654712965,flexion,76.72826515897145,39.64119154397241
DEMO_025,T02,7,0.7000000000000001,test,synthetic_demo,0.5325857885719452,0.2974929286348183,0.42203662286265675,0.25973170464214024,76.72826515897145,39.64119154397241,flexion,78.57862063693486,40.33520562871037
DEMO_025,T02,8,0.8,test,synthetic_demo,0.5361533416597715,0.30533625086597105,0.3803564198501651,0.25429979023906624,78.57862063693486,40.33520562871037,flexion,80.22542485937369,40.91598503779936
DEMO_025,T02,9,0.9,test,synthetic_demo,0.5074113506616948,0.32645807275943434,0.4928052250120056,0.2610284082129354,80.22542485937369,40.91598503779936,flexion,81.65063509461096,41.3771666304975
DEMO_025,T02,10,1.0,test,synthetic_demo,0.4800617540374654,0.26909280583576267,0.418977259795478,0.29403566779308266,81.65063509461096,41.3771666304975,flexion,82.83863644106502,41.71369760476672
DEMO_025,T02,11,1.1,test,synthetic_demo,0.4359549071965133,0.27838865268626156,0.30028934295505927,0.3184091791930393,82.83863644106502,41.71369760476672,flexion,83.77641290737884,41.921890856829314
DEMO_025,T02,12,1.2000000000000002,test,synthetic_demo,0.33019308408907877,0.27742432138981143,0.2513013404851431,0.26090462899255495,83.77641290737884,41.921890856829314,flexion,84.45369001834514,41.99946537784843
DEMO_025,T02,13,1.3,test,synthetic_demo,0.36102738133359163,0.25798901264151763,0.2777165148230692,0.24219808662404935,84.45369001834514,41.99946537784843,hold,84.86304738420684,41.94557124513828
DEMO_025,T02,14,1.4000000000000001,test,synthetic_demo,0.2693086695853813,0.29075171818513174,0.2683244773940217,0.2901897118540011,84.86304738420684,41.94557124513828,hold,85.0,41.7607989340949
DEMO_025,T02,15,1.5,test,synthetic_demo,0.18475021586775864,0.30803059577776654,0.289735175819698,0.3192564687089638,85.0,41.7607989340949,hold,84.86304738420684,41.44717284882418
DEMO_025,T02,16,1.6,test,synthetic_demo,0.2373683460482993,0.3653905479119938,0.2503653320921057,0.40672507176021594,84.86304738420684,41.44717284882418,hold,84.45369001834514,41.00812914234682
DEMO_025,T02,17,1.7000000000000002,test,synthetic_demo,0.18645380331257602,0.3546033317457568,0.2962599867153006,0.40778251584749337,84.45369001834514,41.00812914234682,hold,83.77641290737884,40.44847806938679
DEMO_025,T02,18,1.8,test,synthetic_demo,0.1453942548037004,0.4046782517056281,0.3403347538620912,0.4107887697140346,83.77641290737884,40.44847806938679,extension,82.83863644106502,39.77435128421395
DEMO_025,T02,19,1.9000000000000001,test,synthetic_demo,0.2509857837329079,0.530688241935494,0.250736004640614,0.4571457586356814,82.83863644106502,39.77435128421395,extension,81.65063509461098,38.99313466095676
DEMO_025,T02,20,2.0,test,synthetic_demo,0.21753101845976108,0.5561371641141252,0.24122915501386594,0.5298417257881448,81.65063509461098,38.99313466095676,extension,80.22542485937369,38.113387372419716
DEMO_025,T02,21,2.1,test,synthetic_demo,0.2775153278762704,0.5710661609482747,0.2569953978556864,0.49684645195868365,80.22542485937369,38.113387372419716,extension,78.57862063693486,37.14474811399498
DEMO_025,T02,22,2.2,test,synthetic_demo,0.2132395651909778,0.6340864889662755,0.2832603953676187,0.5212738133473559,78.57862063693486,37.14474811399498,extension,76.72826515897145,36.097829500098655
DEMO_025,T02,23,2.3000000000000003,test,synthetic_demo,0.2340965545654367,0.640947972097927,0.32312821199854397,0.517416129552607,76.72826515897145,36.097829500098655,extension,74.69463130731182,34.98410179014638
DEMO_025,T02,24,2.4000000000000004,test,synthetic_demo,0.19496616304638403,0.7303657934849379,0.33354116427578223,0.5652684156134185,74.69463130731182,34.98410179014638,extension,72.5,33.815767217990924
DEMO_025,T02,25,2.5,test,synthetic_demo,0.25360768283322144,0.6514720848394024,0.30206959462931965,0.6036177264356287,72.5,33.815767217990924,extension,70.16841607689501,32.60562630169453
DEMO_025,T02,26,2.6,test,synthetic_demo,0.20072448005889426,0.7900907284541562,0.30841563586549187,0.5655725056791341,70.16841607689501,32.60562630169453,extension,67.72542485937369,31.366937598374406
DEMO_025,T02,27,2.7,test,synthetic_demo,0.28050081083877026,0.8249832113040144,0.29775011073156565,0.5577050544562523,67.72542485937369,31.366937598374406,extension,65.19779227044398,30.11327244067641
DEMO_025,T02,28,2.8000000000000003,test,synthetic_demo,0.30488315345484907,0.7875060345532501,0.2571442901525969,0.561997017571391,65.19779227044398,30.11327244067641,extension,62.613211581691324,28.85836624641458
DEMO_025,T02,29,2.9000000000000004,test,synthetic_demo,0.2758500577683264,0.8045955695734659,0.2855430392163216,0.5677073271180111,62.613211581691324,28.85836624641458,extension,60.0,27.615968030459264
DEMO_025,T02,30,3.0,test,synthetic_demo,0.25772646883090816,0.77720163354624,0.3317118490108003,0.516890342940539,60.0,27.615968030459264,extension,57.38678841830866,26.39968976765299
DEMO_025,T02,31,3.1,test,synthetic_demo,0.21803088729908446,0.820250713956987,0.32896929215626214,0.5540420704851142,57.38678841830866,26.39968976765299,extension,54.802207729556024,25.22285725716567
DEMO_025,T02,32,3.2,test,synthetic_demo,0.32815399665614053,0.7673446440706454,0.35491647465712234,0.5592336237045696,54.802207729556024,25.22285725716567,extension,52.27457514062632,24.098364122250224
DEMO_025,T02,33,3.3000000000000003,test,synthetic_demo,0.208423577981585,0.7121853664313182,0.29477602067398806,0.4784261336341341,52.27457514062632,24.098364122250224,extension,49.831583923104986,23.038530545008104
DEMO_025,T02,34,3.4000000000000004,test,synthetic_demo,0.18807632862157472,0.7699966595684542,0.28518539073123667,0.5396220125406003,49.831583923104986,23.038530545008104,extension,47.50000000000001,22.054968283896024
DEMO_025,T02,35,3.5,test,synthetic_demo,0.1780844327798129,0.7478139457024218,0.36620677757840076,0.4865431946631154,47.50000000000001,22.054968283896024,extension,45.30536869268818,21.158453452870347
DEMO_025,T02,36,3.6,test,synthetic_demo,0.1733185520529125,0.7084605884766116,0.31014385123709765,0.518886154684651,45.30536869268818,21.158453452870347,extension,43.27173484102855,20.35880845602759
DEMO_025,T02,37,3.7,test,synthetic_demo,0.21291863063081884,0.6991086827711865,0.2903926816696904,0.4880289079902854,43.27173484102855,20.35880845602759,extension,41.42137936306515,19.66479437128963
DEMO_025,T02,38,3.8000000000000003,test,synthetic_demo,0.22123757446827508,0.5704414047715385,0.2771637991469099,0.4463994620111155,41.42137936306515,19.66479437128963,extension,39.774575140626304,19.084014962200634
DEMO_025,T02,39,3.9000000000000004,test,synthetic_demo,0.20712270177013423,0.5529218480921265,0.26397223884150034,0.3937116903364058,39.774575140626304,19.084014962200634,extension,38.34936490538904,18.6228333695025
DEMO_025,T02,40,4.0,test,synthetic_demo,0.21365560469176156,0.5273231783535159,0.2587320419153148,0.38196753472089184,38.34936490538904,18.6228333695025,extension,37.16136355893498,18.286302395233275
DEMO_025,T02,41,4.1000000000000005,test,synthetic_demo,0.24548167804795226,0.5178575720972676,0.3691876706408952,0.28525179883361645,37.16136355893498,18.286302395233275,extension,36.22358709262116,18.078109143170686
DEMO_025,T02,42,4.2,test,synthetic_demo,0.23373306919219863,0.41430170410866507,0.3089132085900952,0.31943526271591655,36.22358709262116,18.078109143170686,extension,35.54630998165486,18.00053462215157
DEMO_025,T02,43,4.3,test,synthetic_demo,0.2793414862287987,0.4357981203815918,0.31473444743001816,0.3233879532253522,35.54630998165486,18.00053462215157,hold,35.13695261579316,18.05442875486172
DEMO_025,T02,44,4.4,test,synthetic_demo,0.22581317026009834,0.29720938510058187,0.36971395245957817,0.2507572492294824,35.13695261579316,18.05442875486172,hold,35.0,18.2392010659051
DEMO_025,T02,45,4.5,test,synthetic_demo,0.2950603411077395,0.29461475596370323,0.3240623034990866,0.27686817385861967,35.0,18.2392010659051,hold,35.13695261579316,18.552827151175826
DEMO_025,T02,46,4.6000000000000005,test,synthetic_demo,0.2705359514293447,0.2670972669500991,0.38342953755081016,0.28218830729523464,35.13695261579316,18.552827151175826,hold,35.54630998165486,18.991870857653183
DEMO_025,T02,47,4.7,test,synthetic_demo,0.3674186286965191,0.29424783752825656,0.3688037501085383,0.2637238284583159,35.54630998165486,18.991870857653183,hold,36.223587092621166,19.55152193061322
DEMO_025,T02,48,4.800000000000001,test,synthetic_demo,0.33259790636944436,0.32490086990770506,0.4521830745828695,0.24755408277490393,36.223587092621166,19.55152193061322,flexion,37.16136355893498,20.225648715786054
DEMO_025,T02,49,4.9,test,synthetic_demo,0.3869973068233695,0.26586472563314434,0.4307033831816053,0.3494951867555657,37.16136355893498,20.225648715786054,flexion,38.34936490538904,21.006865339043237
DEMO_025,T02,50,5.0,test,synthetic_demo,0.4235406826764611,0.26237892700826093,0.4384728144255489,0.2274531508546303,38.34936490538904,21.006865339043237,flexion,39.774575140626325,21.88661262758029
DEMO_025,T02,51,5.1000000000000005,test,synthetic_demo,0.49092043580546607,0.19865098183197977,0.515705460012129,0.2386697934517599,39.774575140626325,21.88661262758029,flexion,41.421379363065135,22.855251886005014
DEMO_025,T02,52,5.2,test,synthetic_demo,0.6015241244874419,0.2870419259070385,0.5081086345726791,0.27574895065832894,41.421379363065135,22.855251886005014,flexion,43.27173484102855,23.902170499901345
DEMO_025,T02,53,5.300000000000001,test,synthetic_demo,0.4991332618837566,0.305001261258235,0.5152930403356613,0.2816892068685877,43.27173484102855,23.902170499901345,flexion,45.30536869268816,25.01589820985361
DEMO_025,T02,54,5.4,test,synthetic_demo,0.6032358528497428,0.3161922053595961,0.5635864192284259,0.3149300083151143,45.30536869268816,25.01589820985361,flexion,47.499999999999986,26.184232782009072
DEMO_025,T02,55,5.5,test,synthetic_demo,0.5900306171775118,0.31156429626864063,0.5341165918246826,0.21871048811035576,47.499999999999986,26.184232782009072,flexion,49.831583923105,27.394373698305476
DEMO_025,T02,56,5.6000000000000005,test,synthetic_demo,0.587597622562255,0.29291290269622483,0.6268677247823312,0.30450533797912577,49.831583923105,27.394373698305476,flexion,52.27457514062633,28.633062401625605
DEMO_025,T02,57,5.7,test,synthetic_demo,0.6338546119667103,0.2449726948053455,0.5749485137636408,0.33493926012886444,52.27457514062633,28.633062401625605,flexion,54.802207729556045,29.886727559323603
DEMO_025,T02,58,5.800000000000001,test,synthetic_demo,0.608544770103807,0.23665672057833956,0.6240315054127468,0.2654393042885074,54.802207729556045,29.886727559323603,flexion,57.38678841830866,31.141633753585417
DEMO_025,T03,0,0.0,test,synthetic_demo,0.6516998051791166,0.2966422661263792,0.5491716792799836,0.2813432018775076,60.0,32.384031969540736,flexion,62.61321158169134,33.600310232347006
DEMO_025,T03,1,0.1,test,synthetic_demo,0.735971440914498,0.24087694767477738,0.584647615581088,0.2523237145215884,62.61321158169134,33.600310232347006,flexion,65.19779227044398,34.77714274283433
DEMO_025,T03,2,0.2,test,synthetic_demo,0.6547238062222124,0.2677673713270149,0.5554978739812793,0.2671170198796045,65.19779227044398,34.77714274283433,flexion,67.72542485937369,35.901635877749776
DEMO_025,T03,3,0.30000000000000004,test,synthetic_demo,0.5983890062719565,0.3290463992904067,0.6017742931540712,0.24243563926231493,67.72542485937369,35.901635877749776,flexion,70.168416076895,36.96146945499189
DEMO_025,T03,4,0.4,test,synthetic_demo,0.6067442587153326,0.29686628508421636,0.4813890743081204,0.2684063499534574,70.168416076895,36.96146945499189,flexion,72.5,37.945031716103976
DEMO_025,T03,5,0.5,test,synthetic_demo,0.6324927503924941,0.304522253312193,0.48282601469493985,0.2891071087380055,72.5,37.945031716103976,flexion,74.69463130731182,38.84154654712965
DEMO_025,T03,6,0.6000000000000001,test,synthetic_demo,0.5708274776995279,0.2729491077163201,0.48504480846244624,0.3430649662513712,74.69463130731182,38.84154654712965,flexion,76.72826515897145,39.64119154397241
DEMO_025,T03,7,0.7000000000000001,test,synthetic_demo,0.5185419037232044,0.2976064975906026,0.4812647647731584,0.29903029787943325,76.72826515897145,39.64119154397241,flexion,78.57862063693486,40.33520562871037
DEMO_025,T03,8,0.8,test,synthetic_demo,0.5351888600964008,0.2666669735749378,0.4349139082830657,0.28388560117260186,78.57862063693486,40.33520562871037,flexion,80.22542485937369,40.91598503779936
DEMO_025,T03,9,0.9,test,synthetic_demo,0.4985988103667194,0.31687894060787053,0.442996134708521,0.31125612742263487,80.22542485937369,40.91598503779936,flexion,81.65063509461096,41.3771666304975
DEMO_025,T03,10,1.0,test,synthetic_demo,0.42456370080132166,0.23912032863099328,0.3696072618053292,0.24889312488828677,81.65063509461096,41.3771666304975,flexion,82.83863644106502,41.71369760476672
DEMO_025,T03,11,1.1,test,synthetic_demo,0.3986900339962043,0.3189440207722541,0.40476223482578977,0.2760795739302965,82.83863644106502,41.71369760476672,flexion,83.77641290737884,41.921890856829314
DEMO_025,T03,12,1.2000000000000002,test,synthetic_demo,0.3754640991220417,0.340176513892756,0.35159495879192293,0.3152200050848893,83.77641290737884,41.921890856829314,flexion,84.45369001834514,41.99946537784843
DEMO_025,T03,13,1.3,test,synthetic_demo,0.28350034375290317,0.2537638915867722,0.20880967026328995,0.272118700149272,84.45369001834514,41.99946537784843,hold,84.86304738420684,41.94557124513828
DEMO_025,T03,14,1.4000000000000001,test,synthetic_demo,0.2829686186001673,0.30513976948132465,0.35247643707582366,0.2870348523984704,84.86304738420684,41.94557124513828,hold,85.0,41.7607989340949
DEMO_025,T03,15,1.5,test,synthetic_demo,0.27040173617110663,0.2894483641626768,0.3030762865162007,0.3244737735079678,85.0,41.7607989340949,hold,84.86304738420684,41.44717284882418
DEMO_025,T03,16,1.6,test,synthetic_demo,0.18329114933347468,0.3217279176111209,0.3889527067599457,0.34773599840584407,84.86304738420684,41.44717284882418,hold,84.45369001834514,41.00812914234682
DEMO_025,T03,17,1.7000000000000002,test,synthetic_demo,0.29330674024123,0.41537180986765376,0.22753758870589952,0.4134127198008677,84.45369001834514,41.00812914234682,hold,83.77641290737884,40.44847806938679
DEMO_025,T03,18,1.8,test,synthetic_demo,0.20289443713385205,0.4168249207643727,0.3235832320139742,0.4208796431649687,83.77641290737884,40.44847806938679,extension,82.83863644106502,39.77435128421395
DEMO_025,T03,19,1.9000000000000001,test,synthetic_demo,0.20795747940672785,0.4641653676155113,0.3260564078105225,0.4190959277662237,82.83863644106502,39.77435128421395,extension,81.65063509461098,38.99313466095676
DEMO_025,T03,20,2.0,test,synthetic_demo,0.22085932004071784,0.6089989618889292,0.29306903886791846,0.45150365707441387,81.65063509461098,38.99313466095676,extension,80.22542485937369,38.113387372419716
DEMO_025,T03,21,2.1,test,synthetic_demo,0.22674375172068384,0.5428853471772843,0.29328303525043475,0.47360945174813346,80.22542485937369,38.113387372419716,extension,78.57862063693486,37.14474811399498
DEMO_025,T03,22,2.2,test,synthetic_demo,0.23993101324705,0.5856451673118245,0.29964925544346016,0.4242136563395669,78.57862063693486,37.14474811399498,extension,76.72826515897145,36.097829500098655
DEMO_025,T03,23,2.3000000000000003,test,synthetic_demo,0.20014967301309272,0.7094304988821156,0.2606572966503304,0.5525006491065048,76.72826515897145,36.097829500098655,extension,74.69463130731182,34.98410179014638
DEMO_025,T03,24,2.4000000000000004,test,synthetic_demo,0.19227676842831024,0.6430750318689287,0.2542642027991022,0.5200169750236099,74.69463130731182,34.98410179014638,extension,72.5,33.815767217990924
DEMO_025,T03,25,2.5,test,synthetic_demo,0.22950643963695522,0.7160995921289847,0.29759070465830034,0.5476202269660382,72.5,33.815767217990924,extension,70.16841607689501,32.60562630169453
DEMO_025,T03,26,2.6,test,synthetic_demo,0.18285925615044824,0.8038697569752262,0.338946772588014,0.5695987822483554,70.16841607689501,32.60562630169453,extension,67.72542485937369,31.366937598374406
DEMO_025,T03,27,2.7,test,synthetic_demo,0.20221334926602053,0.7730069186890624,0.262645363297367,0.5339283239056016,67.72542485937369,31.366937598374406,extension,65.19779227044398,30.11327244067641
DEMO_025,T03,28,2.8000000000000003,test,synthetic_demo,0.26501539026412574,0.7820394410777817,0.2915012177885771,0.5894652700842495,65.19779227044398,30.11327244067641,extension,62.613211581691324,28.85836624641458
DEMO_025,T03,29,2.9000000000000004,test,synthetic_demo,0.22344335714897218,0.8135181136913736,0.3291821011311042,0.560490516475188,62.613211581691324,28.85836624641458,extension,60.0,27.615968030459264
DEMO_025,T03,30,3.0,test,synthetic_demo,0.26749002695974167,0.8312336870032693,0.36093564306171294,0.5367351462271658,60.0,27.615968030459264,extension,57.38678841830866,26.39968976765299
DEMO_025,T03,31,3.1,test,synthetic_demo,0.23321448027778025,0.7368874113591241,0.2840432190748479,0.5843355343369064,57.38678841830866,26.39968976765299,extension,54.802207729556024,25.22285725716567
DEMO_025,T03,32,3.2,test,synthetic_demo,0.2480394976434,0.8082521304879274,0.3089113384091239,0.5576244610608215,54.802207729556024,25.22285725716567,extension,52.27457514062632,24.098364122250224
DEMO_025,T03,33,3.3000000000000003,test,synthetic_demo,0.28294810985837815,0.7445832203205383,0.304779791965807,0.5432444513119381,52.27457514062632,24.098364122250224,extension,49.831583923104986,23.038530545008104
DEMO_025,T03,34,3.4000000000000004,test,synthetic_demo,0.20880827292327758,0.7822160685388856,0.2502145769313784,0.46401064711355466,49.831583923104986,23.038530545008104,extension,47.50000000000001,22.054968283896024
DEMO_025,T03,35,3.5,test,synthetic_demo,0.14347391178140262,0.7166103903188433,0.2969626460258439,0.5207585545199984,47.50000000000001,22.054968283896024,extension,45.30536869268818,21.158453452870347
DEMO_025,T03,36,3.6,test,synthetic_demo,0.19222222302068695,0.7643794150662158,0.23607522184119684,0.5716991485979953,45.30536869268818,21.158453452870347,extension,43.27173484102855,20.35880845602759
DEMO_025,T03,37,3.7,test,synthetic_demo,0.225536483214197,0.6063384394333764,0.3210174757842033,0.40737504003425307,43.27173484102855,20.35880845602759,extension,41.42137936306515,19.66479437128963
DEMO_025,T03,38,3.8000000000000003,test,synthetic_demo,0.312955163829816,0.6211810036575587,0.2530840302648944,0.35487213028243536,41.42137936306515,19.66479437128963,extension,39.774575140626304,19.084014962200634
DEMO_025,T03,39,3.9000000000000004,test,synthetic_demo,0.2521590669005478,0.5873401683043248,0.20199643763319608,0.41256886084635125,39.774575140626304,19.084014962200634,extension,38.34936490538904,18.6228333695025
DEMO_025,T03,40,4.0,test,synthetic_demo,0.13136265813953943,0.5223241555467495,0.2774800255823622,0.3847621190795817,38.34936490538904,18.6228333695025,extension,37.16136355893498,18.286302395233275
DEMO_025,T03,41,4.1000000000000005,test,synthetic_demo,0.24919138923382675,0.5342659292351825,0.3099972820801261,0.41788479896001796,37.16136355893498,18.286302395233275,extension,36.22358709262116,18.078109143170686
DEMO_025,T03,42,4.2,test,synthetic_demo,0.21944162780133855,0.43795478425099565,0.3055448894361356,0.3243813442160088,36.22358709262116,18.078109143170686,extension,35.54630998165486,18.00053462215157
DEMO_025,T03,43,4.3,test,synthetic_demo,0.2741875964813952,0.4154724812275167,0.30300944223791254,0.2824611626380226,35.54630998165486,18.00053462215157,hold,35.13695261579316,18.05442875486172
DEMO_025,T03,44,4.4,test,synthetic_demo,0.21132108886802317,0.3488998677713226,0.37295000780958404,0.26718830807343547,35.13695261579316,18.05442875486172,hold,35.0,18.2392010659051
DEMO_025,T03,45,4.5,test,synthetic_demo,0.27325752566348427,0.32550419684417814,0.28461842489389355,0.2780408973475702,35.0,18.2392010659051,hold,35.13695261579316,18.552827151175826
DEMO_025,T03,46,4.6000000000000005,test,synthetic_demo,0.2350643225546312,0.3492796255302717,0.4218498578094144,0.3574005958721529,35.13695261579316,18.552827151175826,hold,35.54630998165486,18.991870857653183
DEMO_025,T03,47,4.7,test,synthetic_demo,0.3514502498387508,0.3208177574404869,0.43572952649480556,0.25010553884250797,35.54630998165486,18.991870857653183,hold,36.223587092621166,19.55152193061322
DEMO_025,T03,48,4.800000000000001,test,synthetic_demo,0.3558597073085617,0.2976486284381202,0.4146159421125167,0.2008626149951498,36.223587092621166,19.55152193061322,flexion,37.16136355893498,20.225648715786054
DEMO_025,T03,49,4.9,test,synthetic_demo,0.4129970685977091,0.3191775470381717,0.4628921516864354,0.36847411636947125,37.16136355893498,20.225648715786054,flexion,38.34936490538904,21.006865339043237
DEMO_025,T03,50,5.0,test,synthetic_demo,0.4744821263676256,0.3180126044091624,0.5190478596628916,0.3398985524740701,38.34936490538904,21.006865339043237,flexion,39.774575140626325,21.88661262758029
DEMO_025,T03,51,5.1000000000000005,test,synthetic_demo,0.45276851303988275,0.3036356141168533,0.48434026574881883,0.2307786172614478,39.774575140626325,21.88661262758029,flexion,41.421379363065135,22.855251886005014
DEMO_025,T03,52,5.2,test,synthetic_demo,0.5202002234966115,0.31817395279169247,0.5958597487881373,0.2916487325393175,41.421379363065135,22.855251886005014,flexion,43.27173484102855,23.902170499901345
DEMO_025,T03,53,5.300000000000001,test,synthetic_demo,0.5574755706429001,0.3034491445664884,0.5447887193833909,0.24751327632798736,43.27173484102855,23.902170499901345,flexion,45.30536869268816,25.01589820985361
DEMO_025,T03,54,5.4,test,synthetic_demo,0.6050587363486094,0.2944221273829785,0.5569302641197617,0.2588909901197039,45.30536869268816,25.01589820985361,flexion,47.499999999999986,26.184232782009072
DEMO_025,T03,55,5.5,test,synthetic_demo,0.66827579338371,0.2839718833911087,0.5718139975714313,0.24935255549415244,47.499999999999986,26.184232782009072,flexion,49.831583923105,27.394373698305476
DEMO_025,T03,56,5.6000000000000005,test,synthetic_demo,0.5763718787976941,0.2770175127534062,0.6333356578594797,0.1903891796151117,49.831583923105,27.394373698305476,flexion,52.27457514062633,28.633062401625605
DEMO_025,T03,57,5.7,test,synthetic_demo,0.63346166893596,0.2718445490198305,0.5426556502509768,0.27491488930785124,52.27457514062633,28.633062401625605,flexion,54.802207729556045,29.886727559323603
DEMO_025,T03,58,5.800000000000001,test,synthetic_demo,0.6598082227346305,0.2909145302690717,0.6057819226803796,0.29815436558438624,54.802207729556045,29.886727559323603,flexion,57.38678841830866,31.141633753585417
DEMO_026,T01,0,0.0,test,synthetic_demo,0.5695274463241977,0.1795851352309797,0.5808444695158562,0.2357807523679162,60.0,32.384031969540736,flexion,62.61321158169134,33.600310232347006
DEMO_026,T01,1,0.1,test,synthetic_demo,0.5511338233935933,0.21314942097965392,0.5205475885910864,0.1944449400451426,62.61321158169134,33.600310232347006,flexion,65.19779227044398,34.77714274283433
DEMO_026,T01,2,0.2,test,synthetic_demo,0.49239178848503223,0.2565625775865631,0.5513547396853432,0.20875686819806363,65.19779227044398,34.77714274283433,flexion,67.72542485937369,35.901635877749776
DEMO_026,T01,3,0.30000000000000004,test,synthetic_demo,0.5609174444562747,0.21535669237993804,0.5558613461549357,0.2184045723994559,67.72542485937369,35.901635877749776,flexion,70.168416076895,36.96146945499189
DEMO_026,T01,4,0.4,test,synthetic_demo,0.5058341514249541,0.21630832311548354,0.5772531094782217,0.24388343284910965,70.168416076895,36.96146945499189,flexion,72.5,37.945031716103976
DEMO_026,T01,5,0.5,test,synthetic_demo,0.5067482999069522,0.27997700409011594,0.4247438841729111,0.20358972841243592,72.5,37.945031716103976,flexion,74.69463130731182,38.84154654712965
DEMO_026,T01,6,0.6000000000000001,test,synthetic_demo,0.5250698059656083,0.2632843653336957,0.5344961621930816,0.198565414598033,74.69463130731182,38.84154654712965,flexion,76.72826515897145,39.64119154397241
DEMO_026,T01,7,0.7000000000000001,test,synthetic_demo,0.4778615868451671,0.2722341911184721,0.4483521278161913,0.1721764101902285,76.72826515897145,39.64119154397241,flexion,78.57862063693486,40.33520562871037
DEMO_026,T01,8,0.8,test,synthetic_demo,0.5191520162206272,0.19014899013545636,0.4402028669329107,0.19636209169495839,78.57862063693486,40.33520562871037,flexion,80.22542485937369,40.91598503779936
DEMO_026,T01,9,0.9,test,synthetic_demo,0.4187287831835976,0.16777565470779202,0.4558781185934454,0.22400773339715502,80.22542485937369,40.91598503779936,flexion,81.65063509461096,41.3771666304975
DEMO_026,T01,10,1.0,test,synthetic_demo,0.35804132651424714,0.2386454643653267,0.3900097085921799,0.20174237713756046,81.65063509461096,41.3771666304975,flexion,82.83863644106502,41.71369760476672
DEMO_026,T01,11,1.1,test,synthetic_demo,0.3305113412843958,0.22995868720440701,0.29069062195815043,0.19001580752326902,82.83863644106502,41.71369760476672,flexion,83.77641290737884,41.921890856829314
DEMO_026,T01,12,1.2000000000000002,test,synthetic_demo,0.3220150052708015,0.24154059071146292,0.3212926767781034,0.2542606046991309,83.77641290737884,41.921890856829314,flexion,84.45369001834514,41.99946537784843
DEMO_026,T01,13,1.3,test,synthetic_demo,0.3281992725874791,0.22364991105135001,0.30351290165723527,0.21475530612658983,84.45369001834514,41.99946537784843,hold,84.86304738420684,41.94557124513828
DEMO_026,T01,14,1.4000000000000001,test,synthetic_demo,0.2033639415124384,0.220420658476037,0.2417259974106594,0.2517820234352814,84.86304738420684,41.94557124513828,hold,85.0,41.7607989340949
DEMO_026,T01,15,1.5,test,synthetic_demo,0.2635615660726504,0.2527455552780611,0.2880375071657123,0.2147890193712741,85.0,41.7607989340949,hold,84.86304738420684,41.44717284882418
DEMO_026,T01,16,1.6,test,synthetic_demo,0.23458230642793193,0.21313901348193698,0.30855003889520033,0.28014896398523387,84.86304738420684,41.44717284882418,hold,84.45369001834514,41.00812914234682
DEMO_026,T01,17,1.7000000000000002,test,synthetic_demo,0.17902227061811096,0.31792142829226044,0.29113769978144266,0.29925990627588905,84.45369001834514,41.00812914234682,hold,83.77641290737884,40.44847806938679
DEMO_026,T01,18,1.8,test,synthetic_demo,0.17953990472951,0.3671110833040737,0.2377867144378949,0.35794863076671535,83.77641290737884,40.44847806938679,extension,82.83863644106502,39.77435128421395
DEMO_026,T01,19,1.9000000000000001,test,synthetic_demo,0.19031284582138736,0.3954837031326272,0.22741603833507412,0.35733486981183094,82.83863644106502,39.77435128421395,extension,81.65063509461098,38.99313466095676
DEMO_026,T01,20,2.0,test,synthetic_demo,0.19470328703465656,0.49920881534918854,0.2908450288701967,0.3620676090334067,81.65063509461098,38.99313466095676,extension,80.22542485937369,38.113387372419716
DEMO_026,T01,21,2.1,test,synthetic_demo,0.19009299769623533,0.4471588583506766,0.2994306076616213,0.3708163706208256,80.22542485937369,38.113387372419716,extension,78.57862063693486,37.14474811399498
DEMO_026,T01,22,2.2,test,synthetic_demo,0.1741107544763233,0.5458232490445033,0.2752159328188033,0.4915903579736744,78.57862063693486,37.14474811399498,extension,76.72826515897145,36.097829500098655
DEMO_026,T01,23,2.3000000000000003,test,synthetic_demo,0.25086568887799443,0.543475939228484,0.3364538250320736,0.3767718545565368,76.72826515897145,36.097829500098655,extension,74.69463130731182,34.98410179014638
DEMO_026,T01,24,2.4000000000000004,test,synthetic_demo,0.1967823085102067,0.5404806139696482,0.2749996455040769,0.4495846520094555,74.69463130731182,34.98410179014638,extension,72.5,33.815767217990924
DEMO_026,T01,25,2.5,test,synthetic_demo,0.17971747528846002,0.584970708826178,0.3081003344611764,0.3148567753648754,72.5,33.815767217990924,extension,70.16841607689501,32.60562630169453
DEMO_026,T01,26,2.6,test,synthetic_demo,0.19249738256090212,0.6125525456363878,0.3312740817624189,0.4554925436239937,70.16841607689501,32.60562630169453,extension,67.72542485937369,31.366937598374406
DEMO_026,T01,27,2.7,test,synthetic_demo,0.18023709304636165,0.6863891261682766,0.33110810057765366,0.43492195864295097,67.72542485937369,31.366937598374406,extension,65.19779227044398,30.11327244067641
DEMO_026,T01,28,2.8000000000000003,test,synthetic_demo,0.16426911260026525,0.6018616511221158,0.31333101191043744,0.3763545461452804,65.19779227044398,30.11327244067641,extension,62.613211581691324,28.85836624641458
DEMO_026,T01,29,2.9000000000000004,test,synthetic_demo,0.25628656081899304,0.5950350986196701,0.27959021659903294,0.4120072608037978,62.613211581691324,28.85836624641458,extension,60.0,27.615968030459264
DEMO_026,T01,30,3.0,test,synthetic_demo,0.1897618675726619,0.6190326400460826,0.25243237130552054,0.4656900927604273,60.0,27.615968030459264,extension,57.38678841830866,26.39968976765299
DEMO_026,T01,31,3.1,test,synthetic_demo,0.1591057840621225,0.6997989098921612,0.26073097899591763,0.4229877219971279,57.38678841830866,26.39968976765299,extension,54.802207729556024,25.22285725716567
DEMO_026,T01,32,3.2,test,synthetic_demo,0.24550678423542116,0.6873593391406431,0.34005474844003225,0.4119644117847979,54.802207729556024,25.22285725716567,extension,52.27457514062632,24.098364122250224
DEMO_026,T01,33,3.3000000000000003,test,synthetic_demo,0.2549774517091446,0.6117485149066079,0.23118513933322332,0.4114328073637233,52.27457514062632,24.098364122250224,extension,49.831583923104986,23.038530545008104
DEMO_026,T01,34,3.4000000000000004,test,synthetic_demo,0.15620227674289,0.6396205414868765,0.30186361348864144,0.38571722466395497,49.831583923104986,23.038530545008104,extension,47.50000000000001,22.054968283896024
DEMO_026,T01,35,3.5,test,synthetic_demo,0.14938560890110325,0.6080756165338158,0.2830662222101322,0.28804414820138535,47.50000000000001,22.054968283896024,extension,45.30536869268818,21.158453452870347
DEMO_026,T01,36,3.6,test,synthetic_demo,0.17520457092180997,0.5875933022480564,0.3157970967999244,0.3189563916010827,45.30536869268818,21.158453452870347,extension,43.27173484102855,20.35880845602759
DEMO_026,T01,37,3.7,test,synthetic_demo,0.27632789587435097,0.47748454388134715,0.263539463636928,0.305351672243618,43.27173484102855,20.35880845602759,extension,41.42137936306515,19.66479437128963
DEMO_026,T01,38,3.8000000000000003,test,synthetic_demo,0.24685895459100787,0.49761510207077386,0.2741339171153971,0.31354338364584067,41.42137936306515,19.66479437128963,extension,39.774575140626304,19.084014962200634
DEMO_026,T01,39,3.9000000000000004,test,synthetic_demo,0.19906244314714844,0.44281120174817784,0.25431553082029446,0.2438033090620617,39.774575140626304,19.084014962200634,extension,38.34936490538904,18.6228333695025
DEMO_026,T01,40,4.0,test,synthetic_demo,0.17309667472754137,0.4798473068116098,0.34500065831371535,0.3004120385425449,38.34936490538904,18.6228333695025,extension,37.16136355893498,18.286302395233275
DEMO_026,T01,41,4.1000000000000005,test,synthetic_demo,0.1253980989817082,0.3955691060130587,0.23694678880568293,0.2624355518216783,37.16136355893498,18.286302395233275,extension,36.22358709262116,18.078109143170686
DEMO_026,T01,42,4.2,test,synthetic_demo,0.20187076599526546,0.4051106281024957,0.2519962479771598,0.2524492926630185,36.22358709262116,18.078109143170686,extension,35.54630998165486,18.00053462215157
DEMO_026,T01,43,4.3,test,synthetic_demo,0.24184882114467385,0.3250638467710999,0.3012651013874681,0.14279522070850653,35.54630998165486,18.00053462215157,hold,35.13695261579316,18.05442875486172
DEMO_026,T01,44,4.4,test,synthetic_demo,0.20169833672642043,0.32926748400188466,0.27541393227016314,0.18978630299615995,35.13695261579316,18.05442875486172,hold,35.0,18.2392010659051
DEMO_026,T01,45,4.5,test,synthetic_demo,0.18908975745960596,0.23877680056102304,0.3242370620675429,0.2391888656018366,35.0,18.2392010659051,hold,35.13695261579316,18.552827151175826
DEMO_026,T01,46,4.6000000000000005,test,synthetic_demo,0.22732093747055468,0.21139425060093314,0.37907076756886904,0.21568701897661727,35.13695261579316,18.552827151175826,hold,35.54630998165486,18.991870857653183
DEMO_026,T01,47,4.7,test,synthetic_demo,0.28603085491759966,0.23953020598920877,0.4891231683949178,0.209716466051693,35.54630998165486,18.991870857653183,hold,36.223587092621166,19.55152193061322
DEMO_026,T01,48,4.800000000000001,test,synthetic_demo,0.2921231286967079,0.2893648291254046,0.3928831485380204,0.25737120506537664,36.223587092621166,19.55152193061322,flexion,37.16136355893498,20.225648715786054
DEMO_026,T01,49,4.9,test,synthetic_demo,0.3735862769574666,0.2846868339392314,0.495557898896399,0.24454493774640293,37.16136355893498,20.225648715786054,flexion,38.34936490538904,21.006865339043237
DEMO_026,T01,50,5.0,test,synthetic_demo,0.40759776042888285,0.2039788423213858,0.4125227401155,0.19807076874417728,38.34936490538904,21.006865339043237,flexion,39.774575140626325,21.88661262758029
DEMO_026,T01,51,5.1000000000000005,test,synthetic_demo,0.40698162481586153,0.2716260646309875,0.4761543561726189,0.2268165642405065,39.774575140626325,21.88661262758029,flexion,41.421379363065135,22.855251886005014
DEMO_026,T01,52,5.2,test,synthetic_demo,0.4003360610998786,0.2500470448140459,0.5483924776706797,0.19805471286892543,41.421379363065135,22.855251886005014,flexion,43.27173484102855,23.902170499901345
DEMO_026,T01,53,5.300000000000001,test,synthetic_demo,0.5095158478864391,0.1955092754519961,0.5465959659154558,0.19643405581704795,43.27173484102855,23.902170499901345,flexion,45.30536869268816,25.01589820985361
DEMO_026,T01,54,5.4,test,synthetic_demo,0.5077145053678421,0.2152881361770244,0.5324829930916675,0.2514233844897554,45.30536869268816,25.01589820985361,flexion,47.499999999999986,26.184232782009072
DEMO_026,T01,55,5.5,test,synthetic_demo,0.54781977386052,0.26227324277912134,0.5548907619659518,0.21512569616213428,47.499999999999986,26.184232782009072,flexion,49.831583923105,27.394373698305476
DEMO_026,T01,56,5.6000000000000005,test,synthetic_demo,0.5072385154338774,0.20317941201686895,0.6091491578640131,0.19063634327666196,49.831583923105,27.394373698305476,flexion,52.27457514062633,28.633062401625605
DEMO_026,T01,57,5.7,test,synthetic_demo,0.504163373133088,0.20186254388757746,0.5563586450949043,0.17896398249748485,52.27457514062633,28.633062401625605,flexion,54.802207729556045,29.886727559323603
DEMO_026,T01,58,5.800000000000001,test,synthetic_demo,0.5644160973586387,0.2376384795014486,0.5545507006550796,0.22696605726854083,54.802207729556045,29.886727559323603,flexion,57.38678841830866,31.141633753585417
DEMO_026,T02,0,0.0,test,synthetic_demo,0.5897485610428813,0.23262275591188233,0.6348082930577551,0.20280387826250842,60.0,32.384031969540736,flexion,62.61321158169134,33.600310232347006
DEMO_026,T02,1,0.1,test,synthetic_demo,0.5911817729867948,0.23003538011381164,0.6155527307719012,0.22338662879936325,62.61321158169134,33.600310232347006,flexion,65.19779227044398,34.77714274283433
DEMO_026,T02,2,0.2,test,synthetic_demo,0.5165543361590728,0.2522062877829277,0.5602712376515059,0.2159031942779575,65.19779227044398,34.77714274283433,flexion,67.72542485937369,35.901635877749776
DEMO_026,T02,3,0.30000000000000004,test,synthetic_demo,0.5263855787996593,0.269887945857857,0.5679581571319101,0.16420491129548415,67.72542485937369,35.901635877749776,flexion,70.168416076895,36.96146945499189
DEMO_026,T02,4,0.4,test,synthetic_demo,0.5729979605420017,0.2590759292168554,0.5586278828964,0.2024840569719721,70.168416076895,36.96146945499189,flexion,72.5,37.945031716103976
DEMO_026,T02,5,0.5,test,synthetic_demo,0.5056634896531651,0.2717802026440681,0.49822119479481525,0.2228864171656304,72.5,37.945031716103976,flexion,74.69463130731182,38.84154654712965
DEMO_026,T02,6,0.6000000000000001,test,synthetic_demo,0.421019475002014,0.21207045087883786,0.49878257295658124,0.22637910689629295,74.69463130731182,38.84154654712965,flexion,76.72826515897145,39.64119154397241
DEMO_026,T02,7,0.7000000000000001,test,synthetic_demo,0.4362812898134446,0.2717804412123632,0.46004180657934113,0.1840096700536547,76.72826515897145,39.64119154397241,flexion,78.57862063693486,40.33520562871037
DEMO_026,T02,8,0.8,test,synthetic_demo,0.46612810217764755,0.2609240356616305,0.42172305227826623,0.1675839718631156,78.57862063693486,40.33520562871037,flexion,80.22542485937369,40.91598503779936
DEMO_026,T02,9,0.9,test,synthetic_demo,0.4388193010263969,0.24826669418313063,0.4319588467467467,0.2435708268583005,80.22542485937369,40.91598503779936,flexion,81.65063509461096,41.3771666304975
DEMO_026,T02,10,1.0,test,synthetic_demo,0.44567133576651147,0.1799931172418294,0.3980881398686525,0.2608190412238098,81.65063509461096,41.3771666304975,flexion,82.83863644106502,41.71369760476672
DEMO_026,T02,11,1.1,test,synthetic_demo,0.4185539563820253,0.21389954356708907,0.3040850065867656,0.22899391850634598,82.83863644106502,41.71369760476672,flexion,83.77641290737884,41.921890856829314
DEMO_026,T02,12,1.2000000000000002,test,synthetic_demo,0.3019978800575046,0.24996234191031594,0.3803416044947584,0.2040459980531295,83.77641290737884,41.921890856829314,flexion,84.45369001834514,41.99946537784843
DEMO_026,T02,13,1.3,test,synthetic_demo,0.2669469848622945,0.18319138107131247,0.2788778137474404,0.2514144113322975,84.45369001834514,41.99946537784843,hold,84.86304738420684,41.94557124513828
DEMO_026,T02,14,1.4000000000000001,test,synthetic_demo,0.20800856216344782,0.23764680659064755,0.30065245156586895,0.2088974527644235,84.86304738420684,41.94557124513828,hold,85.0,41.7607989340949
DEMO_026,T02,15,1.5,test,synthetic_demo,0.26278082241927747,0.18037115664920056,0.29815524029703927,0.26585365093459956,85.0,41.7607989340949,hold,84.86304738420684,41.44717284882418
DEMO_026,T02,16,1.6,test,synthetic_demo,0.22467667709286293,0.32033902724539864,0.40124113206948187,0.3219963698253865,84.86304738420684,41.44717284882418,hold,84.45369001834514,41.00812914234682
DEMO_026,T02,17,1.7000000000000002,test,synthetic_demo,0.19846659987432133,0.29275868899419405,0.34024447291537446,0.3398051141956206,84.45369001834514,41.00812914234682,hold,83.77641290737884,40.44847806938679
DEMO_026,T02,18,1.8,test,synthetic_demo,0.16371076453053796,0.29091111454280355,0.2856696220313654,0.27351865091367583,83.77641290737884,40.44847806938679,extension,82.83863644106502,39.77435128421395
DEMO_026,T02,19,1.9000000000000001,test,synthetic_demo,0.2818198384383891,0.5111652465069436,0.31179536567433247,0.3726966778276957,82.83863644106502,39.77435128421395,extension,81.65063509461098,38.99313466095676
DEMO_026,T02,20,2.0,test,synthetic_demo,0.22443287781399496,0.47336340997781756,0.23406662973454156,0.4058265820836084,81.65063509461098,38.99313466095676,extension,80.22542485937369,38.113387372419716
DEMO_026,T02,21,2.1,test,synthetic_demo,0.23822743878139174,0.46262350200775704,0.33143246751840794,0.39145990468690617,80.22542485937369,38.113387372419716,extension,78.57862063693486,37.14474811399498
DEMO_026,T02,22,2.2,test,synthetic_demo,0.208457784876026,0.5208105192228739,0.29689788487537044,0.36282675661446306,78.57862063693486,37.14474811399498,extension,76.72826515897145,36.097829500098655
DEMO_026,T02,23,2.3000000000000003,test,synthetic_demo,0.19626887440026292,0.5412714517852605,0.2542369616310592,0.37465636443635225,76.72826515897145,36.097829500098655,extension,74.69463130731182,34.98410179014638
DEMO_026,T02,24,2.4000000000000004,test,synthetic_demo,0.23778149421338088,0.5853593207279387,0.2851894751644685,0.3987232469608102,74.69463130731182,34.98410179014638,extension,72.5,33.815767217990924
DEMO_026,T02,25,2.5,test,synthetic_demo,0.32063712066896555,0.6213586642638059,0.3653721801368238,0.42668601933069067,72.5,33.815767217990924,extension,70.16841607689501,32.60562630169453
DEMO_026,T02,26,2.6,test,synthetic_demo,0.20713246601705548,0.6238956234848032,0.2802541775432856,0.44511241119247485,70.16841607689501,32.60562630169453,extension,67.72542485937369,31.366937598374406
DEMO_026,T02,27,2.7,test,synthetic_demo,0.19238865637659233,0.6024356114872883,0.27382438348164845,0.4252309278998866,67.72542485937369,31.366937598374406,extension,65.19779227044398,30.11327244067641
DEMO_026,T02,28,2.8000000000000003,test,synthetic_demo,0.18948589474974717,0.6374222285074865,0.33733439891457995,0.4667906830521172,65.19779227044398,30.11327244067641,extension,62.613211581691324,28.85836624641458
DEMO_026,T02,29,2.9000000000000004,test,synthetic_demo,0.2465126447386863,0.6298514840235614,0.32796227939421213,0.5091832023579141,62.613211581691324,28.85836624641458,extension,60.0,27.615968030459264
DEMO_026,T02,30,3.0,test,synthetic_demo,0.21627615997024685,0.7029083412795645,0.30093346827523715,0.39025469860047235,60.0,27.615968030459264,extension,57.38678841830866,26.39968976765299
DEMO_026,T02,31,3.1,test,synthetic_demo,0.23238958971310508,0.6513860256628793,0.2951588956176879,0.4284103627671926,57.38678841830866,26.39968976765299,extension,54.802207729556024,25.22285725716567
DEMO_026,T02,32,3.2,test,synthetic_demo,0.18206002773405155,0.634367137666939,0.29150660030601294,0.4862996339058349,54.802207729556024,25.22285725716567,extension,52.27457514062632,24.098364122250224
DEMO_026,T02,33,3.3000000000000003,test,synthetic_demo,0.1411363347040369,0.6041189318921439,0.31351777967530053,0.4433801538861444,52.27457514062632,24.098364122250224,extension,49.831583923104986,23.038530545008104
DEMO_026,T02,34,3.4000000000000004,test,synthetic_demo,0.24796021762722842,0.6192604601215608,0.2984075160654506,0.3348248688433762,49.831583923104986,23.038530545008104,extension,47.50000000000001,22.054968283896024
DEMO_026,T02,35,3.5,test,synthetic_demo,0.1744486100792502,0.6415540873110716,0.30079919943890204,0.3991247795408809,47.50000000000001,22.054968283896024,extension,45.30536869268818,21.158453452870347
DEMO_026,T02,36,3.6,test,synthetic_demo,0.22706295554300537,0.6153979743657491,0.2964170301971866,0.33974190225264655,45.30536869268818,21.158453452870347,extension,43.27173484102855,20.35880845602759
DEMO_026,T02,37,3.7,test,synthetic_demo,0.21923669138866256,0.5257264780307114,0.2584429903490509,0.3816448836699333,43.27173484102855,20.35880845602759,extension,41.42137936306515,19.66479437128963
DEMO_026,T02,38,3.8000000000000003,test,synthetic_demo,0.17631432168052946,0.4824921364765069,0.30490809802345326,0.3714246106223987,41.42137936306515,19.66479437128963,extension,39.774575140626304,19.084014962200634
DEMO_026,T02,39,3.9000000000000004,test,synthetic_demo,0.24711875175588996,0.44280734006154515,0.30548933482317614,0.32812447314911813,39.774575140626304,19.084014962200634,extension,38.34936490538904,18.6228333695025
DEMO_026,T02,40,4.0,test,synthetic_demo,0.20393924434222999,0.4245971020896787,0.23738374994238587,0.36063572420885515,38.34936490538904,18.6228333695025,extension,37.16136355893498,18.286302395233275
DEMO_026,T02,41,4.1000000000000005,test,synthetic_demo,0.16417231918006406,0.48869842971255195,0.2356080788596503,0.24466198791352156,37.16136355893498,18.286302395233275,extension,36.22358709262116,18.078109143170686
DEMO_026,T02,42,4.2,test,synthetic_demo,0.2874538890577458,0.3236721790651638,0.3192355961458994,0.2354396011010674,36.22358709262116,18.078109143170686,extension,35.54630998165486,18.00053462215157
DEMO_026,T02,43,4.3,test,synthetic_demo,0.2128733761377844,0.3129852171720297,0.28149010926511614,0.18919211151606904,35.54630998165486,18.00053462215157,hold,35.13695261579316,18.05442875486172
DEMO_026,T02,44,4.4,test,synthetic_demo,0.18219043773551874,0.28845349049074465,0.32405952284747364,0.21620934713997048,35.13695261579316,18.05442875486172,hold,35.0,18.2392010659051
DEMO_026,T02,45,4.5,test,synthetic_demo,0.21847833288187726,0.21439432736519992,0.3408040223500073,0.19712059944903013,35.0,18.2392010659051,hold,35.13695261579316,18.552827151175826
DEMO_026,T02,46,4.6000000000000005,test,synthetic_demo,0.2829421523299423,0.24367042295674698,0.3337722320913603,0.2256374507608261,35.13695261579316,18.552827151175826,hold,35.54630998165486,18.991870857653183
DEMO_026,T02,47,4.7,test,synthetic_demo,0.321085439157631,0.22186518424652252,0.40211713866822485,0.16711102627718888,35.54630998165486,18.991870857653183,hold,36.223587092621166,19.55152193061322
DEMO_026,T02,48,4.800000000000001,test,synthetic_demo,0.33934712810551615,0.2606068976804107,0.4832405514909079,0.20631721904580044,36.223587092621166,19.55152193061322,flexion,37.16136355893498,20.225648715786054
DEMO_026,T02,49,4.9,test,synthetic_demo,0.3443528952295634,0.16651498384538027,0.4249113347357826,0.260064862843472,37.16136355893498,20.225648715786054,flexion,38.34936490538904,21.006865339043237
DEMO_026,T02,50,5.0,test,synthetic_demo,0.4608789054542913,0.20860940478447,0.47558564894194927,0.24412540754882261,38.34936490538904,21.006865339043237,flexion,39.774575140626325,21.88661262758029
DEMO_026,T02,51,5.1000000000000005,test,synthetic_demo,0.4278047522347608,0.19332870445329442,0.5814431304676244,0.24546020355250067,39.774575140626325,21.88661262758029,flexion,41.421379363065135,22.855251886005014
DEMO_026,T02,52,5.2,test,synthetic_demo,0.4900003772937501,0.26720970047091486,0.6011646797538339,0.19421165676908012,41.421379363065135,22.855251886005014,flexion,43.27173484102855,23.902170499901345
DEMO_026,T02,53,5.300000000000001,test,synthetic_demo,0.5021912102084505,0.2671209063374126,0.5380572183573228,0.21415353051076966,43.27173484102855,23.902170499901345,flexion,45.30536869268816,25.01589820985361
DEMO_026,T02,54,5.4,test,synthetic_demo,0.5375009373701277,0.20856967672316093,0.5538033006957979,0.15587222322167782,45.30536869268816,25.01589820985361,flexion,47.499999999999986,26.184232782009072
DEMO_026,T02,55,5.5,test,synthetic_demo,0.5742759067021131,0.21964423480168252,0.5513543646418774,0.22560613808840277,47.499999999999986,26.184232782009072,flexion,49.831583923105,27.394373698305476
DEMO_026,T02,56,5.6000000000000005,test,synthetic_demo,0.5088312259710889,0.22783901186328662,0.6181626732947435,0.23510015587148206,49.831583923105,27.394373698305476,flexion,52.27457514062633,28.633062401625605
DEMO_026,T02,57,5.7,test,synthetic_demo,0.5940950715820115,0.27919279748893583,0.5537460335435993,0.2449645180730739,52.27457514062633,28.633062401625605,flexion,54.802207729556045,29.886727559323603
DEMO_026,T02,58,5.800000000000001,test,synthetic_demo,0.5903150984730363,0.29370378979882134,0.5049254094224893,0.22186546404550928,54.802207729556045,29.886727559323603,flexion,57.38678841830866,31.141633753585417
DEMO_026,T03,0,0.0,test,synthetic_demo,0.6001064659746501,0.19678048508638685,0.625203240780471,0.3216387561730438,60.0,32.384031969540736,flexion,62.61321158169134,33.600310232347006
DEMO_026,T03,1,0.1,test,synthetic_demo,0.5834579068334231,0.2769552335776426,0.5461615028684063,0.19931300621086034,62.61321158169134,33.600310232347006,flexion,65.19779227044398,34.77714274283433
DEMO_026,T03,2,0.2,test,synthetic_demo,0.5810702835049282,0.29975590316250084,0.5575483751735755,0.21828939496836297,65.19779227044398,34.77714274283433,flexion,67.72542485937369,35.901635877749776
DEMO_026,T03,3,0.30000000000000004,test,synthetic_demo,0.5401838880887195,0.1993003105779855,0.5521567995344995,0.26902215463945384,67.72542485937369,35.901635877749776,flexion,70.168416076895,36.96146945499189
DEMO_026,T03,4,0.4,test,synthetic_demo,0.5760342667566187,0.23668779372066195,0.5210347709019852,0.253351751468585,70.168416076895,36.96146945499189,flexion,72.5,37.945031716103976
DEMO_026,T03,5,0.5,test,synthetic_demo,0.46524359286935046,0.2251008564675117,0.5158782334854605,0.29030650027049665,72.5,37.945031716103976,flexion,74.69463130731182,38.84154654712965
DEMO_026,T03,6,0.6000000000000001,test,synthetic_demo,0.4892681674012565,0.26884077228924236,0.5145549675130106,0.1545714438807524,74.69463130731182,38.84154654712965,flexion,76.72826515897145,39.64119154397241
DEMO_026,T03,7,0.7000000000000001,test,synthetic_demo,0.47673185541513907,0.2442730758057962,0.4009084255987215,0.21976594940968247,76.72826515897145,39.64119154397241,flexion,78.57862063693486,40.33520562871037
DEMO_026,T03,8,0.8,test,synthetic_demo,0.45773808340409927,0.17104014473504398,0.4731893529963383,0.18768395438600383,78.57862063693486,40.33520562871037,flexion,80.22542485937369,40.91598503779936
DEMO_026,T03,9,0.9,test,synthetic_demo,0.5024294251025285,0.1739064364440252,0.4303916501324569,0.22322777530606208,80.22542485937369,40.91598503779936,flexion,81.65063509461096,41.3771666304975
DEMO_026,T03,10,1.0,test,synthetic_demo,0.37230084472312025,0.24070704707638121,0.31051899264956945,0.26066540350596956,81.65063509461096,41.3771666304975,flexion,82.83863644106502,41.71369760476672
DEMO_026,T03,11,1.1,test,synthetic_demo,0.3468195440589488,0.19481060924904922,0.34942223894072305,0.1812941081280821,82.83863644106502,41.71369760476672,flexion,83.77641290737884,41.921890856829314
DEMO_026,T03,12,1.2000000000000002,test,synthetic_demo,0.2983453297736285,0.20743099925845263,0.25664037350725266,0.2311789302760716,83.77641290737884,41.921890856829314,flexion,84.45369001834514,41.99946537784843
DEMO_026,T03,13,1.3,test,synthetic_demo,0.3542905970030285,0.2345193575260642,0.2232928205524498,0.24039242333373015,84.45369001834514,41.99946537784843,hold,84.86304738420684,41.94557124513828
DEMO_026,T03,14,1.4000000000000001,test,synthetic_demo,0.25198263913463265,0.247672770191699,0.37983589297393444,0.2417487011875349,84.86304738420684,41.94557124513828,hold,85.0,41.7607989340949
DEMO_026,T03,15,1.5,test,synthetic_demo,0.22091125499762068,0.25144490919405865,0.3557401992540396,0.25065121659245027,85.0,41.7607989340949,hold,84.86304738420684,41.44717284882418
DEMO_026,T03,16,1.6,test,synthetic_demo,0.21594973207633664,0.3249355277544594,0.2542090407045305,0.22364124026347554,84.86304738420684,41.44717284882418,hold,84.45369001834514,41.00812914234682
DEMO_026,T03,17,1.7000000000000002,test,synthetic_demo,0.25997487064581637,0.36767025832155753,0.2876888629531709,0.3068892307332446,84.45369001834514,41.00812914234682,hold,83.77641290737884,40.44847806938679
DEMO_026,T03,18,1.8,test,synthetic_demo,0.17854444187398538,0.33666552758376095,0.25101098586898446,0.3376118419189476,83.77641290737884,40.44847806938679,extension,82.83863644106502,39.77435128421395
DEMO_026,T03,19,1.9000000000000001,test,synthetic_demo,0.2894868454517069,0.3203503866950228,0.28733833923452257,0.3616069602815159,82.83863644106502,39.77435128421395,extension,81.65063509461098,38.99313466095676
DEMO_026,T03,20,2.0,test,synthetic_demo,0.2175451868015088,0.4727881164530168,0.3011733967894906,0.34227569558552867,81.65063509461098,38.99313466095676,extension,80.22542485937369,38.113387372419716
DEMO_026,T03,21,2.1,test,synthetic_demo,0.17375322321633246,0.43278277161684614,0.31895303218155824,0.3923759536150489,80.22542485937369,38.113387372419716,extension,78.57862063693486,37.14474811399498
DEMO_026,T03,22,2.2,test,synthetic_demo,0.21290694544639577,0.4888116465747816,0.25276816994692825,0.39689988386666264,78.57862063693486,37.14474811399498,extension,76.72826515897145,36.097829500098655
DEMO_026,T03,23,2.3000000000000003,test,synthetic_demo,0.17025119130723895,0.5377768133839164,0.31643880759268167,0.5075032553917592,76.72826515897145,36.097829500098655,extension,74.69463130731182,34.98410179014638
DEMO_026,T03,24,2.4000000000000004,test,synthetic_demo,0.20793411669116343,0.5386452411044994,0.3860251364469658,0.3576275152426737,74.69463130731182,34.98410179014638,extension,72.5,33.815767217990924
DEMO_026,T03,25,2.5,test,synthetic_demo,0.1704717614648575,0.6516700082380847,0.3318744957237502,0.3654172660739855,72.5,33.815767217990924,extension,70.16841607689501,32.60562630169453
DEMO_026,T03,26,2.6,test,synthetic_demo,0.18848408826842541,0.6243886988097123,0.23146536833867948,0.41914539866134437,70.16841607689501,32.60562630169453,extension,67.72542485937369,31.366937598374406
DEMO_026,T03,27,2.7,test,synthetic_demo,0.22123504505757127,0.5995416763240105,0.2616036912696471,0.3848338905054425,67.72542485937369,31.366937598374406,extension,65.19779227044398,30.11327244067641
DEMO_026,T03,28,2.8000000000000003,test,synthetic_demo,0.21067452952775007,0.6788751069371755,0.252932391796063,0.4743098333845301,65.19779227044398,30.11327244067641,extension,62.613211581691324,28.85836624641458
DEMO_026,T03,29,2.9000000000000004,test,synthetic_demo,0.24609496322823796,0.6516024151574826,0.22304132391861387,0.47946978595199735,62.613211581691324,28.85836624641458,extension,60.0,27.615968030459264
DEMO_026,T03,30,3.0,test,synthetic_demo,0.18061950745610353,0.6386609129693375,0.31719533595190863,0.40391832103570324,60.0,27.615968030459264,extension,57.38678841830866,26.39968976765299
DEMO_026,T03,31,3.1,test,synthetic_demo,0.20821823542449888,0.6967613145092081,0.3143376267545606,0.4456809919780297,57.38678841830866,26.39968976765299,extension,54.802207729556024,25.22285725716567
DEMO_026,T03,32,3.2,test,synthetic_demo,0.21822878101526058,0.6606822157468832,0.30787174936334705,0.4166268674211099,54.802207729556024,25.22285725716567,extension,52.27457514062632,24.098364122250224
DEMO_026,T03,33,3.3000000000000003,test,synthetic_demo,0.2106550356259473,0.6553360232955097,0.27143047632796224,0.3922700647708563,52.27457514062632,24.098364122250224,extension,49.831583923104986,23.038530545008104
DEMO_026,T03,34,3.4000000000000004,test,synthetic_demo,0.19705024230534235,0.5549830222216496,0.2821004911018084,0.3899504903203149,49.831583923104986,23.038530545008104,extension,47.50000000000001,22.054968283896024
DEMO_026,T03,35,3.5,test,synthetic_demo,0.25787199594437016,0.5845104465546013,0.2862114156233753,0.3907113655674972,47.50000000000001,22.054968283896024,extension,45.30536869268818,21.158453452870347
DEMO_026,T03,36,3.6,test,synthetic_demo,0.21912533553394334,0.5579199132696568,0.3881348652697621,0.3361678271071799,45.30536869268818,21.158453452870347,extension,43.27173484102855,20.35880845602759
DEMO_026,T03,37,3.7,test,synthetic_demo,0.22539248861025965,0.5617153380280692,0.3054968897702319,0.31834281351869576,43.27173484102855,20.35880845602759,extension,41.42137936306515,19.66479437128963
DEMO_026,T03,38,3.8000000000000003,test,synthetic_demo,0.21430734060116916,0.5065646773685205,0.21748685216578784,0.3507693103552687,41.42137936306515,19.66479437128963,extension,39.774575140626304,19.084014962200634
DEMO_026,T03,39,3.9000000000000004,test,synthetic_demo,0.26329628797553656,0.4441518181710438,0.3385697987991292,0.23279612042782832,39.774575140626304,19.084014962200634,extension,38.34936490538904,18.6228333695025
DEMO_026,T03,40,4.0,test,synthetic_demo,0.20578511322513657,0.4143278373434857,0.2753847458402799,0.2981770229208094,38.34936490538904,18.6228333695025,extension,37.16136355893498,18.286302395233275
DEMO_026,T03,41,4.1000000000000005,test,synthetic_demo,0.2514363993377085,0.42519893589042673,0.2825824567674604,0.22708565034306472,37.16136355893498,18.286302395233275,extension,36.22358709262116,18.078109143170686
DEMO_026,T03,42,4.2,test,synthetic_demo,0.19060995930023591,0.33922906735046826,0.3045357822312262,0.24049010420864714,36.22358709262116,18.078109143170686,extension,35.54630998165486,18.00053462215157
DEMO_026,T03,43,4.3,test,synthetic_demo,0.20956320469009027,0.34178424292248016,0.3038406246950591,0.19697398126963694,35.54630998165486,18.00053462215157,hold,35.13695261579316,18.05442875486172
DEMO_026,T03,44,4.4,test,synthetic_demo,0.20567796794273246,0.2483064726257235,0.3752402715666951,0.24626753632348752,35.13695261579316,18.05442875486172,hold,35.0,18.2392010659051
DEMO_026,T03,45,4.5,test,synthetic_demo,0.1630782637345231,0.1679916793121835,0.328124835198764,0.20224732011985563,35.0,18.2392010659051,hold,35.13695261579316,18.552827151175826
DEMO_026,T03,46,4.6000000000000005,test,synthetic_demo,0.2692144933102618,0.32209928430006185,0.3658213366264428,0.20003925847000242,35.13695261579316,18.552827151175826,hold,35.54630998165486,18.991870857653183
DEMO_026,T03,47,4.7,test,synthetic_demo,0.2685221334568833,0.2152644294852545,0.35825747823713217,0.21085254830126338,35.54630998165486,18.991870857653183,hold,36.223587092621166,19.55152193061322
DEMO_026,T03,48,4.800000000000001,test,synthetic_demo,0.31992447978289623,0.2398709302391314,0.5133103030337608,0.23700222597366938,36.223587092621166,19.55152193061322,flexion,37.16136355893498,20.225648715786054
DEMO_026,T03,49,4.9,test,synthetic_demo,0.3674973765541216,0.25421683963906044,0.45876951681291944,0.21804953977128505,37.16136355893498,20.225648715786054,flexion,38.34936490538904,21.006865339043237
DEMO_026,T03,50,5.0,test,synthetic_demo,0.3492587796988825,0.25764232870193793,0.5045334899280494,0.2161181085382939,38.34936490538904,21.006865339043237,flexion,39.774575140626325,21.88661262758029
DEMO_026,T03,51,5.1000000000000005,test,synthetic_demo,0.40954627566045393,0.18363389943343877,0.5511649159014721,0.24079232007240212,39.774575140626325,21.88661262758029,flexion,41.421379363065135,22.855251886005014
DEMO_026,T03,52,5.2,test,synthetic_demo,0.476823826077719,0.24574303619665144,0.5536259049234241,0.2503104188267975,41.421379363065135,22.855251886005014,flexion,43.27173484102855,23.902170499901345
DEMO_026,T03,53,5.300000000000001,test,synthetic_demo,0.42386989502102757,0.20803935435789528,0.5183297225283392,0.2375378022329946,43.27173484102855,23.902170499901345,flexion,45.30536869268816,25.01589820985361
DEMO_026,T03,54,5.4,test,synthetic_demo,0.4864105057088445,0.2572503228849521,0.5428305818866161,0.2505595053891156,45.30536869268816,25.01589820985361,flexion,47.499999999999986,26.184232782009072
DEMO_026,T03,55,5.5,test,synthetic_demo,0.546937424988051,0.20966509346357448,0.5627121694517001,0.27409823878721984,47.499999999999986,26.184232782009072,flexion,49.831583923105,27.394373698305476
DEMO_026,T03,56,5.6000000000000005,test,synthetic_demo,0.5870531227302332,0.2567087125401452,0.5830310594915209,0.23544140957991763,49.831583923105,27.394373698305476,flexion,52.27457514062633,28.633062401625605
DEMO_026,T03,57,5.7,test,synthetic_demo,0.5582170570862637,0.22621918712480754,0.594603653001289,0.25462838572133634,52.27457514062633,28.633062401625605,flexion,54.802207729556045,29.886727559323603
DEMO_026,T03,58,5.800000000000001,test,synthetic_demo,0.5671659961513635,0.25430317003246716,0.5718807715735176,0.1583638776628264,54.802207729556045,29.886727559323603,flexion,57.38678841830866,31.141633753585417
DEMO_027,T01,0,0.0,test,synthetic_demo,0.5899783572008447,0.19439386584491505,0.4469609545491061,0.2809279808205116,60.0,32.384031969540736,flexion,62.61321158169134,33.600310232347006
DEMO_027,T01,1,0.1,test,synthetic_demo,0.6391353939622488,0.2181922194481041,0.5326618264926192,0.28076665579015736,62.61321158169134,33.600310232347006,flexion,65.19779227044398,34.77714274283433
DEMO_027,T01,2,0.2,test,synthetic_demo,0.6254188106034485,0.20635749556982744,0.494131976382102,0.17979064564734665,65.19779227044398,34.77714274283433,flexion,67.72542485937369,35.901635877749776
DEMO_027,T01,3,0.30000000000000004,test,synthetic_demo,0.6069275308378361,0.1832142447972976,0.42020521737498745,0.23129620890908204,67.72542485937369,35.901635877749776,flexion,70.168416076895,36.96146945499189
DEMO_027,T01,4,0.4,test,synthetic_demo,0.5777778562500138,0.2128560213759159,0.4573699763608271,0.24832294715735642,70.168416076895,36.96146945499189,flexion,72.5,37.945031716103976
DEMO_027,T01,5,0.5,test,synthetic_demo,0.46546496449550673,0.2522638388137762,0.3470882119360562,0.22234310944615485,72.5,37.945031716103976,flexion,74.69463130731182,38.84154654712965
DEMO_027,T01,6,0.6000000000000001,test,synthetic_demo,0.5738822402609348,0.2022211054711178,0.40357831285305096,0.25530570988068024,74.69463130731182,38.84154654712965,flexion,76.72826515897145,39.64119154397241
DEMO_027,T01,7,0.7000000000000001,test,synthetic_demo,0.4778480598881729,0.2358445573400183,0.39206013234675474,0.255860668908629,76.72826515897145,39.64119154397241,flexion,78.57862063693486,40.33520562871037
DEMO_027,T01,8,0.8,test,synthetic_demo,0.4772324384089077,0.15133571453396527,0.3461962914539312,0.24665229362555094,78.57862063693486,40.33520562871037,flexion,80.22542485937369,40.91598503779936
DEMO_027,T01,9,0.9,test,synthetic_demo,0.3888270717906157,0.20715110718308863,0.30387699087579706,0.22786095999176087,80.22542485937369,40.91598503779936,flexion,81.65063509461096,41.3771666304975
DEMO_027,T01,10,1.0,test,synthetic_demo,0.3582024652481101,0.12104904543192806,0.3775924516799122,0.18807141095237911,81.65063509461096,41.3771666304975,flexion,82.83863644106502,41.71369760476672
DEMO_027,T01,11,1.1,test,synthetic_demo,0.3291828613508958,0.2035187689038731,0.3545399186055792,0.21738935065252735,82.83863644106502,41.71369760476672,flexion,83.77641290737884,41.921890856829314
DEMO_027,T01,12,1.2000000000000002,test,synthetic_demo,0.3695710640440981,0.15644263195088742,0.31366204954574073,0.2730434893495147,83.77641290737884,41.921890856829314,flexion,84.45369001834514,41.99946537784843
DEMO_027,T01,13,1.3,test,synthetic_demo,0.26697444111777036,0.20741914790934637,0.22636260522426704,0.2076797802154335,84.45369001834514,41.99946537784843,hold,84.86304738420684,41.94557124513828
DEMO_027,T01,14,1.4000000000000001,test,synthetic_demo,0.2293135040196569,0.19684442972375626,0.2575162870743582,0.1994931018356969,84.86304738420684,41.94557124513828,hold,85.0,41.7607989340949
DEMO_027,T01,15,1.5,test,synthetic_demo,0.1936131955612824,0.19968860375604555,0.33567253917293477,0.3247952400147904,85.0,41.7607989340949,hold,84.86304738420684,41.44717284882418
DEMO_027,T01,16,1.6,test,synthetic_demo,0.21745617767061162,0.23109041657569016,0.21392079123646177,0.27689802017383225,84.86304738420684,41.44717284882418,hold,84.45369001834514,41.00812914234682
DEMO_027,T01,17,1.7000000000000002,test,synthetic_demo,0.24452959428207688,0.3056138943455832,0.32284080285323163,0.33190043010881437,84.45369001834514,41.00812914234682,hold,83.77641290737884,40.44847806938679
DEMO_027,T01,18,1.8,test,synthetic_demo,0.2584100932912588,0.31191590456444873,0.23996900233485127,0.4022448780642146,83.77641290737884,40.44847806938679,extension,82.83863644106502,39.77435128421395
DEMO_027,T01,19,1.9000000000000001,test,synthetic_demo,0.2112269627426067,0.3317620955370993,0.3112163833404584,0.3732479042231492,82.83863644106502,39.77435128421395,extension,81.65063509461098,38.99313466095676
DEMO_027,T01,20,2.0,test,synthetic_demo,0.2529296465743292,0.42951710898216616,0.26817281249005187,0.3857231446091029,81.65063509461098,38.99313466095676,extension,80.22542485937369,38.113387372419716
DEMO_027,T01,21,2.1,test,synthetic_demo,0.18106092812049557,0.35850131265248275,0.2952943716162566,0.40990065431669176,80.22542485937369,38.113387372419716,extension,78.57862063693486,37.14474811399498
DEMO_027,T01,22,2.2,test,synthetic_demo,0.18987415733646418,0.45048447285943416,0.26108723337926876,0.42094583241778144,78.57862063693486,37.14474811399498,extension,76.72826515897145,36.097829500098655
DEMO_027,T01,23,2.3000000000000003,test,synthetic_demo,0.21032889119071926,0.4889963087036732,0.3397316260270911,0.4432793402736922,76.72826515897145,36.097829500098655,extension,74.69463130731182,34.98410179014638
DEMO_027,T01,24,2.4000000000000004,test,synthetic_demo,0.22209185788900618,0.49763789390362,0.28970045980656345,0.5263626742283152,74.69463130731182,34.98410179014638,extension,72.5,33.815767217990924
DEMO_027,T01,25,2.5,test,synthetic_demo,0.19294890208585247,0.46295783148043346,0.2950403958102794,0.5361483098150268,72.5,33.815767217990924,extension,70.16841607689501,32.60562630169453
DEMO_027,T01,26,2.6,test,synthetic_demo,0.22019156978691823,0.5129194806874661,0.21156027009090692,0.4722145418980083,70.16841607689501,32.60562630169453,extension,67.72542485937369,31.366937598374406
DEMO_027,T01,27,2.7,test,synthetic_demo,0.20081563317474616,0.5030780840318416,0.22880842527969145,0.44017613165844893,67.72542485937369,31.366937598374406,extension,65.19779227044398,30.11327244067641
DEMO_027,T01,28,2.8000000000000003,test,synthetic_demo,0.16327637761081887,0.5381566046664273,0.24757678167643205,0.5306280911153801,65.19779227044398,30.11327244067641,extension,62.613211581691324,28.85836624641458
DEMO_027,T01,29,2.9000000000000004,test,synthetic_demo,0.22808425360943987,0.5972919503706615,0.2623134388675739,0.5162034187120139,62.613211581691324,28.85836624641458,extension,60.0,27.615968030459264
DEMO_027,T01,30,3.0,test,synthetic_demo,0.23824112128116584,0.5804936107598285,0.21030786752744762,0.5277950528639054,60.0,27.615968030459264,extension,57.38678841830866,26.39968976765299
DEMO_027,T01,31,3.1,test,synthetic_demo,0.2251283143588821,0.523288915101305,0.22061183454367325,0.5083829691816137,57.38678841830866,26.39968976765299,extension,54.802207729556024,25.22285725716567
DEMO_027,T01,32,3.2,test,synthetic_demo,0.23438306242224333,0.5649975102286535,0.2095792154756847,0.48529382336996396,54.802207729556024,25.22285725716567,extension,52.27457514062632,24.098364122250224
DEMO_027,T01,33,3.3000000000000003,test,synthetic_demo,0.29230227718433993,0.5670879184769735,0.31741551018090564,0.4225603045557053,52.27457514062632,24.098364122250224,extension,49.831583923104986,23.038530545008104
DEMO_027,T01,34,3.4000000000000004,test,synthetic_demo,0.12533116800508862,0.4783510123747797,0.2979257444092976,0.5115291347041643,49.831583923104986,23.038530545008104,extension,47.50000000000001,22.054968283896024
DEMO_027,T01,35,3.5,test,synthetic_demo,0.18469193766558314,0.5112151197378543,0.2661472021054721,0.42552578668933205,47.50000000000001,22.054968283896024,extension,45.30536869268818,21.158453452870347
DEMO_027,T01,36,3.6,test,synthetic_demo,0.22222265076081282,0.5022868293902616,0.25969571696330374,0.39893192229761876,45.30536869268818,21.158453452870347,extension,43.27173484102855,20.35880845602759
DEMO_027,T01,37,3.7,test,synthetic_demo,0.2515326556428762,0.507517947609727,0.23629247746558169,0.41253204386130904,43.27173484102855,20.35880845602759,extension,41.42137936306515,19.66479437128963
DEMO_027,T01,38,3.8000000000000003,test,synthetic_demo,0.24372922311595469,0.4524886248441554,0.25567198580523776,0.4080888257499042,41.42137936306515,19.66479437128963,extension,39.774575140626304,19.084014962200634
DEMO_027,T01,39,3.9000000000000004,test,synthetic_demo,0.21022535028506564,0.40429134457076676,0.3060017107002234,0.36105155093461017,39.774575140626304,19.084014962200634,extension,38.34936490538904,18.6228333695025
DEMO_027,T01,40,4.0,test,synthetic_demo,0.22472306530923267,0.3424370040275313,0.25966040861491324,0.37157998683295757,38.34936490538904,18.6228333695025,extension,37.16136355893498,18.286302395233275
DEMO_027,T01,41,4.1000000000000005,test,synthetic_demo,0.2571257047771324,0.36729900377439806,0.21971987824728484,0.3873241095842105,37.16136355893498,18.286302395233275,extension,36.22358709262116,18.078109143170686
DEMO_027,T01,42,4.2,test,synthetic_demo,0.2282561515295064,0.3359009141052276,0.2174104063913708,0.27066114717304657,36.22358709262116,18.078109143170686,extension,35.54630998165486,18.00053462215157
DEMO_027,T01,43,4.3,test,synthetic_demo,0.22882074265410002,0.24029435536447322,0.2649129876200209,0.2238523805545736,35.54630998165486,18.00053462215157,hold,35.13695261579316,18.05442875486172
DEMO_027,T01,44,4.4,test,synthetic_demo,0.2853886024084554,0.2091274363763109,0.2989899313212567,0.29722808804017087,35.13695261579316,18.05442875486172,hold,35.0,18.2392010659051
DEMO_027,T01,45,4.5,test,synthetic_demo,0.19236246935571766,0.1743375919192754,0.2897004219383318,0.2939020279265997,35.0,18.2392010659051,hold,35.13695261579316,18.552827151175826
DEMO_027,T01,46,4.6000000000000005,test,synthetic_demo,0.2492656503061297,0.21835741060648522,0.3840487651322454,0.26036391077777804,35.13695261579316,18.552827151175826,hold,35.54630998165486,18.991870857653183
DEMO_027,T01,47,4.7,test,synthetic_demo,0.267361917798454,0.14266169250448738,0.35040721392630425,0.2611731957638322,35.54630998165486,18.991870857653183,hold,36.223587092621166,19.55152193061322
DEMO_027,T01,48,4.800000000000001,test,synthetic_demo,0.35746360018467715,0.14109390634680016,0.33958733487038684,0.2433640636562202,36.223587092621166,19.55152193061322,flexion,37.16136355893498,20.225648715786054
DEMO_027,T01,49,4.9,test,synthetic_demo,0.4352293882994461,0.18462379022881167,0.4445444347605674,0.3020932151794245,37.16136355893498,20.225648715786054,flexion,38.34936490538904,21.006865339043237
DEMO_027,T01,50,5.0,test,synthetic_demo,0.4252797414415406,0.24872785891075783,0.37006452693764497,0.32235151240100524,38.34936490538904,21.006865339043237,flexion,39.774575140626325,21.88661262758029
DEMO_027,T01,51,5.1000000000000005,test,synthetic_demo,0.41759289021598966,0.20404255790063666,0.46005406289322953,0.32976192198504456,39.774575140626325,21.88661262758029,flexion,41.421379363065135,22.855251886005014
DEMO_027,T01,52,5.2,test,synthetic_demo,0.5537310803636541,0.21511197518306516,0.48326306701019595,0.2664094962426696,41.421379363065135,22.855251886005014,flexion,43.27173484102855,23.902170499901345
DEMO_027,T01,53,5.300000000000001,test,synthetic_demo,0.5346676692548603,0.20459502161586857,0.4631348892699354,0.22342483053454512,43.27173484102855,23.902170499901345,flexion,45.30536869268816,25.01589820985361
DEMO_027,T01,54,5.4,test,synthetic_demo,0.5203433850242969,0.16655288772593704,0.4316004792828375,0.22289450951905376,45.30536869268816,25.01589820985361,flexion,47.499999999999986,26.184232782009072
DEMO_027,T01,55,5.5,test,synthetic_demo,0.572589725723577,0.232469449288304,0.5388954703989215,0.21757755541162427,47.499999999999986,26.184232782009072,flexion,49.831583923105,27.394373698305476
DEMO_027,T01,56,5.6000000000000005,test,synthetic_demo,0.5908336847937348,0.21738822551282033,0.44224937650257784,0.2950401498909939,49.831583923105,27.394373698305476,flexion,52.27457514062633,28.633062401625605
DEMO_027,T01,57,5.7,test,synthetic_demo,0.5854776344945821,0.262234566511592,0.4970519746324441,0.24972599343311974,52.27457514062633,28.633062401625605,flexion,54.802207729556045,29.886727559323603
DEMO_027,T01,58,5.800000000000001,test,synthetic_demo,0.6111104010509031,0.18500727807746392,0.46552350162827394,0.24690054271420794,54.802207729556045,29.886727559323603,flexion,57.38678841830866,31.141633753585417
DEMO_027,T02,0,0.0,test,synthetic_demo,0.5435640130886866,0.18998746137031375,0.48262812770921926,0.1980222541901579,60.0,32.384031969540736,flexion,62.61321158169134,33.600310232347006
DEMO_027,T02,1,0.1,test,synthetic_demo,0.6029103903996023,0.16467820481182194,0.4635233941439828,0.2410171995181933,62.61321158169134,33.600310232347006,flexion,65.19779227044398,34.77714274283433
DEMO_027,T02,2,0.2,test,synthetic_demo,0.5333276569780516,0.22287322871129228,0.5221815574539856,0.24455895982139253,65.19779227044398,34.77714274283433,flexion,67.72542485937369,35.901635877749776
DEMO_027,T02,3,0.30000000000000004,test,synthetic_demo,0.6234598603269642,0.2118608371120705,0.4640877682561463,0.23160952154180614,67.72542485937369,35.901635877749776,flexion,70.168416076895,36.96146945499189
DEMO_027,T02,4,0.4,test,synthetic_demo,0.6450489305254247,0.1636318857405869,0.3991002286884553,0.2239423346428594,70.168416076895,36.96146945499189,flexion,72.5,37.945031716103976
DEMO_027,T02,5,0.5,test,synthetic_demo,0.5728758536670605,0.18439836973148732,0.44140141320542375,0.205613325735282,72.5,37.945031716103976,flexion,74.69463130731182,38.84154654712965
DEMO_027,T02,6,0.6000000000000001,test,synthetic_demo,0.4899028258115389,0.20111455362436567,0.3426355383078844,0.1705379898633459,74.69463130731182,38.84154654712965,flexion,76.72826515897145,39.64119154397241
DEMO_027,T02,7,0.7000000000000001,test,synthetic_demo,0.5185003589444288,0.22195145570419597,0.4115133133434498,0.32713348916356944,76.72826515897145,39.64119154397241,flexion,78.57862063693486,40.33520562871037
DEMO_027,T02,8,0.8,test,synthetic_demo,0.47408397598652613,0.21865244830488967,0.4176909336924656,0.18864348355000113,78.57862063693486,40.33520562871037,flexion,80.22542485937369,40.91598503779936
DEMO_027,T02,9,0.9,test,synthetic_demo,0.43031969324571556,0.19252635057441325,0.37169120158385244,0.19608739313638918,80.22542485937369,40.91598503779936,flexion,81.65063509461096,41.3771666304975
DEMO_027,T02,10,1.0,test,synthetic_demo,0.4126539010873727,0.19370467752324302,0.36454733897525127,0.2589642466030088,81.65063509461096,41.3771666304975,flexion,82.83863644106502,41.71369760476672
DEMO_027,T02,11,1.1,test,synthetic_demo,0.37925567791110953,0.30902277310445736,0.37685748130958735,0.2610333183815387,82.83863644106502,41.71369760476672,flexion,83.77641290737884,41.921890856829314
DEMO_027,T02,12,1.2000000000000002,test,synthetic_demo,0.3656671699311846,0.20102941625753828,0.30349730260153607,0.23777245607812397,83.77641290737884,41.921890856829314,flexion,84.45369001834514,41.99946537784843
DEMO_027,T02,13,1.3,test,synthetic_demo,0.34274383936702113,0.23888264365198303,0.2121710243393246,0.18911909549887707,84.45369001834514,41.99946537784843,hold,84.86304738420684,41.94557124513828
DEMO_027,T02,14,1.4000000000000001,test,synthetic_demo,0.24127914655397467,0.22968688007980625,0.24500604943840942,0.26250753969130053,84.86304738420684,41.94557124513828,hold,85.0,41.7607989340949
DEMO_027,T02,15,1.5,test,synthetic_demo,0.19812069396860277,0.2219575083654671,0.2815100643745353,0.2531400561977812,85.0,41.7607989340949,hold,84.86304738420684,41.44717284882418
DEMO_027,T02,16,1.6,test,synthetic_demo,0.24818518213308866,0.17476491252546855,0.30778851229135873,0.32139571833392877,84.86304738420684,41.44717284882418,hold,84.45369001834514,41.00812914234682
DEMO_027,T02,17,1.7000000000000002,test,synthetic_demo,0.16395681148920424,0.3286219681876747,0.29482727479109405,0.34879374231357574,84.45369001834514,41.00812914234682,hold,83.77641290737884,40.44847806938679
DEMO_027,T02,18,1.8,test,synthetic_demo,0.2405992905976533,0.3592880450590723,0.3161725592047538,0.39466421065950563,83.77641290737884,40.44847806938679,extension,82.83863644106502,39.77435128421395
DEMO_027,T02,19,1.9000000000000001,test,synthetic_demo,0.20158431632379453,0.316954619338712,0.2448153904252616,0.3944503261693768,82.83863644106502,39.77435128421395,extension,81.65063509461098,38.99313466095676
DEMO_027,T02,20,2.0,test,synthetic_demo,0.3206884062243027,0.3434974467005091,0.2930500356238647,0.3746017126881324,81.65063509461098,38.99313466095676,extension,80.22542485937369,38.113387372419716
DEMO_027,T02,21,2.1,test,synthetic_demo,0.1669727149574252,0.41559868533210387,0.26670721225780547,0.43872416189108593,80.22542485937369,38.113387372419716,extension,78.57862063693486,37.14474811399498
DEMO_027,T02,22,2.2,test,synthetic_demo,0.23924266506702446,0.48077777065172134,0.18282143820235477,0.5069740759753698,78.57862063693486,37.14474811399498,extension,76.72826515897145,36.097829500098655
DEMO_027,T02,23,2.3000000000000003,test,synthetic_demo,0.27930828265745405,0.4835031069715647,0.29657168186598726,0.4757884553121276,76.72826515897145,36.097829500098655,extension,74.69463130731182,34.98410179014638
DEMO_027,T02,24,2.4000000000000004,test,synthetic_demo,0.18855221024286645,0.5000334201141748,0.20533473696250243,0.5181863862543721,74.69463130731182,34.98410179014638,extension,72.5,33.815767217990924
DEMO_027,T02,25,2.5,test,synthetic_demo,0.2274402670860819,0.4785656884244524,0.24783623413204722,0.4764145091045442,72.5,33.815767217990924,extension,70.16841607689501,32.60562630169453
DEMO_027,T02,26,2.6,test,synthetic_demo,0.2094281866129731,0.5130394796445288,0.2533901032384661,0.4615270442265595,70.16841607689501,32.60562630169453,extension,67.72542485937369,31.366937598374406
DEMO_027,T02,27,2.7,test,synthetic_demo,0.1627679164287535,0.5264137991834649,0.2469113153548122,0.4756399229855942,67.72542485937369,31.366937598374406,extension,65.19779227044398,30.11327244067641
DEMO_027,T02,28,2.8000000000000003,test,synthetic_demo,0.24336351963985442,0.5369201985302241,0.28473276672266684,0.5483440492462915,65.19779227044398,30.11327244067641,extension,62.613211581691324,28.85836624641458
DEMO_027,T02,29,2.9000000000000004,test,synthetic_demo,0.2631888078817909,0.528897809356008,0.29780556289340276,0.49906658374066615,62.613211581691324,28.85836624641458,extension,60.0,27.615968030459264
DEMO_027,T02,30,3.0,test,synthetic_demo,0.2719157273233752,0.5455336902654907,0.25229698986856325,0.45656973598662454,60.0,27.615968030459264,extension,57.38678841830866,26.39968976765299
DEMO_027,T02,31,3.1,test,synthetic_demo,0.2517478883033195,0.5897903482873925,0.3002664846970368,0.4717835605061879,57.38678841830866,26.39968976765299,extension,54.802207729556024,25.22285725716567
DEMO_027,T02,32,3.2,test,synthetic_demo,0.2404854859273075,0.6224744408371411,0.20722674012177358,0.5843959312804305,54.802207729556024,25.22285725716567,extension,52.27457514062632,24.098364122250224
DEMO_027,T02,33,3.3000000000000003,test,synthetic_demo,0.22077383868337,0.556600428720368,0.3016894641839251,0.5373705735127515,52.27457514062632,24.098364122250224,extension,49.831583923104986,23.038530545008104
DEMO_027,T02,34,3.4000000000000004,test,synthetic_demo,0.16753393412849413,0.5046142160343693,0.23895467594734898,0.44996828767381564,49.831583923104986,23.038530545008104,extension,47.50000000000001,22.054968283896024
DEMO_027,T02,35,3.5,test,synthetic_demo,0.2637201671297309,0.611850125759344,0.24146562831512633,0.43712370900283415,47.50000000000001,22.054968283896024,extension,45.30536869268818,21.158453452870347
DEMO_027,T02,36,3.6,test,synthetic_demo,0.2077009602488198,0.4827326366792173,0.21018777128665456,0.38051250103513556,45.30536869268818,21.158453452870347,extension,43.27173484102855,20.35880845602759
DEMO_027,T02,37,3.7,test,synthetic_demo,0.19660758804015768,0.38145722070819676,0.3026183815761076,0.3957200474794573,43.27173484102855,20.35880845602759,extension,41.42137936306515,19.66479437128963
DEMO_027,T02,38,3.8000000000000003,test,synthetic_demo,0.20638882787504387,0.4535480730397427,0.2300300926564115,0.44347884222333966,41.42137936306515,19.66479437128963,extension,39.774575140626304,19.084014962200634
DEMO_027,T02,39,3.9000000000000004,test,synthetic_demo,0.2105174154845524,0.4175734263737302,0.33834133958258317,0.24806050861251505,39.774575140626304,19.084014962200634,extension,38.34936490538904,18.6228333695025
DEMO_027,T02,40,4.0,test,synthetic_demo,0.18708893532788715,0.3639187076692903,0.20888886998624734,0.30236920504624853,38.34936490538904,18.6228333695025,extension,37.16136355893498,18.286302395233275
DEMO_027,T02,41,4.1000000000000005,test,synthetic_demo,0.23037064780504782,0.35574538982016857,0.21717570036711775,0.30100121270915126,37.16136355893498,18.286302395233275,extension,36.22358709262116,18.078109143170686
DEMO_027,T02,42,4.2,test,synthetic_demo,0.24251809623875348,0.24896395336565216,0.2648668884676238,0.2723727944684386,36.22358709262116,18.078109143170686,extension,35.54630998165486,18.00053462215157
DEMO_027,T02,43,4.3,test,synthetic_demo,0.1998534958863421,0.32357688492634945,0.2505072977216456,0.2667212508397703,35.54630998165486,18.00053462215157,hold,35.13695261579316,18.05442875486172
DEMO_027,T02,44,4.4,test,synthetic_demo,0.15054124385257306,0.2499675778349665,0.3318648852760554,0.2789101923860172,35.13695261579316,18.05442875486172,hold,35.0,18.2392010659051
DEMO_027,T02,45,4.5,test,synthetic_demo,0.30218955259179703,0.2908205130271025,0.2977681656445184,0.24302514885835613,35.0,18.2392010659051,hold,35.13695261579316,18.552827151175826
DEMO_027,T02,46,4.6000000000000005,test,synthetic_demo,0.26560449196515856,0.2450050996119397,0.3465383700199467,0.31675170648664974,35.13695261579316,18.552827151175826,hold,35.54630998165486,18.991870857653183
DEMO_027,T02,47,4.7,test,synthetic_demo,0.30808114038303525,0.19392387119481405,0.30026231881790294,0.18430723104420627,35.54630998165486,18.991870857653183,hold,36.223587092621166,19.55152193061322
DEMO_027,T02,48,4.800000000000001,test,synthetic_demo,0.3766112930646017,0.16929149467845658,0.33731752301808937,0.27874009423774954,36.223587092621166,19.55152193061322,flexion,37.16136355893498,20.225648715786054
DEMO_027,T02,49,4.9,test,synthetic_demo,0.3679948562019401,0.2620815027761113,0.3342368956867487,0.21426976109380702,37.16136355893498,20.225648715786054,flexion,38.34936490538904,21.006865339043237
DEMO_027,T02,50,5.0,test,synthetic_demo,0.4402744457747052,0.21611930006502722,0.4512450946717955,0.24219712934152093,38.34936490538904,21.006865339043237,flexion,39.774575140626325,21.88661262758029
DEMO_027,T02,51,5.1000000000000005,test,synthetic_demo,0.42982538000099657,0.1569840789240085,0.49709282015159234,0.27744735144704197,39.774575140626325,21.88661262758029,flexion,41.421379363065135,22.855251886005014
DEMO_027,T02,52,5.2,test,synthetic_demo,0.5046403692101065,0.1855032051988578,0.43737454588875063,0.24557255827962346,41.421379363065135,22.855251886005014,flexion,43.27173484102855,23.902170499901345
DEMO_027,T02,53,5.300000000000001,test,synthetic_demo,0.4705024875771913,0.24894920428327025,0.4639990479835963,0.2721307913777724,43.27173484102855,23.902170499901345,flexion,45.30536869268816,25.01589820985361
DEMO_027,T02,54,5.4,test,synthetic_demo,0.5018696713235689,0.23023870354494458,0.4772068715358842,0.24560392777274556,45.30536869268816,25.01589820985361,flexion,47.499999999999986,26.184232782009072
DEMO_027,T02,55,5.5,test,synthetic_demo,0.5117326395430958,0.22448174181748842,0.5170000498938636,0.2589945337054884,47.499999999999986,26.184232782009072,flexion,49.831583923105,27.394373698305476
DEMO_027,T02,56,5.6000000000000005,test,synthetic_demo,0.6142256326421774,0.16016386340196637,0.47379457747077536,0.23554714944775332,49.831583923105,27.394373698305476,flexion,52.27457514062633,28.633062401625605
DEMO_027,T02,57,5.7,test,synthetic_demo,0.6212324623459297,0.15268684969298374,0.4495366738655999,0.25318315359868016,52.27457514062633,28.633062401625605,flexion,54.802207729556045,29.886727559323603
DEMO_027,T02,58,5.800000000000001,test,synthetic_demo,0.6294406572156638,0.18122657543707202,0.5357005395287994,0.2491345778593737,54.802207729556045,29.886727559323603,flexion,57.38678841830866,31.141633753585417
DEMO_027,T03,0,0.0,test,synthetic_demo,0.5785261896246137,0.14869155775368123,0.5280043809637455,0.25080099474960044,60.0,32.384031969540736,flexion,62.61321158169134,33.600310232347006
DEMO_027,T03,1,0.1,test,synthetic_demo,0.5562124044722758,0.1833452778864811,0.4956186605594958,0.29597630040331324,62.61321158169134,33.600310232347006,flexion,65.19779227044398,34.77714274283433
DEMO_027,T03,2,0.2,test,synthetic_demo,0.5464425377722969,0.237078489274945,0.4496537926347205,0.2823577815425092,65.19779227044398,34.77714274283433,flexion,67.72542485937369,35.901635877749776
DEMO_027,T03,3,0.30000000000000004,test,synthetic_demo,0.5357333486922436,0.18448629263348273,0.4563831931149562,0.2289632430271915,67.72542485937369,35.901635877749776,flexion,70.168416076895,36.96146945499189
DEMO_027,T03,4,0.4,test,synthetic_demo,0.5817345321339917,0.21567390437128375,0.44123100617398214,0.23966685915455227,70.168416076895,36.96146945499189,flexion,72.5,37.945031716103976
DEMO_027,T03,5,0.5,test,synthetic_demo,0.5723713487838371,0.2174986178697273,0.44602179262678937,0.2872969218545809,72.5,37.945031716103976,flexion,74.69463130731182,38.84154654712965
DEMO_027,T03,6,0.6000000000000001,test,synthetic_demo,0.5817879380506551,0.16208958826319944,0.4087390863311449,0.2519077439896411,74.69463130731182,38.84154654712965,flexion,76.72826515897145,39.64119154397241
DEMO_027,T03,7,0.7000000000000001,test,synthetic_demo,0.5232954491015,0.20139895580174805,0.4681720947580148,0.2829504793734126,76.72826515897145,39.64119154397241,flexion,78.57862063693486,40.33520562871037
DEMO_027,T03,8,0.8,test,synthetic_demo,0.4979683700056391,0.2035243792696472,0.4353849190600395,0.26635773708609417,78.57862063693486,40.33520562871037,flexion,80.22542485937369,40.91598503779936
DEMO_027,T03,9,0.9,test,synthetic_demo,0.4979290612709614,0.21087220881209437,0.362816180276978,0.26321282404146334,80.22542485937369,40.91598503779936,flexion,81.65063509461096,41.3771666304975
DEMO_027,T03,10,1.0,test,synthetic_demo,0.4120294914348705,0.1814042211624592,0.3726977872074472,0.26605032641872195,81.65063509461096,41.3771666304975,flexion,82.83863644106502,41.71369760476672
DEMO_027,T03,11,1.1,test,synthetic_demo,0.4158891727409345,0.19580674149482907,0.26297032654453945,0.2743883423635396,82.83863644106502,41.71369760476672,flexion,83.77641290737884,41.921890856829314
DEMO_027,T03,12,1.2000000000000002,test,synthetic_demo,0.2812607926338993,0.1455596165648746,0.2736873938402583,0.22850690532587373,83.77641290737884,41.921890856829314,flexion,84.45369001834514,41.99946537784843
DEMO_027,T03,13,1.3,test,synthetic_demo,0.29200818333006595,0.21751928318696423,0.21329674069401133,0.21461209226533845,84.45369001834514,41.99946537784843,hold,84.86304738420684,41.94557124513828
DEMO_027,T03,14,1.4000000000000001,test,synthetic_demo,0.21581987435445157,0.18903679608309745,0.28745039437940073,0.3152557024492489,84.86304738420684,41.94557124513828,hold,85.0,41.7607989340949
DEMO_027,T03,15,1.5,test,synthetic_demo,0.2776337356006135,0.21321939395928208,0.26608210209420924,0.320905083786666,85.0,41.7607989340949,hold,84.86304738420684,41.44717284882418
DEMO_027,T03,16,1.6,test,synthetic_demo,0.18697822829566751,0.25999636967440376,0.33051021305717593,0.3477633378262763,84.86304738420684,41.44717284882418,hold,84.45369001834514,41.00812914234682
DEMO_027,T03,17,1.7000000000000002,test,synthetic_demo,0.21229693921664752,0.2807439226819928,0.27310700988107456,0.3653761584654521,84.45369001834514,41.00812914234682,hold,83.77641290737884,40.44847806938679
DEMO_027,T03,18,1.8,test,synthetic_demo,0.2378356329452339,0.26370263727307197,0.30123363636789735,0.34127262088647126,83.77641290737884,40.44847806938679,extension,82.83863644106502,39.77435128421395
DEMO_027,T03,19,1.9000000000000001,test,synthetic_demo,0.34124751499226713,0.3474912921793031,0.27607716664593174,0.42054680844950526,82.83863644106502,39.77435128421395,extension,81.65063509461098,38.99313466095676
DEMO_027,T03,20,2.0,test,synthetic_demo,0.18753688907897792,0.36060176008027767,0.24720389548728347,0.3644649259654118,81.65063509461098,38.99313466095676,extension,80.22542485937369,38.113387372419716
DEMO_027,T03,21,2.1,test,synthetic_demo,0.2445291616279151,0.41766912882832746,0.2591197283916057,0.4198580029274803,80.22542485937369,38.113387372419716,extension,78.57862063693486,37.14474811399498
DEMO_027,T03,22,2.2,test,synthetic_demo,0.2588462651792676,0.4951106445535452,0.2859549052669994,0.4051240545059882,78.57862063693486,37.14474811399498,extension,76.72826515897145,36.097829500098655
DEMO_027,T03,23,2.3000000000000003,test,synthetic_demo,0.25918101832286633,0.4041004668066907,0.19441632991300667,0.47521774269590905,76.72826515897145,36.097829500098655,extension,74.69463130731182,34.98410179014638
DEMO_027,T03,24,2.4000000000000004,test,synthetic_demo,0.1578477136151795,0.492837019356708,0.25419706331871605,0.5026812755800867,74.69463130731182,34.98410179014638,extension,72.5,33.815767217990924
DEMO_027,T03,25,2.5,test,synthetic_demo,0.16771927931309344,0.5245990535130385,0.29936651814527615,0.4734923208761367,72.5,33.815767217990924,extension,70.16841607689501,32.60562630169453
DEMO_027,T03,26,2.6,test,synthetic_demo,0.2461060299855753,0.48469272287222037,0.24951958060377905,0.5632820604925319,70.16841607689501,32.60562630169453,extension,67.72542485937369,31.366937598374406
DEMO_027,T03,27,2.7,test,synthetic_demo,0.2400611476899071,0.5992368842819028,0.2713056285077376,0.48839351439103385,67.72542485937369,31.366937598374406,extension,65.19779227044398,30.11327244067641
DEMO_027,T03,28,2.8000000000000003,test,synthetic_demo,0.211732165361984,0.5279964766988005,0.1755738702151181,0.49830809858281067,65.19779227044398,30.11327244067641,extension,62.613211581691324,28.85836624641458
DEMO_027,T03,29,2.9000000000000004,test,synthetic_demo,0.2037262758602037,0.5509656190964216,0.26053422431692225,0.535517408689606,62.613211581691324,28.85836624641458,extension,60.0,27.615968030459264
DEMO_027,T03,30,3.0,test,synthetic_demo,0.24158963185936938,0.5180845796391944,0.27367406986198217,0.42856727747473355,60.0,27.615968030459264,extension,57.38678841830866,26.39968976765299
DEMO_027,T03,31,3.1,test,synthetic_demo,0.15006270772712466,0.5128444292321899,0.2885066528811887,0.4605575105960623,57.38678841830866,26.39968976765299,extension,54.802207729556024,25.22285725716567
DEMO_027,T03,32,3.2,test,synthetic_demo,0.2097421859550122,0.5706438093426371,0.2864688531699416,0.52619488709515,54.802207729556024,25.22285725716567,extension,52.27457514062632,24.098364122250224
DEMO_027,T03,33,3.3000000000000003,test,synthetic_demo,0.19097976532450373,0.5625028527190528,0.22493779542428524,0.44498403409899595,52.27457514062632,24.098364122250224,extension,49.831583923104986,23.038530545008104
DEMO_027,T03,34,3.4000000000000004,test,synthetic_demo,0.2254636060868139,0.5297283561148715,0.22449148758845097,0.43181560659225565,49.831583923104986,23.038530545008104,extension,47.50000000000001,22.054968283896024
DEMO_027,T03,35,3.5,test,synthetic_demo,0.2874350333977986,0.5329671721355486,0.3030754144586667,0.47729459174271477,47.50000000000001,22.054968283896024,extension,45.30536869268818,21.158453452870347
DEMO_027,T03,36,3.6,test,synthetic_demo,0.2494867057960236,0.44561894480508096,0.22396529015787758,0.41871915688493827,45.30536869268818,21.158453452870347,extension,43.27173484102855,20.35880845602759
DEMO_027,T03,37,3.7,test,synthetic_demo,0.2622703645508327,0.5049943845533226,0.26936245765572836,0.43833732172082546,43.27173484102855,20.35880845602759,extension,41.42137936306515,19.66479437128963
DEMO_027,T03,38,3.8000000000000003,test,synthetic_demo,0.22610869243826104,0.4899271493675046,0.248385347521345,0.3322575876532133,41.42137936306515,19.66479437128963,extension,39.774575140626304,19.084014962200634
DEMO_027,T03,39,3.9000000000000004,test,synthetic_demo,0.16119331693475125,0.36634479512265383,0.23467010109300457,0.331335477811861,39.774575140626304,19.084014962200634,extension,38.34936490538904,18.6228333695025
DEMO_027,T03,40,4.0,test,synthetic_demo,0.23524617016308014,0.32088022579154263,0.23812315897974745,0.30209745096498386,38.34936490538904,18.6228333695025,extension,37.16136355893498,18.286302395233275
DEMO_027,T03,41,4.1000000000000005,test,synthetic_demo,0.1616732949883205,0.3115023298812476,0.2501410152229818,0.28014484368817616,37.16136355893498,18.286302395233275,extension,36.22358709262116,18.078109143170686
DEMO_027,T03,42,4.2,test,synthetic_demo,0.27274957437186786,0.35609374285693723,0.2666085812371973,0.32014960469881276,36.22358709262116,18.078109143170686,extension,35.54630998165486,18.00053462215157
DEMO_027,T03,43,4.3,test,synthetic_demo,0.19019741906173618,0.2760933300385799,0.28968614399460696,0.25253906132823833,35.54630998165486,18.00053462215157,hold,35.13695261579316,18.05442875486172
DEMO_027,T03,44,4.4,test,synthetic_demo,0.26694732085460443,0.265530113610571,0.21543961132726952,0.2671184862641617,35.13695261579316,18.05442875486172,hold,35.0,18.2392010659051
DEMO_027,T03,45,4.5,test,synthetic_demo,0.18592790744311777,0.17607043904594338,0.32063623153803983,0.3214679292240973,35.0,18.2392010659051,hold,35.13695261579316,18.552827151175826
DEMO_027,T03,46,4.6000000000000005,test,synthetic_demo,0.34563773921980456,0.18728447107595894,0.3197236441472886,0.20389164233121843,35.13695261579316,18.552827151175826,hold,35.54630998165486,18.991870857653183
DEMO_027,T03,47,4.7,test,synthetic_demo,0.2509534029783338,0.1895584461361208,0.3827415442107903,0.23621418801367186,35.54630998165486,18.991870857653183,hold,36.223587092621166,19.55152193061322
DEMO_027,T03,48,4.800000000000001,test,synthetic_demo,0.3748669763413944,0.2102701770299346,0.4185359537854214,0.22110003567512865,36.223587092621166,19.55152193061322,flexion,37.16136355893498,20.225648715786054
DEMO_027,T03,49,4.9,test,synthetic_demo,0.3425838155358513,0.17141411113805582,0.43526866272090664,0.2610646953776331,37.16136355893498,20.225648715786054,flexion,38.34936490538904,21.006865339043237
DEMO_027,T03,50,5.0,test,synthetic_demo,0.32851429484839945,0.1869998340200464,0.4312971899894596,0.2781989350378082,38.34936490538904,21.006865339043237,flexion,39.774575140626325,21.88661262758029
DEMO_027,T03,51,5.1000000000000005,test,synthetic_demo,0.40325987947300573,0.22357892595881534,0.4486540150558363,0.2617452511820344,39.774575140626325,21.88661262758029,flexion,41.421379363065135,22.855251886005014
DEMO_027,T03,52,5.2,test,synthetic_demo,0.43246780100495624,0.18414498960895004,0.45717278074950607,0.26327298717092035,41.421379363065135,22.855251886005014,flexion,43.27173484102855,23.902170499901345
DEMO_027,T03,53,5.300000000000001,test,synthetic_demo,0.5569214573374851,0.21184395988712684,0.500399640557558,0.23326327641752573,43.27173484102855,23.902170499901345,flexion,45.30536869268816,25.01589820985361
DEMO_027,T03,54,5.4,test,synthetic_demo,0.5223540534101188,0.1993927654894293,0.5146956371539636,0.23273154660204273,45.30536869268816,25.01589820985361,flexion,47.499999999999986,26.184232782009072
DEMO_027,T03,55,5.5,test,synthetic_demo,0.5049441141627383,0.19946122585731688,0.48082518514250244,0.2446357725673456,47.499999999999986,26.184232782009072,flexion,49.831583923105,27.394373698305476
DEMO_027,T03,56,5.6000000000000005,test,synthetic_demo,0.5887231049898528,0.15752246387354532,0.4719334496808232,0.22760798183742076,49.831583923105,27.394373698305476,flexion,52.27457514062633,28.633062401625605
DEMO_027,T03,57,5.7,test,synthetic_demo,0.626634965716942,0.1891668870318141,0.5021509584149856,0.24853311778904305,52.27457514062633,28.633062401625605,flexion,54.802207729556045,29.886727559323603
DEMO_027,T03,58,5.800000000000001,test,synthetic_demo,0.6469198998895287,0.18768383707175895,0.5754456188986582,0.2607814251944744,54.802207729556045,29.886727559323603,flexion,57.38678841830866,31.141633753585417
